2025-01-10 01:18:13,219 [Worker-5: Loading available Gradle versions] INFO  o.e.b.c.i.u.g.PublishedGradleVersions - Gradle version information cache is not available. Remote download required.
2025-01-10 01:21:49,111 [Worker-2: Creating project "Test-Project"] INFO  o.e.m.c.i.e.AbstractTransferListenerAdapter - Downloading https://repo.maven.apache.org/maven2/org/apache/maven/plugins/maven-resources-plugin/3.3.1/maven-resources-plugin-3.3.1.jar
2025-01-10 01:21:49,138 [Worker-2: Creating project "Test-Project"] INFO  o.e.m.c.i.e.AbstractTransferListenerAdapter - Downloaded https://repo.maven.apache.org/maven2/org/apache/maven/plugins/maven-resources-plugin/3.3.1/maven-resources-plugin-3.3.1.jar
2025-01-10 01:21:49,173 [Worker-2: Creating project "Test-Project"] INFO  o.e.m.c.i.e.AbstractTransferListenerAdapter - Downloading https://repo.maven.apache.org/maven2/org/apache/maven/plugins/maven-compiler-plugin/3.13.0/maven-compiler-plugin-3.13.0.jar
2025-01-10 01:21:49,208 [Worker-2: Creating project "Test-Project"] INFO  o.e.m.c.i.e.AbstractTransferListenerAdapter - Downloaded https://repo.maven.apache.org/maven2/org/apache/maven/plugins/maven-compiler-plugin/3.13.0/maven-compiler-plugin-3.13.0.jar
2025-01-10 01:21:49,245 [Worker-2: Creating project "Test-Project"] INFO  o.e.m.c.i.e.AbstractTransferListenerAdapter - Downloading https://repo.maven.apache.org/maven2/org/apache/maven/plugins/maven-surefire-plugin/3.2.5/maven-surefire-plugin-3.2.5.jar
2025-01-10 01:21:49,260 [Worker-2: Creating project "Test-Project"] INFO  o.e.m.c.i.e.AbstractTransferListenerAdapter - Downloaded https://repo.maven.apache.org/maven2/org/apache/maven/plugins/maven-surefire-plugin/3.2.5/maven-surefire-plugin-3.2.5.jar
2025-01-10 01:21:49,292 [Worker-2: Creating project "Test-Project"] INFO  o.e.m.c.i.e.AbstractTransferListenerAdapter - Downloading https://repo.maven.apache.org/maven2/org/apache/maven/plugins/maven-jar-plugin/3.4.1/maven-jar-plugin-3.4.1.jar
2025-01-10 01:21:49,301 [Worker-2: Creating project "Test-Project"] INFO  o.e.m.c.i.e.AbstractTransferListenerAdapter - Downloaded https://repo.maven.apache.org/maven2/org/apache/maven/plugins/maven-jar-plugin/3.4.1/maven-jar-plugin-3.4.1.jar
2025-01-10 01:21:49,333 [Worker-2: Creating project "Test-Project"] INFO  o.e.m.c.i.e.AbstractTransferListenerAdapter - Downloading https://repo.maven.apache.org/maven2/org/apache/maven/plugins/maven-install-plugin/3.1.2/maven-install-plugin-3.1.2.jar
2025-01-10 01:21:49,342 [Worker-2: Creating project "Test-Project"] INFO  o.e.m.c.i.e.AbstractTransferListenerAdapter - Downloaded https://repo.maven.apache.org/maven2/org/apache/maven/plugins/maven-install-plugin/3.1.2/maven-install-plugin-3.1.2.jar
2025-01-10 01:21:49,381 [Worker-2: Creating project "Test-Project"] INFO  o.e.m.c.i.e.AbstractTransferListenerAdapter - Downloading https://repo.maven.apache.org/maven2/org/apache/maven/plugins/maven-deploy-plugin/3.1.2/maven-deploy-plugin-3.1.2.jar
2025-01-10 01:21:49,392 [Worker-2: Creating project "Test-Project"] INFO  o.e.m.c.i.e.AbstractTransferListenerAdapter - Downloaded https://repo.maven.apache.org/maven2/org/apache/maven/plugins/maven-deploy-plugin/3.1.2/maven-deploy-plugin-3.1.2.jar
2025-01-10 01:21:49,427 [Worker-2: Creating project "Test-Project"] INFO  o.e.m.c.i.e.AbstractTransferListenerAdapter - Downloading https://repo.maven.apache.org/maven2/org/apache/maven/plugins/maven-site-plugin/3.12.1/maven-site-plugin-3.12.1.jar
2025-01-10 01:21:49,458 [Worker-2: Creating project "Test-Project"] INFO  o.e.m.c.i.e.AbstractTransferListenerAdapter - Downloaded https://repo.maven.apache.org/maven2/org/apache/maven/plugins/maven-site-plugin/3.12.1/maven-site-plugin-3.12.1.jar
2025-01-10 01:21:49,501 [Worker-2: Creating project "Test-Project"] INFO  o.e.m.c.i.e.AbstractTransferListenerAdapter - Downloading https://repo.maven.apache.org/maven2/org/apache/maven/plugins/maven-compiler-plugin/3.13.0/maven-compiler-plugin-3.13.0.pom
2025-01-10 01:21:49,509 [Worker-2: Creating project "Test-Project"] INFO  o.e.m.c.i.e.AbstractTransferListenerAdapter - Downloaded https://repo.maven.apache.org/maven2/org/apache/maven/plugins/maven-compiler-plugin/3.13.0/maven-compiler-plugin-3.13.0.pom
2025-01-10 01:21:49,548 [Worker-2: Creating project "Test-Project"] INFO  o.e.m.c.i.e.AbstractTransferListenerAdapter - Downloading https://repo.maven.apache.org/maven2/org/apache/maven/plugins/maven-plugins/41/maven-plugins-41.pom
2025-01-10 01:21:49,555 [Worker-2: Creating project "Test-Project"] INFO  o.e.m.c.i.e.AbstractTransferListenerAdapter - Downloaded https://repo.maven.apache.org/maven2/org/apache/maven/plugins/maven-plugins/41/maven-plugins-41.pom
2025-01-10 01:21:49,588 [Worker-2: Creating project "Test-Project"] INFO  o.e.m.c.i.e.AbstractTransferListenerAdapter - Downloading https://repo.maven.apache.org/maven2/org/apache/maven/maven-parent/41/maven-parent-41.pom
2025-01-10 01:21:49,607 [Worker-2: Creating project "Test-Project"] INFO  o.e.m.c.i.e.AbstractTransferListenerAdapter - Downloaded https://repo.maven.apache.org/maven2/org/apache/maven/maven-parent/41/maven-parent-41.pom
2025-01-10 01:21:49,643 [Worker-2: Creating project "Test-Project"] INFO  o.e.m.c.i.e.AbstractTransferListenerAdapter - Downloading https://repo.maven.apache.org/maven2/org/apache/apache/31/apache-31.pom
2025-01-10 01:21:49,654 [Worker-2: Creating project "Test-Project"] INFO  o.e.m.c.i.e.AbstractTransferListenerAdapter - Downloaded https://repo.maven.apache.org/maven2/org/apache/apache/31/apache-31.pom
2025-01-10 01:21:49,734 [Worker-2: Creating project "Test-Project"] INFO  o.e.m.c.i.e.AbstractTransferListenerAdapter - Downloading https://repo.maven.apache.org/maven2/org/apache/maven/shared/maven-shared-utils/3.4.2/maven-shared-utils-3.4.2.pom
2025-01-10 01:21:49,741 [Worker-2: Creating project "Test-Project"] INFO  o.e.m.c.i.e.AbstractTransferListenerAdapter - Downloaded https://repo.maven.apache.org/maven2/org/apache/maven/shared/maven-shared-utils/3.4.2/maven-shared-utils-3.4.2.pom
2025-01-10 01:21:49,771 [Worker-2: Creating project "Test-Project"] INFO  o.e.m.c.i.e.AbstractTransferListenerAdapter - Downloading https://repo.maven.apache.org/maven2/org/apache/maven/shared/maven-shared-components/39/maven-shared-components-39.pom
2025-01-10 01:21:49,782 [Worker-2: Creating project "Test-Project"] INFO  o.e.m.c.i.e.AbstractTransferListenerAdapter - Downloaded https://repo.maven.apache.org/maven2/org/apache/maven/shared/maven-shared-components/39/maven-shared-components-39.pom
2025-01-10 01:21:49,811 [Worker-2: Creating project "Test-Project"] INFO  o.e.m.c.i.e.AbstractTransferListenerAdapter - Downloading https://repo.maven.apache.org/maven2/org/apache/maven/maven-parent/39/maven-parent-39.pom
2025-01-10 01:21:49,827 [Worker-2: Creating project "Test-Project"] INFO  o.e.m.c.i.e.AbstractTransferListenerAdapter - Downloaded https://repo.maven.apache.org/maven2/org/apache/maven/maven-parent/39/maven-parent-39.pom
2025-01-10 01:21:49,857 [Worker-2: Creating project "Test-Project"] INFO  o.e.m.c.i.e.AbstractTransferListenerAdapter - Downloading https://repo.maven.apache.org/maven2/org/apache/apache/29/apache-29.pom
2025-01-10 01:21:49,867 [Worker-2: Creating project "Test-Project"] INFO  o.e.m.c.i.e.AbstractTransferListenerAdapter - Downloaded https://repo.maven.apache.org/maven2/org/apache/apache/29/apache-29.pom
2025-01-10 01:21:49,946 [Worker-2: Creating project "Test-Project"] INFO  o.e.m.c.i.e.AbstractTransferListenerAdapter - Downloading https://repo.maven.apache.org/maven2/org/codehaus/plexus/plexus-java/1.2.0/plexus-java-1.2.0.pom
2025-01-10 01:21:49,953 [Worker-2: Creating project "Test-Project"] INFO  o.e.m.c.i.e.AbstractTransferListenerAdapter - Downloaded https://repo.maven.apache.org/maven2/org/codehaus/plexus/plexus-java/1.2.0/plexus-java-1.2.0.pom
2025-01-10 01:21:49,987 [Worker-2: Creating project "Test-Project"] INFO  o.e.m.c.i.e.AbstractTransferListenerAdapter - Downloading https://repo.maven.apache.org/maven2/org/codehaus/plexus/plexus-languages/1.2.0/plexus-languages-1.2.0.pom
2025-01-10 01:21:49,994 [Worker-2: Creating project "Test-Project"] INFO  o.e.m.c.i.e.AbstractTransferListenerAdapter - Downloaded https://repo.maven.apache.org/maven2/org/codehaus/plexus/plexus-languages/1.2.0/plexus-languages-1.2.0.pom
2025-01-10 01:21:50,026 [Worker-2: Creating project "Test-Project"] INFO  o.e.m.c.i.e.AbstractTransferListenerAdapter - Downloading https://repo.maven.apache.org/maven2/org/codehaus/plexus/plexus/15/plexus-15.pom
2025-01-10 01:21:50,037 [Worker-2: Creating project "Test-Project"] INFO  o.e.m.c.i.e.AbstractTransferListenerAdapter - Downloaded https://repo.maven.apache.org/maven2/org/codehaus/plexus/plexus/15/plexus-15.pom
2025-01-10 01:21:50,071 [Worker-2: Creating project "Test-Project"] INFO  o.e.m.c.i.e.AbstractTransferListenerAdapter - Downloading https://repo.maven.apache.org/maven2/org/junit/junit-bom/5.10.0/junit-bom-5.10.0.pom
2025-01-10 01:21:50,079 [Worker-2: Creating project "Test-Project"] INFO  o.e.m.c.i.e.AbstractTransferListenerAdapter - Downloaded https://repo.maven.apache.org/maven2/org/junit/junit-bom/5.10.0/junit-bom-5.10.0.pom
2025-01-10 01:21:50,108 [Worker-2: Creating project "Test-Project"] INFO  o.e.m.c.i.e.AbstractTransferListenerAdapter - Downloading https://repo.maven.apache.org/maven2/org/ow2/asm/asm/9.6/asm-9.6.pom
2025-01-10 01:21:50,116 [Worker-2: Creating project "Test-Project"] INFO  o.e.m.c.i.e.AbstractTransferListenerAdapter - Downloaded https://repo.maven.apache.org/maven2/org/ow2/asm/asm/9.6/asm-9.6.pom
2025-01-10 01:21:50,146 [Worker-2: Creating project "Test-Project"] INFO  o.e.m.c.i.e.AbstractTransferListenerAdapter - Downloading https://repo.maven.apache.org/maven2/org/ow2/ow2/1.5.1/ow2-1.5.1.pom
2025-01-10 01:21:50,154 [Worker-2: Creating project "Test-Project"] INFO  o.e.m.c.i.e.AbstractTransferListenerAdapter - Downloaded https://repo.maven.apache.org/maven2/org/ow2/ow2/1.5.1/ow2-1.5.1.pom
2025-01-10 01:21:50,188 [Worker-2: Creating project "Test-Project"] INFO  o.e.m.c.i.e.AbstractTransferListenerAdapter - Downloading https://repo.maven.apache.org/maven2/com/thoughtworks/qdox/qdox/2.0.3/qdox-2.0.3.pom
2025-01-10 01:21:50,196 [Worker-2: Creating project "Test-Project"] INFO  o.e.m.c.i.e.AbstractTransferListenerAdapter - Downloaded https://repo.maven.apache.org/maven2/com/thoughtworks/qdox/qdox/2.0.3/qdox-2.0.3.pom
2025-01-10 01:21:50,235 [Worker-2: Creating project "Test-Project"] INFO  o.e.m.c.i.e.AbstractTransferListenerAdapter - Downloading https://repo.maven.apache.org/maven2/org/codehaus/plexus/plexus-compiler-api/2.15.0/plexus-compiler-api-2.15.0.pom
2025-01-10 01:21:50,243 [Worker-2: Creating project "Test-Project"] INFO  o.e.m.c.i.e.AbstractTransferListenerAdapter - Downloaded https://repo.maven.apache.org/maven2/org/codehaus/plexus/plexus-compiler-api/2.15.0/plexus-compiler-api-2.15.0.pom
2025-01-10 01:21:50,276 [Worker-2: Creating project "Test-Project"] INFO  o.e.m.c.i.e.AbstractTransferListenerAdapter - Downloading https://repo.maven.apache.org/maven2/org/codehaus/plexus/plexus-compiler/2.15.0/plexus-compiler-2.15.0.pom
2025-01-10 01:21:50,284 [Worker-2: Creating project "Test-Project"] INFO  o.e.m.c.i.e.AbstractTransferListenerAdapter - Downloaded https://repo.maven.apache.org/maven2/org/codehaus/plexus/plexus-compiler/2.15.0/plexus-compiler-2.15.0.pom
2025-01-10 01:21:50,314 [Worker-2: Creating project "Test-Project"] INFO  o.e.m.c.i.e.AbstractTransferListenerAdapter - Downloading https://repo.maven.apache.org/maven2/org/codehaus/plexus/plexus/17/plexus-17.pom
2025-01-10 01:21:50,328 [Worker-2: Creating project "Test-Project"] INFO  o.e.m.c.i.e.AbstractTransferListenerAdapter - Downloaded https://repo.maven.apache.org/maven2/org/codehaus/plexus/plexus/17/plexus-17.pom
2025-01-10 01:21:50,359 [Worker-2: Creating project "Test-Project"] INFO  o.e.m.c.i.e.AbstractTransferListenerAdapter - Downloading https://repo.maven.apache.org/maven2/org/junit/junit-bom/5.10.2/junit-bom-5.10.2.pom
2025-01-10 01:21:50,368 [Worker-2: Creating project "Test-Project"] INFO  o.e.m.c.i.e.AbstractTransferListenerAdapter - Downloaded https://repo.maven.apache.org/maven2/org/junit/junit-bom/5.10.2/junit-bom-5.10.2.pom
2025-01-10 01:21:50,399 [Worker-2: Creating project "Test-Project"] INFO  o.e.m.c.i.e.AbstractTransferListenerAdapter - Downloading https://repo.maven.apache.org/maven2/org/codehaus/plexus/plexus-utils/4.0.0/plexus-utils-4.0.0.pom
2025-01-10 01:21:50,407 [Worker-2: Creating project "Test-Project"] INFO  o.e.m.c.i.e.AbstractTransferListenerAdapter - Downloaded https://repo.maven.apache.org/maven2/org/codehaus/plexus/plexus-utils/4.0.0/plexus-utils-4.0.0.pom
2025-01-10 01:21:50,436 [Worker-2: Creating project "Test-Project"] INFO  o.e.m.c.i.e.AbstractTransferListenerAdapter - Downloading https://repo.maven.apache.org/maven2/org/codehaus/plexus/plexus/13/plexus-13.pom
2025-01-10 01:21:50,450 [Worker-2: Creating project "Test-Project"] INFO  o.e.m.c.i.e.AbstractTransferListenerAdapter - Downloaded https://repo.maven.apache.org/maven2/org/codehaus/plexus/plexus/13/plexus-13.pom
2025-01-10 01:21:50,480 [Worker-2: Creating project "Test-Project"] INFO  o.e.m.c.i.e.AbstractTransferListenerAdapter - Downloading https://repo.maven.apache.org/maven2/org/junit/junit-bom/5.9.3/junit-bom-5.9.3.pom
2025-01-10 01:21:50,491 [Worker-2: Creating project "Test-Project"] INFO  o.e.m.c.i.e.AbstractTransferListenerAdapter - Downloaded https://repo.maven.apache.org/maven2/org/junit/junit-bom/5.9.3/junit-bom-5.9.3.pom
2025-01-10 01:21:50,522 [Worker-2: Creating project "Test-Project"] INFO  o.e.m.c.i.e.AbstractTransferListenerAdapter - Downloading https://repo.maven.apache.org/maven2/org/codehaus/plexus/plexus-compiler-manager/2.15.0/plexus-compiler-manager-2.15.0.pom
2025-01-10 01:21:50,530 [Worker-2: Creating project "Test-Project"] INFO  o.e.m.c.i.e.AbstractTransferListenerAdapter - Downloaded https://repo.maven.apache.org/maven2/org/codehaus/plexus/plexus-compiler-manager/2.15.0/plexus-compiler-manager-2.15.0.pom
2025-01-10 01:21:50,568 [Worker-2: Creating project "Test-Project"] INFO  o.e.m.c.i.e.AbstractTransferListenerAdapter - Downloading https://repo.maven.apache.org/maven2/org/codehaus/plexus/plexus-xml/3.0.0/plexus-xml-3.0.0.pom
2025-01-10 01:21:50,575 [Worker-2: Creating project "Test-Project"] INFO  o.e.m.c.i.e.AbstractTransferListenerAdapter - Downloaded https://repo.maven.apache.org/maven2/org/codehaus/plexus/plexus-xml/3.0.0/plexus-xml-3.0.0.pom
2025-01-10 01:21:50,612 [Worker-2: Creating project "Test-Project"] INFO  o.e.m.c.i.e.AbstractTransferListenerAdapter - Downloading https://repo.maven.apache.org/maven2/org/codehaus/plexus/plexus-compiler-javac/2.15.0/plexus-compiler-javac-2.15.0.pom
2025-01-10 01:21:50,626 [Worker-2: Creating project "Test-Project"] INFO  o.e.m.c.i.e.AbstractTransferListenerAdapter - Downloaded https://repo.maven.apache.org/maven2/org/codehaus/plexus/plexus-compiler-javac/2.15.0/plexus-compiler-javac-2.15.0.pom
2025-01-10 01:21:50,656 [Worker-2: Creating project "Test-Project"] INFO  o.e.m.c.i.e.AbstractTransferListenerAdapter - Downloading https://repo.maven.apache.org/maven2/org/codehaus/plexus/plexus-compilers/2.15.0/plexus-compilers-2.15.0.pom
2025-01-10 01:21:50,663 [Worker-2: Creating project "Test-Project"] INFO  o.e.m.c.i.e.AbstractTransferListenerAdapter - Downloaded https://repo.maven.apache.org/maven2/org/codehaus/plexus/plexus-compilers/2.15.0/plexus-compilers-2.15.0.pom
2025-01-10 01:21:50,720 [Worker-2: Creating project "Test-Project"] INFO  o.e.m.c.i.e.AbstractTransferListenerAdapter - Downloading https://repo.maven.apache.org/maven2/org/apache/maven/shared/maven-shared-utils/3.4.2/maven-shared-utils-3.4.2.jar
2025-01-10 01:21:50,777 [Worker-2: Creating project "Test-Project"] INFO  o.e.m.c.i.e.AbstractTransferListenerAdapter - Downloaded https://repo.maven.apache.org/maven2/org/apache/maven/shared/maven-shared-utils/3.4.2/maven-shared-utils-3.4.2.jar
2025-01-10 01:21:50,804 [BasicRepositoryConnector-repo.maven.apache.org-0-0] INFO  o.e.m.c.i.e.AbstractTransferListenerAdapter - Downloading https://repo.maven.apache.org/maven2/org/codehaus/plexus/plexus-java/1.2.0/plexus-java-1.2.0.jar
2025-01-10 01:21:50,822 [BasicRepositoryConnector-repo.maven.apache.org-0-0] INFO  o.e.m.c.i.e.AbstractTransferListenerAdapter - Downloaded https://repo.maven.apache.org/maven2/org/codehaus/plexus/plexus-java/1.2.0/plexus-java-1.2.0.jar
2025-01-10 01:21:50,847 [BasicRepositoryConnector-repo.maven.apache.org-0-0] INFO  o.e.m.c.i.e.AbstractTransferListenerAdapter - Downloading https://repo.maven.apache.org/maven2/org/codehaus/plexus/plexus-xml/3.0.0/plexus-xml-3.0.0.jar
2025-01-10 01:21:50,854 [BasicRepositoryConnector-repo.maven.apache.org-0-2] INFO  o.e.m.c.i.e.AbstractTransferListenerAdapter - Downloading https://repo.maven.apache.org/maven2/com/thoughtworks/qdox/qdox/2.0.3/qdox-2.0.3.jar
2025-01-10 01:21:50,855 [BasicRepositoryConnector-repo.maven.apache.org-0-3] INFO  o.e.m.c.i.e.AbstractTransferListenerAdapter - Downloading https://repo.maven.apache.org/maven2/org/codehaus/plexus/plexus-compiler-api/2.15.0/plexus-compiler-api-2.15.0.jar
2025-01-10 01:21:50,857 [BasicRepositoryConnector-repo.maven.apache.org-0-1] INFO  o.e.m.c.i.e.AbstractTransferListenerAdapter - Downloading https://repo.maven.apache.org/maven2/org/ow2/asm/asm/9.6/asm-9.6.jar
2025-01-10 01:21:50,859 [BasicRepositoryConnector-repo.maven.apache.org-0-4] INFO  o.e.m.c.i.e.AbstractTransferListenerAdapter - Downloading https://repo.maven.apache.org/maven2/org/codehaus/plexus/plexus-compiler-manager/2.15.0/plexus-compiler-manager-2.15.0.jar
2025-01-10 01:21:50,870 [BasicRepositoryConnector-repo.maven.apache.org-0-4] INFO  o.e.m.c.i.e.AbstractTransferListenerAdapter - Downloaded https://repo.maven.apache.org/maven2/org/codehaus/plexus/plexus-compiler-manager/2.15.0/plexus-compiler-manager-2.15.0.jar
2025-01-10 01:21:50,874 [BasicRepositoryConnector-repo.maven.apache.org-0-0] INFO  o.e.m.c.i.e.AbstractTransferListenerAdapter - Downloaded https://repo.maven.apache.org/maven2/org/codehaus/plexus/plexus-xml/3.0.0/plexus-xml-3.0.0.jar
2025-01-10 01:21:50,876 [BasicRepositoryConnector-repo.maven.apache.org-0-3] INFO  o.e.m.c.i.e.AbstractTransferListenerAdapter - Downloaded https://repo.maven.apache.org/maven2/org/codehaus/plexus/plexus-compiler-api/2.15.0/plexus-compiler-api-2.15.0.jar
2025-01-10 01:21:50,903 [BasicRepositoryConnector-repo.maven.apache.org-0-4] INFO  o.e.m.c.i.e.AbstractTransferListenerAdapter - Downloading https://repo.maven.apache.org/maven2/org/codehaus/plexus/plexus-compiler-javac/2.15.0/plexus-compiler-javac-2.15.0.jar
2025-01-10 01:21:50,903 [BasicRepositoryConnector-repo.maven.apache.org-0-0] INFO  o.e.m.c.i.e.AbstractTransferListenerAdapter - Downloading https://repo.maven.apache.org/maven2/org/codehaus/plexus/plexus-utils/4.0.0/plexus-utils-4.0.0.jar
2025-01-10 01:21:50,932 [BasicRepositoryConnector-repo.maven.apache.org-0-4] INFO  o.e.m.c.i.e.AbstractTransferListenerAdapter - Downloaded https://repo.maven.apache.org/maven2/org/codehaus/plexus/plexus-compiler-javac/2.15.0/plexus-compiler-javac-2.15.0.jar
2025-01-10 01:21:50,942 [BasicRepositoryConnector-repo.maven.apache.org-0-1] INFO  o.e.m.c.i.e.AbstractTransferListenerAdapter - Downloaded https://repo.maven.apache.org/maven2/org/ow2/asm/asm/9.6/asm-9.6.jar
2025-01-10 01:21:50,956 [BasicRepositoryConnector-repo.maven.apache.org-0-0] INFO  o.e.m.c.i.e.AbstractTransferListenerAdapter - Downloaded https://repo.maven.apache.org/maven2/org/codehaus/plexus/plexus-utils/4.0.0/plexus-utils-4.0.0.jar
2025-01-10 01:21:51,024 [BasicRepositoryConnector-repo.maven.apache.org-0-2] INFO  o.e.m.c.i.e.AbstractTransferListenerAdapter - Downloaded https://repo.maven.apache.org/maven2/com/thoughtworks/qdox/qdox/2.0.3/qdox-2.0.3.jar
2025-01-10 01:21:51,634 [Worker-2: Creating project "Test-Project"] INFO  o.e.m.c.i.l.LifecycleMappingFactory - Using org.eclipse.m2e.jdt.JarLifecycleMapping lifecycle mapping for MavenProject: in.test:Test-Project:0.0.1-SNAPSHOT @ C:\Users\surajendra\Work_Requests\Eclipse_Workspace\Spring\test2\pom.xml.
2025-01-10 01:21:51,741 [Worker-2: Creating project "Test-Project"] INFO  o.e.m.c.i.e.AbstractTransferListenerAdapter - Downloading https://repo.maven.apache.org/maven2/org/apache/maven/plugins/maven-resources-plugin/3.3.1/maven-resources-plugin-3.3.1.pom
2025-01-10 01:21:51,756 [Worker-2: Creating project "Test-Project"] INFO  o.e.m.c.i.e.AbstractTransferListenerAdapter - Downloaded https://repo.maven.apache.org/maven2/org/apache/maven/plugins/maven-resources-plugin/3.3.1/maven-resources-plugin-3.3.1.pom
2025-01-10 01:21:51,790 [Worker-2: Creating project "Test-Project"] INFO  o.e.m.c.i.e.AbstractTransferListenerAdapter - Downloading https://repo.maven.apache.org/maven2/org/apache/maven/plugins/maven-plugins/39/maven-plugins-39.pom
2025-01-10 01:21:51,803 [Worker-2: Creating project "Test-Project"] INFO  o.e.m.c.i.e.AbstractTransferListenerAdapter - Downloaded https://repo.maven.apache.org/maven2/org/apache/maven/plugins/maven-plugins/39/maven-plugins-39.pom
2025-01-10 01:21:51,842 [Worker-2: Creating project "Test-Project"] INFO  o.e.m.c.i.e.AbstractTransferListenerAdapter - Downloading https://repo.maven.apache.org/maven2/org/apache/maven/plugins/maven-surefire-plugin/3.2.5/maven-surefire-plugin-3.2.5.pom
2025-01-10 01:21:51,851 [Worker-2: Creating project "Test-Project"] INFO  o.e.m.c.i.e.AbstractTransferListenerAdapter - Downloaded https://repo.maven.apache.org/maven2/org/apache/maven/plugins/maven-surefire-plugin/3.2.5/maven-surefire-plugin-3.2.5.pom
2025-01-10 01:21:51,881 [Worker-2: Creating project "Test-Project"] INFO  o.e.m.c.i.e.AbstractTransferListenerAdapter - Downloading https://repo.maven.apache.org/maven2/org/apache/maven/surefire/surefire/3.2.5/surefire-3.2.5.pom
2025-01-10 01:21:51,902 [Worker-2: Creating project "Test-Project"] INFO  o.e.m.c.i.e.AbstractTransferListenerAdapter - Downloaded https://repo.maven.apache.org/maven2/org/apache/maven/surefire/surefire/3.2.5/surefire-3.2.5.pom
2025-01-10 01:21:51,936 [Worker-2: Creating project "Test-Project"] INFO  o.e.m.c.i.e.AbstractTransferListenerAdapter - Downloading https://repo.maven.apache.org/maven2/org/apache/maven/plugins/maven-jar-plugin/3.4.1/maven-jar-plugin-3.4.1.pom
2025-01-10 01:21:51,944 [Worker-2: Creating project "Test-Project"] INFO  o.e.m.c.i.e.AbstractTransferListenerAdapter - Downloaded https://repo.maven.apache.org/maven2/org/apache/maven/plugins/maven-jar-plugin/3.4.1/maven-jar-plugin-3.4.1.pom
2025-01-10 01:21:51,973 [Worker-2: Creating project "Test-Project"] INFO  o.e.m.c.i.e.AbstractTransferListenerAdapter - Downloading https://repo.maven.apache.org/maven2/org/apache/maven/plugins/maven-plugins/42/maven-plugins-42.pom
2025-01-10 01:21:51,982 [Worker-2: Creating project "Test-Project"] INFO  o.e.m.c.i.e.AbstractTransferListenerAdapter - Downloaded https://repo.maven.apache.org/maven2/org/apache/maven/plugins/maven-plugins/42/maven-plugins-42.pom
2025-01-10 01:21:52,012 [Worker-2: Creating project "Test-Project"] INFO  o.e.m.c.i.e.AbstractTransferListenerAdapter - Downloading https://repo.maven.apache.org/maven2/org/apache/maven/maven-parent/42/maven-parent-42.pom
2025-01-10 01:21:52,035 [Worker-2: Creating project "Test-Project"] INFO  o.e.m.c.i.e.AbstractTransferListenerAdapter - Downloaded https://repo.maven.apache.org/maven2/org/apache/maven/maven-parent/42/maven-parent-42.pom
2025-01-10 01:21:52,065 [Worker-2: Creating project "Test-Project"] INFO  o.e.m.c.i.e.AbstractTransferListenerAdapter - Downloading https://repo.maven.apache.org/maven2/org/apache/apache/32/apache-32.pom
2025-01-10 01:21:52,080 [Worker-2: Creating project "Test-Project"] INFO  o.e.m.c.i.e.AbstractTransferListenerAdapter - Downloaded https://repo.maven.apache.org/maven2/org/apache/apache/32/apache-32.pom
2025-01-10 01:21:52,136 [Worker-2: Creating project "Test-Project"] INFO  o.e.m.c.i.e.AbstractTransferListenerAdapter - Downloading https://repo.maven.apache.org/maven2/org/codehaus/plexus/plexus-utils/4.0.1/plexus-utils-4.0.1.pom
2025-01-10 01:21:52,144 [Worker-2: Creating project "Test-Project"] INFO  o.e.m.c.i.e.AbstractTransferListenerAdapter - Downloaded https://repo.maven.apache.org/maven2/org/codehaus/plexus/plexus-utils/4.0.1/plexus-utils-4.0.1.pom
2025-01-10 01:21:52,174 [Worker-2: Creating project "Test-Project"] INFO  o.e.m.c.i.e.AbstractTransferListenerAdapter - Downloading https://repo.maven.apache.org/maven2/commons-io/commons-io/2.16.1/commons-io-2.16.1.pom
2025-01-10 01:21:52,189 [Worker-2: Creating project "Test-Project"] INFO  o.e.m.c.i.e.AbstractTransferListenerAdapter - Downloaded https://repo.maven.apache.org/maven2/commons-io/commons-io/2.16.1/commons-io-2.16.1.pom
2025-01-10 01:21:52,229 [Worker-2: Creating project "Test-Project"] INFO  o.e.m.c.i.e.AbstractTransferListenerAdapter - Downloading https://repo.maven.apache.org/maven2/org/apache/commons/commons-parent/69/commons-parent-69.pom
2025-01-10 01:21:52,247 [Worker-2: Creating project "Test-Project"] INFO  o.e.m.c.i.e.AbstractTransferListenerAdapter - Downloaded https://repo.maven.apache.org/maven2/org/apache/commons/commons-parent/69/commons-parent-69.pom
2025-01-10 01:21:52,280 [Worker-2: Creating project "Test-Project"] INFO  o.e.m.c.i.e.AbstractTransferListenerAdapter - Downloading https://repo.maven.apache.org/maven2/org/apache/maven/maven-archiver/3.6.2/maven-archiver-3.6.2.pom
2025-01-10 01:21:52,287 [Worker-2: Creating project "Test-Project"] INFO  o.e.m.c.i.e.AbstractTransferListenerAdapter - Downloaded https://repo.maven.apache.org/maven2/org/apache/maven/maven-archiver/3.6.2/maven-archiver-3.6.2.pom
2025-01-10 01:21:52,318 [Worker-2: Creating project "Test-Project"] INFO  o.e.m.c.i.e.AbstractTransferListenerAdapter - Downloading https://repo.maven.apache.org/maven2/org/apache/maven/shared/maven-shared-components/41/maven-shared-components-41.pom
2025-01-10 01:21:52,326 [Worker-2: Creating project "Test-Project"] INFO  o.e.m.c.i.e.AbstractTransferListenerAdapter - Downloaded https://repo.maven.apache.org/maven2/org/apache/maven/shared/maven-shared-components/41/maven-shared-components-41.pom
2025-01-10 01:21:52,357 [Worker-2: Creating project "Test-Project"] INFO  o.e.m.c.i.e.AbstractTransferListenerAdapter - Downloading https://repo.maven.apache.org/maven2/org/codehaus/plexus/plexus-archiver/4.9.2/plexus-archiver-4.9.2.pom
2025-01-10 01:21:52,364 [Worker-2: Creating project "Test-Project"] INFO  o.e.m.c.i.e.AbstractTransferListenerAdapter - Downloaded https://repo.maven.apache.org/maven2/org/codehaus/plexus/plexus-archiver/4.9.2/plexus-archiver-4.9.2.pom
2025-01-10 01:21:52,399 [Worker-2: Creating project "Test-Project"] INFO  o.e.m.c.i.e.AbstractTransferListenerAdapter - Downloading https://repo.maven.apache.org/maven2/org/codehaus/plexus/plexus-io/3.4.2/plexus-io-3.4.2.pom
2025-01-10 01:21:52,409 [Worker-2: Creating project "Test-Project"] INFO  o.e.m.c.i.e.AbstractTransferListenerAdapter - Downloaded https://repo.maven.apache.org/maven2/org/codehaus/plexus/plexus-io/3.4.2/plexus-io-3.4.2.pom
2025-01-10 01:21:52,446 [Worker-2: Creating project "Test-Project"] INFO  o.e.m.c.i.e.AbstractTransferListenerAdapter - Downloading https://repo.maven.apache.org/maven2/org/codehaus/plexus/plexus/16/plexus-16.pom
2025-01-10 01:21:52,458 [Worker-2: Creating project "Test-Project"] INFO  o.e.m.c.i.e.AbstractTransferListenerAdapter - Downloaded https://repo.maven.apache.org/maven2/org/codehaus/plexus/plexus/16/plexus-16.pom
2025-01-10 01:21:52,489 [Worker-2: Creating project "Test-Project"] INFO  o.e.m.c.i.e.AbstractTransferListenerAdapter - Downloading https://repo.maven.apache.org/maven2/org/junit/junit-bom/5.10.1/junit-bom-5.10.1.pom
2025-01-10 01:21:52,496 [Worker-2: Creating project "Test-Project"] INFO  o.e.m.c.i.e.AbstractTransferListenerAdapter - Downloaded https://repo.maven.apache.org/maven2/org/junit/junit-bom/5.10.1/junit-bom-5.10.1.pom
2025-01-10 01:21:52,527 [Worker-2: Creating project "Test-Project"] INFO  o.e.m.c.i.e.AbstractTransferListenerAdapter - Downloading https://repo.maven.apache.org/maven2/org/apache/commons/commons-compress/1.26.1/commons-compress-1.26.1.pom
2025-01-10 01:21:52,540 [Worker-2: Creating project "Test-Project"] INFO  o.e.m.c.i.e.AbstractTransferListenerAdapter - Downloaded https://repo.maven.apache.org/maven2/org/apache/commons/commons-compress/1.26.1/commons-compress-1.26.1.pom
2025-01-10 01:21:52,570 [Worker-2: Creating project "Test-Project"] INFO  o.e.m.c.i.e.AbstractTransferListenerAdapter - Downloading https://repo.maven.apache.org/maven2/org/apache/commons/commons-parent/66/commons-parent-66.pom
2025-01-10 01:21:52,596 [Worker-2: Creating project "Test-Project"] INFO  o.e.m.c.i.e.AbstractTransferListenerAdapter - Downloaded https://repo.maven.apache.org/maven2/org/apache/commons/commons-parent/66/commons-parent-66.pom
2025-01-10 01:21:52,629 [Worker-2: Creating project "Test-Project"] INFO  o.e.m.c.i.e.AbstractTransferListenerAdapter - Downloading https://repo.maven.apache.org/maven2/commons-codec/commons-codec/1.16.1/commons-codec-1.16.1.pom
2025-01-10 01:21:52,645 [Worker-2: Creating project "Test-Project"] INFO  o.e.m.c.i.e.AbstractTransferListenerAdapter - Downloaded https://repo.maven.apache.org/maven2/commons-codec/commons-codec/1.16.1/commons-codec-1.16.1.pom
2025-01-10 01:21:52,675 [Worker-2: Creating project "Test-Project"] INFO  o.e.m.c.i.e.AbstractTransferListenerAdapter - Downloading https://repo.maven.apache.org/maven2/org/apache/commons/commons-lang3/3.14.0/commons-lang3-3.14.0.pom
2025-01-10 01:21:52,694 [Worker-2: Creating project "Test-Project"] INFO  o.e.m.c.i.e.AbstractTransferListenerAdapter - Downloaded https://repo.maven.apache.org/maven2/org/apache/commons/commons-lang3/3.14.0/commons-lang3-3.14.0.pom
2025-01-10 01:21:52,733 [Worker-2: Creating project "Test-Project"] INFO  o.e.m.c.i.e.AbstractTransferListenerAdapter - Downloading https://repo.maven.apache.org/maven2/org/apache/commons/commons-parent/64/commons-parent-64.pom
2025-01-10 01:21:52,756 [Worker-2: Creating project "Test-Project"] INFO  o.e.m.c.i.e.AbstractTransferListenerAdapter - Downloaded https://repo.maven.apache.org/maven2/org/apache/commons/commons-parent/64/commons-parent-64.pom
2025-01-10 01:21:52,790 [Worker-2: Creating project "Test-Project"] INFO  o.e.m.c.i.e.AbstractTransferListenerAdapter - Downloading https://repo.maven.apache.org/maven2/org/apache/apache/30/apache-30.pom
2025-01-10 01:21:52,808 [Worker-2: Creating project "Test-Project"] INFO  o.e.m.c.i.e.AbstractTransferListenerAdapter - Downloaded https://repo.maven.apache.org/maven2/org/apache/apache/30/apache-30.pom
2025-01-10 01:21:52,848 [Worker-2: Creating project "Test-Project"] INFO  o.e.m.c.i.e.AbstractTransferListenerAdapter - Downloading https://repo.maven.apache.org/maven2/com/github/luben/zstd-jni/1.5.5-11/zstd-jni-1.5.5-11.pom
2025-01-10 01:21:52,856 [Worker-2: Creating project "Test-Project"] INFO  o.e.m.c.i.e.AbstractTransferListenerAdapter - Downloaded https://repo.maven.apache.org/maven2/com/github/luben/zstd-jni/1.5.5-11/zstd-jni-1.5.5-11.pom
2025-01-10 01:21:52,912 [Worker-2: Creating project "Test-Project"] INFO  o.e.m.c.i.e.AbstractTransferListenerAdapter - Downloading https://repo.maven.apache.org/maven2/org/codehaus/plexus/plexus-interpolation/1.27/plexus-interpolation-1.27.pom
2025-01-10 01:21:52,919 [Worker-2: Creating project "Test-Project"] INFO  o.e.m.c.i.e.AbstractTransferListenerAdapter - Downloaded https://repo.maven.apache.org/maven2/org/codehaus/plexus/plexus-interpolation/1.27/plexus-interpolation-1.27.pom
2025-01-10 01:21:52,961 [Worker-2: Creating project "Test-Project"] INFO  o.e.m.c.i.e.AbstractTransferListenerAdapter - Downloading https://repo.maven.apache.org/maven2/commons-io/commons-io/2.16.1/commons-io-2.16.1.jar
2025-01-10 01:21:53,104 [Worker-2: Creating project "Test-Project"] INFO  o.e.m.c.i.e.AbstractTransferListenerAdapter - Downloaded https://repo.maven.apache.org/maven2/commons-io/commons-io/2.16.1/commons-io-2.16.1.jar
2025-01-10 01:21:53,128 [BasicRepositoryConnector-repo.maven.apache.org-1-0] INFO  o.e.m.c.i.e.AbstractTransferListenerAdapter - Downloading https://repo.maven.apache.org/maven2/org/apache/maven/maven-archiver/3.6.2/maven-archiver-3.6.2.jar
2025-01-10 01:21:53,131 [BasicRepositoryConnector-repo.maven.apache.org-1-2] INFO  o.e.m.c.i.e.AbstractTransferListenerAdapter - Downloading https://repo.maven.apache.org/maven2/org/codehaus/plexus/plexus-utils/4.0.1/plexus-utils-4.0.1.jar
2025-01-10 01:21:53,132 [BasicRepositoryConnector-repo.maven.apache.org-1-1] INFO  o.e.m.c.i.e.AbstractTransferListenerAdapter - Downloading https://repo.maven.apache.org/maven2/org/codehaus/plexus/plexus-interpolation/1.27/plexus-interpolation-1.27.jar
2025-01-10 01:21:53,132 [BasicRepositoryConnector-repo.maven.apache.org-1-4] INFO  o.e.m.c.i.e.AbstractTransferListenerAdapter - Downloading https://repo.maven.apache.org/maven2/org/codehaus/plexus/plexus-io/3.4.2/plexus-io-3.4.2.jar
2025-01-10 01:21:53,135 [BasicRepositoryConnector-repo.maven.apache.org-1-3] INFO  o.e.m.c.i.e.AbstractTransferListenerAdapter - Downloading https://repo.maven.apache.org/maven2/org/codehaus/plexus/plexus-archiver/4.9.2/plexus-archiver-4.9.2.jar
2025-01-10 01:21:53,141 [BasicRepositoryConnector-repo.maven.apache.org-1-0] INFO  o.e.m.c.i.e.AbstractTransferListenerAdapter - Downloaded https://repo.maven.apache.org/maven2/org/apache/maven/maven-archiver/3.6.2/maven-archiver-3.6.2.jar
2025-01-10 01:21:53,154 [BasicRepositoryConnector-repo.maven.apache.org-1-1] INFO  o.e.m.c.i.e.AbstractTransferListenerAdapter - Downloaded https://repo.maven.apache.org/maven2/org/codehaus/plexus/plexus-interpolation/1.27/plexus-interpolation-1.27.jar
2025-01-10 01:21:53,171 [BasicRepositoryConnector-repo.maven.apache.org-1-0] INFO  o.e.m.c.i.e.AbstractTransferListenerAdapter - Downloading https://repo.maven.apache.org/maven2/org/apache/commons/commons-compress/1.26.1/commons-compress-1.26.1.jar
2025-01-10 01:21:53,178 [BasicRepositoryConnector-repo.maven.apache.org-1-4] INFO  o.e.m.c.i.e.AbstractTransferListenerAdapter - Downloaded https://repo.maven.apache.org/maven2/org/codehaus/plexus/plexus-io/3.4.2/plexus-io-3.4.2.jar
2025-01-10 01:21:53,184 [BasicRepositoryConnector-repo.maven.apache.org-1-1] INFO  o.e.m.c.i.e.AbstractTransferListenerAdapter - Downloading https://repo.maven.apache.org/maven2/org/apache/commons/commons-lang3/3.14.0/commons-lang3-3.14.0.jar
2025-01-10 01:21:53,211 [BasicRepositoryConnector-repo.maven.apache.org-1-4] INFO  o.e.m.c.i.e.AbstractTransferListenerAdapter - Downloading https://repo.maven.apache.org/maven2/commons-codec/commons-codec/1.16.1/commons-codec-1.16.1.jar
2025-01-10 01:21:53,243 [BasicRepositoryConnector-repo.maven.apache.org-1-3] INFO  o.e.m.c.i.e.AbstractTransferListenerAdapter - Downloaded https://repo.maven.apache.org/maven2/org/codehaus/plexus/plexus-archiver/4.9.2/plexus-archiver-4.9.2.jar
2025-01-10 01:21:53,275 [BasicRepositoryConnector-repo.maven.apache.org-1-3] INFO  o.e.m.c.i.e.AbstractTransferListenerAdapter - Downloading https://repo.maven.apache.org/maven2/com/github/luben/zstd-jni/1.5.5-11/zstd-jni-1.5.5-11.jar
2025-01-10 01:21:53,401 [BasicRepositoryConnector-repo.maven.apache.org-1-1] INFO  o.e.m.c.i.e.AbstractTransferListenerAdapter - Downloaded https://repo.maven.apache.org/maven2/org/apache/commons/commons-lang3/3.14.0/commons-lang3-3.14.0.jar
2025-01-10 01:21:53,543 [BasicRepositoryConnector-repo.maven.apache.org-1-4] INFO  o.e.m.c.i.e.AbstractTransferListenerAdapter - Downloaded https://repo.maven.apache.org/maven2/commons-codec/commons-codec/1.16.1/commons-codec-1.16.1.jar
2025-01-10 01:21:53,583 [BasicRepositoryConnector-repo.maven.apache.org-1-2] INFO  o.e.m.c.i.e.AbstractTransferListenerAdapter - Downloaded https://repo.maven.apache.org/maven2/org/codehaus/plexus/plexus-utils/4.0.1/plexus-utils-4.0.1.jar
2025-01-10 01:21:53,648 [BasicRepositoryConnector-repo.maven.apache.org-1-0] INFO  o.e.m.c.i.e.AbstractTransferListenerAdapter - Downloaded https://repo.maven.apache.org/maven2/org/apache/commons/commons-compress/1.26.1/commons-compress-1.26.1.jar
2025-01-10 01:21:54,233 [BasicRepositoryConnector-repo.maven.apache.org-1-3] INFO  o.e.m.c.i.e.AbstractTransferListenerAdapter - Downloaded https://repo.maven.apache.org/maven2/com/github/luben/zstd-jni/1.5.5-11/zstd-jni-1.5.5-11.jar
2025-01-10 01:21:54,561 [Worker-2: Creating project "Test-Project"] INFO  o.e.m.c.i.e.AbstractTransferListenerAdapter - Downloading https://repo.maven.apache.org/maven2/org/codehaus/plexus/plexus-utils/3.5.1/plexus-utils-3.5.1.pom
2025-01-10 01:21:54,568 [Worker-2: Creating project "Test-Project"] INFO  o.e.m.c.i.e.AbstractTransferListenerAdapter - Downloaded https://repo.maven.apache.org/maven2/org/codehaus/plexus/plexus-utils/3.5.1/plexus-utils-3.5.1.pom
2025-01-10 01:21:54,601 [Worker-2: Creating project "Test-Project"] INFO  o.e.m.c.i.e.AbstractTransferListenerAdapter - Downloading https://repo.maven.apache.org/maven2/org/apache/maven/shared/maven-filtering/3.3.1/maven-filtering-3.3.1.pom
2025-01-10 01:21:54,607 [Worker-2: Creating project "Test-Project"] INFO  o.e.m.c.i.e.AbstractTransferListenerAdapter - Downloaded https://repo.maven.apache.org/maven2/org/apache/maven/shared/maven-filtering/3.3.1/maven-filtering-3.3.1.pom
2025-01-10 01:21:54,657 [Worker-2: Creating project "Test-Project"] INFO  o.e.m.c.i.e.AbstractTransferListenerAdapter - Downloading https://repo.maven.apache.org/maven2/org/codehaus/plexus/plexus-utils/3.5.0/plexus-utils-3.5.0.pom
2025-01-10 01:21:54,664 [Worker-2: Creating project "Test-Project"] INFO  o.e.m.c.i.e.AbstractTransferListenerAdapter - Downloaded https://repo.maven.apache.org/maven2/org/codehaus/plexus/plexus-utils/3.5.0/plexus-utils-3.5.0.pom
2025-01-10 01:21:54,721 [Worker-2: Creating project "Test-Project"] INFO  o.e.m.c.i.e.AbstractTransferListenerAdapter - Downloading https://repo.maven.apache.org/maven2/org/codehaus/plexus/plexus-utils/3.5.1/plexus-utils-3.5.1.jar
2025-01-10 01:21:54,754 [Worker-2: Creating project "Test-Project"] INFO  o.e.m.c.i.e.AbstractTransferListenerAdapter - Downloaded https://repo.maven.apache.org/maven2/org/codehaus/plexus/plexus-utils/3.5.1/plexus-utils-3.5.1.jar
2025-01-10 01:21:54,780 [BasicRepositoryConnector-repo.maven.apache.org-2-0] INFO  o.e.m.c.i.e.AbstractTransferListenerAdapter - Downloading https://repo.maven.apache.org/maven2/org/apache/maven/shared/maven-filtering/3.3.1/maven-filtering-3.3.1.jar
2025-01-10 01:21:54,798 [BasicRepositoryConnector-repo.maven.apache.org-2-0] INFO  o.e.m.c.i.e.AbstractTransferListenerAdapter - Downloaded https://repo.maven.apache.org/maven2/org/apache/maven/shared/maven-filtering/3.3.1/maven-filtering-3.3.1.jar
2025-01-10 01:21:54,824 [Worker-2: Creating project "Test-Project"] INFO  o.e.m.j.i.AbstractJavaProjectConfigurator - Adding source folder /Test-Project/src/main/java
2025-01-10 01:21:54,826 [Worker-2: Creating project "Test-Project"] INFO  o.e.m.j.i.AbstractJavaProjectConfigurator - Adding resource folder /Test-Project/src/main/resources
2025-01-10 01:21:54,827 [Worker-2: Creating project "Test-Project"] INFO  o.e.m.j.i.AbstractJavaProjectConfigurator - Adding source folder /Test-Project/src/test/java
2025-01-10 01:21:54,827 [Worker-2: Creating project "Test-Project"] INFO  o.e.m.j.i.AbstractJavaProjectConfigurator - Adding resource folder /Test-Project/src/test/resources
2025-01-10 01:21:55,546 [Worker-10: Building] WARN  o.a.m.s.f.DefaultMavenResourcesFiltering - Using platform encoding (UTF-8 actually) to copy filtered resources, i.e. build is platform dependent!
2025-01-10 01:21:55,554 [Worker-10: Building] INFO  o.a.m.s.f.DefaultMavenResourcesFiltering - Copying 0 resource from src\main\resources to target\classes
2025-01-10 01:21:55,557 [Worker-10: Building] WARN  o.a.m.s.f.DefaultMavenResourcesFiltering - Using platform encoding (UTF-8 actually) to copy filtered resources, i.e. build is platform dependent!
2025-01-10 01:21:55,560 [Worker-10: Building] INFO  o.a.m.s.f.DefaultMavenResourcesFiltering - Copying 0 resource from src\test\resources to target\test-classes
2025-01-10 01:28:04,255 [Worker-2: Import Getting Started Content] INFO  o.e.m.c.i.e.AbstractTransferListenerAdapter - Downloading https://repo.maven.apache.org/maven2/org/springframework/boot/spring-boot-starter-parent/3.4.1/spring-boot-starter-parent-3.4.1.pom
2025-01-10 01:28:04,275 [Worker-2: Import Getting Started Content] INFO  o.e.m.c.i.e.AbstractTransferListenerAdapter - Downloaded https://repo.maven.apache.org/maven2/org/springframework/boot/spring-boot-starter-parent/3.4.1/spring-boot-starter-parent-3.4.1.pom
2025-01-10 01:28:04,318 [Worker-2: Import Getting Started Content] INFO  o.e.m.c.i.e.AbstractTransferListenerAdapter - Downloading https://repo.maven.apache.org/maven2/org/springframework/boot/spring-boot-dependencies/3.4.1/spring-boot-dependencies-3.4.1.pom
2025-01-10 01:28:04,363 [Worker-2: Import Getting Started Content] INFO  o.e.m.c.i.e.AbstractTransferListenerAdapter - Downloaded https://repo.maven.apache.org/maven2/org/springframework/boot/spring-boot-dependencies/3.4.1/spring-boot-dependencies-3.4.1.pom
2025-01-10 01:28:04,422 [Worker-2: Import Getting Started Content] INFO  o.e.m.c.i.e.AbstractTransferListenerAdapter - Downloading https://repo.maven.apache.org/maven2/org/apache/activemq/activemq-bom/6.1.4/activemq-bom-6.1.4.pom
2025-01-10 01:28:04,434 [Worker-2: Import Getting Started Content] INFO  o.e.m.c.i.e.AbstractTransferListenerAdapter - Downloaded https://repo.maven.apache.org/maven2/org/apache/activemq/activemq-bom/6.1.4/activemq-bom-6.1.4.pom
2025-01-10 01:28:04,468 [Worker-2: Import Getting Started Content] INFO  o.e.m.c.i.e.AbstractTransferListenerAdapter - Downloading https://repo.maven.apache.org/maven2/org/apache/activemq/artemis-bom/2.37.0/artemis-bom-2.37.0.pom
2025-01-10 01:28:04,476 [Worker-2: Import Getting Started Content] INFO  o.e.m.c.i.e.AbstractTransferListenerAdapter - Downloaded https://repo.maven.apache.org/maven2/org/apache/activemq/artemis-bom/2.37.0/artemis-bom-2.37.0.pom
2025-01-10 01:28:04,509 [Worker-2: Import Getting Started Content] INFO  o.e.m.c.i.e.AbstractTransferListenerAdapter - Downloading https://repo.maven.apache.org/maven2/org/apache/activemq/artemis-project/2.37.0/artemis-project-2.37.0.pom
2025-01-10 01:28:04,526 [Worker-2: Import Getting Started Content] INFO  o.e.m.c.i.e.AbstractTransferListenerAdapter - Downloaded https://repo.maven.apache.org/maven2/org/apache/activemq/artemis-project/2.37.0/artemis-project-2.37.0.pom
2025-01-10 01:28:04,559 [Worker-2: Import Getting Started Content] INFO  o.e.m.c.i.e.AbstractTransferListenerAdapter - Downloading https://repo.maven.apache.org/maven2/org/apache/apache/33/apache-33.pom
2025-01-10 01:28:04,568 [Worker-2: Import Getting Started Content] INFO  o.e.m.c.i.e.AbstractTransferListenerAdapter - Downloaded https://repo.maven.apache.org/maven2/org/apache/apache/33/apache-33.pom
2025-01-10 01:28:04,602 [Worker-2: Import Getting Started Content] INFO  o.e.m.c.i.e.AbstractTransferListenerAdapter - Downloading https://repo.maven.apache.org/maven2/org/assertj/assertj-bom/3.26.3/assertj-bom-3.26.3.pom
2025-01-10 01:28:04,611 [Worker-2: Import Getting Started Content] INFO  o.e.m.c.i.e.AbstractTransferListenerAdapter - Downloaded https://repo.maven.apache.org/maven2/org/assertj/assertj-bom/3.26.3/assertj-bom-3.26.3.pom
2025-01-10 01:28:04,644 [Worker-2: Import Getting Started Content] INFO  o.e.m.c.i.e.AbstractTransferListenerAdapter - Downloading https://repo.maven.apache.org/maven2/io/zipkin/reporter2/zipkin-reporter-bom/3.4.3/zipkin-reporter-bom-3.4.3.pom
2025-01-10 01:28:04,651 [Worker-2: Import Getting Started Content] INFO  o.e.m.c.i.e.AbstractTransferListenerAdapter - Downloaded https://repo.maven.apache.org/maven2/io/zipkin/reporter2/zipkin-reporter-bom/3.4.3/zipkin-reporter-bom-3.4.3.pom
2025-01-10 01:28:04,682 [Worker-2: Import Getting Started Content] INFO  o.e.m.c.i.e.AbstractTransferListenerAdapter - Downloading https://repo.maven.apache.org/maven2/io/zipkin/brave/brave-bom/6.0.3/brave-bom-6.0.3.pom
2025-01-10 01:28:04,692 [Worker-2: Import Getting Started Content] INFO  o.e.m.c.i.e.AbstractTransferListenerAdapter - Downloaded https://repo.maven.apache.org/maven2/io/zipkin/brave/brave-bom/6.0.3/brave-bom-6.0.3.pom
2025-01-10 01:28:04,723 [Worker-2: Import Getting Started Content] INFO  o.e.m.c.i.e.AbstractTransferListenerAdapter - Downloading https://repo.maven.apache.org/maven2/org/apache/cassandra/java-driver-bom/4.18.1/java-driver-bom-4.18.1.pom
2025-01-10 01:28:04,732 [Worker-2: Import Getting Started Content] INFO  o.e.m.c.i.e.AbstractTransferListenerAdapter - Downloaded https://repo.maven.apache.org/maven2/org/apache/cassandra/java-driver-bom/4.18.1/java-driver-bom-4.18.1.pom
2025-01-10 01:28:04,764 [Worker-2: Import Getting Started Content] INFO  o.e.m.c.i.e.AbstractTransferListenerAdapter - Downloading https://repo.maven.apache.org/maven2/org/glassfish/jaxb/jaxb-bom/4.0.5/jaxb-bom-4.0.5.pom
2025-01-10 01:28:04,772 [Worker-2: Import Getting Started Content] INFO  o.e.m.c.i.e.AbstractTransferListenerAdapter - Downloaded https://repo.maven.apache.org/maven2/org/glassfish/jaxb/jaxb-bom/4.0.5/jaxb-bom-4.0.5.pom
2025-01-10 01:28:04,802 [Worker-2: Import Getting Started Content] INFO  o.e.m.c.i.e.AbstractTransferListenerAdapter - Downloading https://repo.maven.apache.org/maven2/org/eclipse/ee4j/project/1.0.9/project-1.0.9.pom
2025-01-10 01:28:04,809 [Worker-2: Import Getting Started Content] INFO  o.e.m.c.i.e.AbstractTransferListenerAdapter - Downloaded https://repo.maven.apache.org/maven2/org/eclipse/ee4j/project/1.0.9/project-1.0.9.pom
2025-01-10 01:28:04,840 [Worker-2: Import Getting Started Content] INFO  o.e.m.c.i.e.AbstractTransferListenerAdapter - Downloading https://repo.maven.apache.org/maven2/org/apache/groovy/groovy-bom/4.0.24/groovy-bom-4.0.24.pom
2025-01-10 01:28:04,852 [Worker-2: Import Getting Started Content] INFO  o.e.m.c.i.e.AbstractTransferListenerAdapter - Downloaded https://repo.maven.apache.org/maven2/org/apache/groovy/groovy-bom/4.0.24/groovy-bom-4.0.24.pom
2025-01-10 01:28:04,883 [Worker-2: Import Getting Started Content] INFO  o.e.m.c.i.e.AbstractTransferListenerAdapter - Downloading https://repo.maven.apache.org/maven2/org/infinispan/infinispan-bom/15.0.11.Final/infinispan-bom-15.0.11.Final.pom
2025-01-10 01:28:04,891 [Worker-2: Import Getting Started Content] INFO  o.e.m.c.i.e.AbstractTransferListenerAdapter - Downloaded https://repo.maven.apache.org/maven2/org/infinispan/infinispan-bom/15.0.11.Final/infinispan-bom-15.0.11.Final.pom
2025-01-10 01:28:04,927 [Worker-2: Import Getting Started Content] INFO  o.e.m.c.i.e.AbstractTransferListenerAdapter - Downloading https://repo.maven.apache.org/maven2/org/infinispan/infinispan-build-configuration-parent/15.0.11.Final/infinispan-build-configuration-parent-15.0.11.Final.pom
2025-01-10 01:28:04,937 [Worker-2: Import Getting Started Content] INFO  o.e.m.c.i.e.AbstractTransferListenerAdapter - Downloaded https://repo.maven.apache.org/maven2/org/infinispan/infinispan-build-configuration-parent/15.0.11.Final/infinispan-build-configuration-parent-15.0.11.Final.pom
2025-01-10 01:28:04,967 [Worker-2: Import Getting Started Content] INFO  o.e.m.c.i.e.AbstractTransferListenerAdapter - Downloading https://repo.maven.apache.org/maven2/org/jboss/jboss-parent/43/jboss-parent-43.pom
2025-01-10 01:28:04,989 [Worker-2: Import Getting Started Content] INFO  o.e.m.c.i.e.AbstractTransferListenerAdapter - Downloaded https://repo.maven.apache.org/maven2/org/jboss/jboss-parent/43/jboss-parent-43.pom
2025-01-10 01:28:05,031 [Worker-2: Import Getting Started Content] INFO  o.e.m.c.i.e.AbstractTransferListenerAdapter - Downloading https://repo.maven.apache.org/maven2/com/fasterxml/jackson/jackson-bom/2.18.2/jackson-bom-2.18.2.pom
2025-01-10 01:28:05,046 [Worker-2: Import Getting Started Content] INFO  o.e.m.c.i.e.AbstractTransferListenerAdapter - Downloaded https://repo.maven.apache.org/maven2/com/fasterxml/jackson/jackson-bom/2.18.2/jackson-bom-2.18.2.pom
2025-01-10 01:28:05,080 [Worker-2: Import Getting Started Content] INFO  o.e.m.c.i.e.AbstractTransferListenerAdapter - Downloading https://repo.maven.apache.org/maven2/com/fasterxml/jackson/jackson-parent/2.18.1/jackson-parent-2.18.1.pom
2025-01-10 01:28:05,092 [Worker-2: Import Getting Started Content] INFO  o.e.m.c.i.e.AbstractTransferListenerAdapter - Downloaded https://repo.maven.apache.org/maven2/com/fasterxml/jackson/jackson-parent/2.18.1/jackson-parent-2.18.1.pom
2025-01-10 01:28:05,125 [Worker-2: Import Getting Started Content] INFO  o.e.m.c.i.e.AbstractTransferListenerAdapter - Downloading https://repo.maven.apache.org/maven2/com/fasterxml/oss-parent/61/oss-parent-61.pom
2025-01-10 01:28:05,136 [Worker-2: Import Getting Started Content] INFO  o.e.m.c.i.e.AbstractTransferListenerAdapter - Downloaded https://repo.maven.apache.org/maven2/com/fasterxml/oss-parent/61/oss-parent-61.pom
2025-01-10 01:28:05,170 [Worker-2: Import Getting Started Content] INFO  o.e.m.c.i.e.AbstractTransferListenerAdapter - Downloading https://repo.maven.apache.org/maven2/org/glassfish/jersey/jersey-bom/3.1.9/jersey-bom-3.1.9.pom
2025-01-10 01:28:05,181 [Worker-2: Import Getting Started Content] INFO  o.e.m.c.i.e.AbstractTransferListenerAdapter - Downloaded https://repo.maven.apache.org/maven2/org/glassfish/jersey/jersey-bom/3.1.9/jersey-bom-3.1.9.pom
2025-01-10 01:28:05,212 [Worker-2: Import Getting Started Content] INFO  o.e.m.c.i.e.AbstractTransferListenerAdapter - Downloading https://repo.maven.apache.org/maven2/org/eclipse/jetty/ee10/jetty-ee10-bom/12.0.16/jetty-ee10-bom-12.0.16.pom
2025-01-10 01:28:05,220 [Worker-2: Import Getting Started Content] INFO  o.e.m.c.i.e.AbstractTransferListenerAdapter - Downloaded https://repo.maven.apache.org/maven2/org/eclipse/jetty/ee10/jetty-ee10-bom/12.0.16/jetty-ee10-bom-12.0.16.pom
2025-01-10 01:28:05,255 [Worker-2: Import Getting Started Content] INFO  o.e.m.c.i.e.AbstractTransferListenerAdapter - Downloading https://repo.maven.apache.org/maven2/org/eclipse/jetty/jetty-bom/12.0.16/jetty-bom-12.0.16.pom
2025-01-10 01:28:05,266 [Worker-2: Import Getting Started Content] INFO  o.e.m.c.i.e.AbstractTransferListenerAdapter - Downloaded https://repo.maven.apache.org/maven2/org/eclipse/jetty/jetty-bom/12.0.16/jetty-bom-12.0.16.pom
2025-01-10 01:28:05,303 [Worker-2: Import Getting Started Content] INFO  o.e.m.c.i.e.AbstractTransferListenerAdapter - Downloading https://repo.maven.apache.org/maven2/org/junit/junit-bom/5.11.4/junit-bom-5.11.4.pom
2025-01-10 01:28:05,320 [Worker-2: Import Getting Started Content] INFO  o.e.m.c.i.e.AbstractTransferListenerAdapter - Downloaded https://repo.maven.apache.org/maven2/org/junit/junit-bom/5.11.4/junit-bom-5.11.4.pom
2025-01-10 01:28:05,354 [Worker-2: Import Getting Started Content] INFO  o.e.m.c.i.e.AbstractTransferListenerAdapter - Downloading https://repo.maven.apache.org/maven2/org/jetbrains/kotlin/kotlin-bom/1.9.25/kotlin-bom-1.9.25.pom
2025-01-10 01:28:05,362 [Worker-2: Import Getting Started Content] INFO  o.e.m.c.i.e.AbstractTransferListenerAdapter - Downloaded https://repo.maven.apache.org/maven2/org/jetbrains/kotlin/kotlin-bom/1.9.25/kotlin-bom-1.9.25.pom
2025-01-10 01:28:05,393 [Worker-2: Import Getting Started Content] INFO  o.e.m.c.i.e.AbstractTransferListenerAdapter - Downloading https://repo.maven.apache.org/maven2/org/jetbrains/kotlinx/kotlinx-coroutines-bom/1.8.1/kotlinx-coroutines-bom-1.8.1.pom
2025-01-10 01:28:05,401 [Worker-2: Import Getting Started Content] INFO  o.e.m.c.i.e.AbstractTransferListenerAdapter - Downloaded https://repo.maven.apache.org/maven2/org/jetbrains/kotlinx/kotlinx-coroutines-bom/1.8.1/kotlinx-coroutines-bom-1.8.1.pom
2025-01-10 01:28:05,431 [Worker-2: Import Getting Started Content] INFO  o.e.m.c.i.e.AbstractTransferListenerAdapter - Downloading https://repo.maven.apache.org/maven2/org/jetbrains/kotlinx/kotlinx-serialization-bom/1.6.3/kotlinx-serialization-bom-1.6.3.pom
2025-01-10 01:28:05,443 [Worker-2: Import Getting Started Content] INFO  o.e.m.c.i.e.AbstractTransferListenerAdapter - Downloaded https://repo.maven.apache.org/maven2/org/jetbrains/kotlinx/kotlinx-serialization-bom/1.6.3/kotlinx-serialization-bom-1.6.3.pom
2025-01-10 01:28:05,476 [Worker-2: Import Getting Started Content] INFO  o.e.m.c.i.e.AbstractTransferListenerAdapter - Downloading https://repo.maven.apache.org/maven2/org/apache/logging/log4j/log4j-bom/2.24.3/log4j-bom-2.24.3.pom
2025-01-10 01:28:05,484 [Worker-2: Import Getting Started Content] INFO  o.e.m.c.i.e.AbstractTransferListenerAdapter - Downloaded https://repo.maven.apache.org/maven2/org/apache/logging/log4j/log4j-bom/2.24.3/log4j-bom-2.24.3.pom
2025-01-10 01:28:05,515 [Worker-2: Import Getting Started Content] INFO  o.e.m.c.i.e.AbstractTransferListenerAdapter - Downloading https://repo.maven.apache.org/maven2/org/apache/logging/logging-parent/11.3.0/logging-parent-11.3.0.pom
2025-01-10 01:28:05,529 [Worker-2: Import Getting Started Content] INFO  o.e.m.c.i.e.AbstractTransferListenerAdapter - Downloaded https://repo.maven.apache.org/maven2/org/apache/logging/logging-parent/11.3.0/logging-parent-11.3.0.pom
2025-01-10 01:28:05,564 [Worker-2: Import Getting Started Content] INFO  o.e.m.c.i.e.AbstractTransferListenerAdapter - Downloading https://repo.maven.apache.org/maven2/io/micrometer/micrometer-bom/1.14.2/micrometer-bom-1.14.2.pom
2025-01-10 01:28:05,571 [Worker-2: Import Getting Started Content] INFO  o.e.m.c.i.e.AbstractTransferListenerAdapter - Downloaded https://repo.maven.apache.org/maven2/io/micrometer/micrometer-bom/1.14.2/micrometer-bom-1.14.2.pom
2025-01-10 01:28:05,601 [Worker-2: Import Getting Started Content] INFO  o.e.m.c.i.e.AbstractTransferListenerAdapter - Downloading https://repo.maven.apache.org/maven2/io/micrometer/micrometer-tracing-bom/1.4.1/micrometer-tracing-bom-1.4.1.pom
2025-01-10 01:28:05,609 [Worker-2: Import Getting Started Content] INFO  o.e.m.c.i.e.AbstractTransferListenerAdapter - Downloaded https://repo.maven.apache.org/maven2/io/micrometer/micrometer-tracing-bom/1.4.1/micrometer-tracing-bom-1.4.1.pom
2025-01-10 01:28:05,641 [Worker-2: Import Getting Started Content] INFO  o.e.m.c.i.e.AbstractTransferListenerAdapter - Downloading https://repo.maven.apache.org/maven2/org/mockito/mockito-bom/5.14.2/mockito-bom-5.14.2.pom
2025-01-10 01:28:05,649 [Worker-2: Import Getting Started Content] INFO  o.e.m.c.i.e.AbstractTransferListenerAdapter - Downloaded https://repo.maven.apache.org/maven2/org/mockito/mockito-bom/5.14.2/mockito-bom-5.14.2.pom
2025-01-10 01:28:05,701 [Worker-2: Import Getting Started Content] INFO  o.e.m.c.i.e.AbstractTransferListenerAdapter - Downloading https://repo.maven.apache.org/maven2/io/netty/netty-bom/4.1.116.Final/netty-bom-4.1.116.Final.pom
2025-01-10 01:28:05,715 [Worker-2: Import Getting Started Content] INFO  o.e.m.c.i.e.AbstractTransferListenerAdapter - Downloaded https://repo.maven.apache.org/maven2/io/netty/netty-bom/4.1.116.Final/netty-bom-4.1.116.Final.pom
2025-01-10 01:28:05,760 [Worker-2: Import Getting Started Content] INFO  o.e.m.c.i.e.AbstractTransferListenerAdapter - Downloading https://repo.maven.apache.org/maven2/io/opentelemetry/opentelemetry-bom/1.43.0/opentelemetry-bom-1.43.0.pom
2025-01-10 01:28:05,772 [Worker-2: Import Getting Started Content] INFO  o.e.m.c.i.e.AbstractTransferListenerAdapter - Downloaded https://repo.maven.apache.org/maven2/io/opentelemetry/opentelemetry-bom/1.43.0/opentelemetry-bom-1.43.0.pom
2025-01-10 01:28:05,810 [Worker-2: Import Getting Started Content] INFO  o.e.m.c.i.e.AbstractTransferListenerAdapter - Downloading https://repo.maven.apache.org/maven2/io/prometheus/prometheus-metrics-bom/1.3.5/prometheus-metrics-bom-1.3.5.pom
2025-01-10 01:28:05,820 [Worker-2: Import Getting Started Content] INFO  o.e.m.c.i.e.AbstractTransferListenerAdapter - Downloaded https://repo.maven.apache.org/maven2/io/prometheus/prometheus-metrics-bom/1.3.5/prometheus-metrics-bom-1.3.5.pom
2025-01-10 01:28:05,866 [Worker-2: Import Getting Started Content] INFO  o.e.m.c.i.e.AbstractTransferListenerAdapter - Downloading https://repo.maven.apache.org/maven2/io/prometheus/client_java/1.3.5/client_java-1.3.5.pom
2025-01-10 01:28:05,875 [Worker-2: Import Getting Started Content] INFO  o.e.m.c.i.e.AbstractTransferListenerAdapter - Downloaded https://repo.maven.apache.org/maven2/io/prometheus/client_java/1.3.5/client_java-1.3.5.pom
2025-01-10 01:28:05,914 [Worker-2: Import Getting Started Content] INFO  o.e.m.c.i.e.AbstractTransferListenerAdapter - Downloading https://repo.maven.apache.org/maven2/org/apache/pulsar/pulsar-bom/3.3.3/pulsar-bom-3.3.3.pom
2025-01-10 01:28:05,925 [Worker-2: Import Getting Started Content] INFO  o.e.m.c.i.e.AbstractTransferListenerAdapter - Downloaded https://repo.maven.apache.org/maven2/org/apache/pulsar/pulsar-bom/3.3.3/pulsar-bom-3.3.3.pom
2025-01-10 01:28:05,956 [Worker-2: Import Getting Started Content] INFO  o.e.m.c.i.e.AbstractTransferListenerAdapter - Downloading https://repo.maven.apache.org/maven2/com/querydsl/querydsl-bom/5.1.0/querydsl-bom-5.1.0.pom
2025-01-10 01:28:05,968 [Worker-2: Import Getting Started Content] INFO  o.e.m.c.i.e.AbstractTransferListenerAdapter - Downloaded https://repo.maven.apache.org/maven2/com/querydsl/querydsl-bom/5.1.0/querydsl-bom-5.1.0.pom
2025-01-10 01:28:06,000 [Worker-2: Import Getting Started Content] INFO  o.e.m.c.i.e.AbstractTransferListenerAdapter - Downloading https://repo.maven.apache.org/maven2/io/projectreactor/reactor-bom/2024.0.1/reactor-bom-2024.0.1.pom
2025-01-10 01:28:06,011 [Worker-2: Import Getting Started Content] INFO  o.e.m.c.i.e.AbstractTransferListenerAdapter - Downloaded https://repo.maven.apache.org/maven2/io/projectreactor/reactor-bom/2024.0.1/reactor-bom-2024.0.1.pom
2025-01-10 01:28:06,055 [Worker-2: Import Getting Started Content] INFO  o.e.m.c.i.e.AbstractTransferListenerAdapter - Downloading https://repo.maven.apache.org/maven2/io/rest-assured/rest-assured-bom/5.5.0/rest-assured-bom-5.5.0.pom
2025-01-10 01:28:06,065 [Worker-2: Import Getting Started Content] INFO  o.e.m.c.i.e.AbstractTransferListenerAdapter - Downloaded https://repo.maven.apache.org/maven2/io/rest-assured/rest-assured-bom/5.5.0/rest-assured-bom-5.5.0.pom
2025-01-10 01:28:06,099 [Worker-2: Import Getting Started Content] INFO  o.e.m.c.i.e.AbstractTransferListenerAdapter - Downloading https://repo.maven.apache.org/maven2/org/seleniumhq/selenium/selenium-bom/4.25.0/selenium-bom-4.25.0.pom
2025-01-10 01:28:06,111 [Worker-2: Import Getting Started Content] INFO  o.e.m.c.i.e.AbstractTransferListenerAdapter - Downloaded https://repo.maven.apache.org/maven2/org/seleniumhq/selenium/selenium-bom/4.25.0/selenium-bom-4.25.0.pom
2025-01-10 01:28:06,145 [Worker-2: Import Getting Started Content] INFO  o.e.m.c.i.e.AbstractTransferListenerAdapter - Downloading https://repo.maven.apache.org/maven2/org/springframework/amqp/spring-amqp-bom/3.2.1/spring-amqp-bom-3.2.1.pom
2025-01-10 01:28:06,159 [Worker-2: Import Getting Started Content] INFO  o.e.m.c.i.e.AbstractTransferListenerAdapter - Downloaded https://repo.maven.apache.org/maven2/org/springframework/amqp/spring-amqp-bom/3.2.1/spring-amqp-bom-3.2.1.pom
2025-01-10 01:28:06,192 [Worker-2: Import Getting Started Content] INFO  o.e.m.c.i.e.AbstractTransferListenerAdapter - Downloading https://repo.maven.apache.org/maven2/org/springframework/batch/spring-batch-bom/5.2.1/spring-batch-bom-5.2.1.pom
2025-01-10 01:28:06,209 [Worker-2: Import Getting Started Content] INFO  o.e.m.c.i.e.AbstractTransferListenerAdapter - Downloaded https://repo.maven.apache.org/maven2/org/springframework/batch/spring-batch-bom/5.2.1/spring-batch-bom-5.2.1.pom
2025-01-10 01:28:06,249 [Worker-2: Import Getting Started Content] INFO  o.e.m.c.i.e.AbstractTransferListenerAdapter - Downloading https://repo.maven.apache.org/maven2/org/springframework/data/spring-data-bom/2024.1.1/spring-data-bom-2024.1.1.pom
2025-01-10 01:28:06,258 [Worker-2: Import Getting Started Content] INFO  o.e.m.c.i.e.AbstractTransferListenerAdapter - Downloaded https://repo.maven.apache.org/maven2/org/springframework/data/spring-data-bom/2024.1.1/spring-data-bom-2024.1.1.pom
2025-01-10 01:28:06,295 [Worker-2: Import Getting Started Content] INFO  o.e.m.c.i.e.AbstractTransferListenerAdapter - Downloading https://repo.maven.apache.org/maven2/org/springframework/spring-framework-bom/6.2.1/spring-framework-bom-6.2.1.pom
2025-01-10 01:28:06,306 [Worker-2: Import Getting Started Content] INFO  o.e.m.c.i.e.AbstractTransferListenerAdapter - Downloaded https://repo.maven.apache.org/maven2/org/springframework/spring-framework-bom/6.2.1/spring-framework-bom-6.2.1.pom
2025-01-10 01:28:06,337 [Worker-2: Import Getting Started Content] INFO  o.e.m.c.i.e.AbstractTransferListenerAdapter - Downloading https://repo.maven.apache.org/maven2/org/springframework/integration/spring-integration-bom/6.4.1/spring-integration-bom-6.4.1.pom
2025-01-10 01:28:06,345 [Worker-2: Import Getting Started Content] INFO  o.e.m.c.i.e.AbstractTransferListenerAdapter - Downloaded https://repo.maven.apache.org/maven2/org/springframework/integration/spring-integration-bom/6.4.1/spring-integration-bom-6.4.1.pom
2025-01-10 01:28:06,376 [Worker-2: Import Getting Started Content] INFO  o.e.m.c.i.e.AbstractTransferListenerAdapter - Downloading https://repo.maven.apache.org/maven2/org/springframework/pulsar/spring-pulsar-bom/1.2.1/spring-pulsar-bom-1.2.1.pom
2025-01-10 01:28:06,384 [Worker-2: Import Getting Started Content] INFO  o.e.m.c.i.e.AbstractTransferListenerAdapter - Downloaded https://repo.maven.apache.org/maven2/org/springframework/pulsar/spring-pulsar-bom/1.2.1/spring-pulsar-bom-1.2.1.pom
2025-01-10 01:28:06,416 [Worker-2: Import Getting Started Content] INFO  o.e.m.c.i.e.AbstractTransferListenerAdapter - Downloading https://repo.maven.apache.org/maven2/org/springframework/restdocs/spring-restdocs-bom/3.0.3/spring-restdocs-bom-3.0.3.pom
2025-01-10 01:28:06,427 [Worker-2: Import Getting Started Content] INFO  o.e.m.c.i.e.AbstractTransferListenerAdapter - Downloaded https://repo.maven.apache.org/maven2/org/springframework/restdocs/spring-restdocs-bom/3.0.3/spring-restdocs-bom-3.0.3.pom
2025-01-10 01:28:06,469 [Worker-2: Import Getting Started Content] INFO  o.e.m.c.i.e.AbstractTransferListenerAdapter - Downloading https://repo.maven.apache.org/maven2/org/springframework/security/spring-security-bom/6.4.2/spring-security-bom-6.4.2.pom
2025-01-10 01:28:06,488 [Worker-2: Import Getting Started Content] INFO  o.e.m.c.i.e.AbstractTransferListenerAdapter - Downloaded https://repo.maven.apache.org/maven2/org/springframework/security/spring-security-bom/6.4.2/spring-security-bom-6.4.2.pom
2025-01-10 01:28:06,526 [Worker-2: Import Getting Started Content] INFO  o.e.m.c.i.e.AbstractTransferListenerAdapter - Downloading https://repo.maven.apache.org/maven2/org/springframework/session/spring-session-bom/3.4.1/spring-session-bom-3.4.1.pom
2025-01-10 01:28:06,534 [Worker-2: Import Getting Started Content] INFO  o.e.m.c.i.e.AbstractTransferListenerAdapter - Downloaded https://repo.maven.apache.org/maven2/org/springframework/session/spring-session-bom/3.4.1/spring-session-bom-3.4.1.pom
2025-01-10 01:28:06,569 [Worker-2: Import Getting Started Content] INFO  o.e.m.c.i.e.AbstractTransferListenerAdapter - Downloading https://repo.maven.apache.org/maven2/org/springframework/ws/spring-ws-bom/4.0.11/spring-ws-bom-4.0.11.pom
2025-01-10 01:28:06,578 [Worker-2: Import Getting Started Content] INFO  o.e.m.c.i.e.AbstractTransferListenerAdapter - Downloaded https://repo.maven.apache.org/maven2/org/springframework/ws/spring-ws-bom/4.0.11/spring-ws-bom-4.0.11.pom
2025-01-10 01:28:06,612 [Worker-2: Import Getting Started Content] INFO  o.e.m.c.i.e.AbstractTransferListenerAdapter - Downloading https://repo.maven.apache.org/maven2/org/testcontainers/testcontainers-bom/1.20.4/testcontainers-bom-1.20.4.pom
2025-01-10 01:28:06,621 [Worker-2: Import Getting Started Content] INFO  o.e.m.c.i.e.AbstractTransferListenerAdapter - Downloaded https://repo.maven.apache.org/maven2/org/testcontainers/testcontainers-bom/1.20.4/testcontainers-bom-1.20.4.pom
2025-01-10 01:28:06,948 [Worker-2: Import Getting Started Content] INFO  o.e.m.c.i.e.AbstractTransferListenerAdapter - Downloading https://repo.maven.apache.org/maven2/org/springframework/boot/spring-boot-maven-plugin/3.4.1/spring-boot-maven-plugin-3.4.1.pom
2025-01-10 01:28:06,954 [Worker-2: Import Getting Started Content] INFO  o.e.m.c.i.e.AbstractTransferListenerAdapter - Downloaded https://repo.maven.apache.org/maven2/org/springframework/boot/spring-boot-maven-plugin/3.4.1/spring-boot-maven-plugin-3.4.1.pom
2025-01-10 01:28:06,985 [Worker-2: Import Getting Started Content] INFO  o.e.m.c.i.e.AbstractTransferListenerAdapter - Downloading https://repo.maven.apache.org/maven2/org/springframework/boot/spring-boot-maven-plugin/3.4.1/spring-boot-maven-plugin-3.4.1.jar
2025-01-10 01:28:07,022 [Worker-2: Import Getting Started Content] INFO  o.e.m.c.i.e.AbstractTransferListenerAdapter - Downloaded https://repo.maven.apache.org/maven2/org/springframework/boot/spring-boot-maven-plugin/3.4.1/spring-boot-maven-plugin-3.4.1.jar
2025-01-10 01:28:07,062 [Worker-2: Import Getting Started Content] INFO  o.e.m.c.i.e.AbstractTransferListenerAdapter - Downloading https://repo.maven.apache.org/maven2/org/apache/maven/plugins/maven-clean-plugin/3.4.0/maven-clean-plugin-3.4.0.jar
2025-01-10 01:28:07,083 [Worker-2: Import Getting Started Content] INFO  o.e.m.c.i.e.AbstractTransferListenerAdapter - Downloaded https://repo.maven.apache.org/maven2/org/apache/maven/plugins/maven-clean-plugin/3.4.0/maven-clean-plugin-3.4.0.jar
2025-01-10 01:28:07,136 [Worker-2: Import Getting Started Content] INFO  o.e.m.c.i.e.AbstractTransferListenerAdapter - Downloading https://repo.maven.apache.org/maven2/org/apache/maven/plugins/maven-surefire-plugin/3.5.2/maven-surefire-plugin-3.5.2.jar
2025-01-10 01:28:07,149 [Worker-2: Import Getting Started Content] INFO  o.e.m.c.i.e.AbstractTransferListenerAdapter - Downloaded https://repo.maven.apache.org/maven2/org/apache/maven/plugins/maven-surefire-plugin/3.5.2/maven-surefire-plugin-3.5.2.jar
2025-01-10 01:28:07,185 [Worker-2: Import Getting Started Content] INFO  o.e.m.c.i.e.AbstractTransferListenerAdapter - Downloading https://repo.maven.apache.org/maven2/org/apache/maven/plugins/maven-jar-plugin/3.4.2/maven-jar-plugin-3.4.2.jar
2025-01-10 01:28:07,201 [Worker-2: Import Getting Started Content] INFO  o.e.m.c.i.e.AbstractTransferListenerAdapter - Downloaded https://repo.maven.apache.org/maven2/org/apache/maven/plugins/maven-jar-plugin/3.4.2/maven-jar-plugin-3.4.2.jar
2025-01-10 01:28:07,239 [Worker-2: Import Getting Started Content] INFO  o.e.m.c.i.e.AbstractTransferListenerAdapter - Downloading https://repo.maven.apache.org/maven2/org/apache/maven/plugins/maven-install-plugin/3.1.3/maven-install-plugin-3.1.3.jar
2025-01-10 01:28:07,249 [Worker-2: Import Getting Started Content] INFO  o.e.m.c.i.e.AbstractTransferListenerAdapter - Downloaded https://repo.maven.apache.org/maven2/org/apache/maven/plugins/maven-install-plugin/3.1.3/maven-install-plugin-3.1.3.jar
2025-01-10 01:28:07,281 [Worker-2: Import Getting Started Content] INFO  o.e.m.c.i.e.AbstractTransferListenerAdapter - Downloading https://repo.maven.apache.org/maven2/org/apache/maven/plugins/maven-deploy-plugin/3.1.3/maven-deploy-plugin-3.1.3.jar
2025-01-10 01:28:07,297 [Worker-2: Import Getting Started Content] INFO  o.e.m.c.i.e.AbstractTransferListenerAdapter - Downloaded https://repo.maven.apache.org/maven2/org/apache/maven/plugins/maven-deploy-plugin/3.1.3/maven-deploy-plugin-3.1.3.jar
2025-01-10 01:28:07,314 [Worker-2: Import Getting Started Content] INFO  o.e.m.c.i.l.LifecycleMappingFactory - Using org.eclipse.m2e.jdt.JarLifecycleMapping lifecycle mapping for MavenProject: com.example:demo:0.0.1-SNAPSHOT @ C:\Users\surajendra\Work_Requests\Eclipse_Workspace\Spring\Test\demo\pom.xml.
2025-01-10 01:28:07,348 [Worker-2: Import Getting Started Content] INFO  o.e.m.c.i.e.AbstractTransferListenerAdapter - Downloading https://repo.maven.apache.org/maven2/org/springframework/boot/spring-boot-starter/3.4.1/spring-boot-starter-3.4.1.pom
2025-01-10 01:28:07,356 [Worker-2: Import Getting Started Content] INFO  o.e.m.c.i.e.AbstractTransferListenerAdapter - Downloaded https://repo.maven.apache.org/maven2/org/springframework/boot/spring-boot-starter/3.4.1/spring-boot-starter-3.4.1.pom
2025-01-10 01:28:07,385 [Worker-2: Import Getting Started Content] INFO  o.e.m.c.i.e.AbstractTransferListenerAdapter - Downloading https://repo.maven.apache.org/maven2/org/springframework/boot/spring-boot/3.4.1/spring-boot-3.4.1.pom
2025-01-10 01:28:07,392 [Worker-2: Import Getting Started Content] INFO  o.e.m.c.i.e.AbstractTransferListenerAdapter - Downloaded https://repo.maven.apache.org/maven2/org/springframework/boot/spring-boot/3.4.1/spring-boot-3.4.1.pom
2025-01-10 01:28:07,421 [Worker-2: Import Getting Started Content] INFO  o.e.m.c.i.e.AbstractTransferListenerAdapter - Downloading https://repo.maven.apache.org/maven2/org/springframework/spring-core/6.2.1/spring-core-6.2.1.pom
2025-01-10 01:28:07,431 [Worker-2: Import Getting Started Content] INFO  o.e.m.c.i.e.AbstractTransferListenerAdapter - Downloaded https://repo.maven.apache.org/maven2/org/springframework/spring-core/6.2.1/spring-core-6.2.1.pom
2025-01-10 01:28:07,466 [Worker-2: Import Getting Started Content] INFO  o.e.m.c.i.e.AbstractTransferListenerAdapter - Downloading https://repo.maven.apache.org/maven2/org/springframework/spring-jcl/6.2.1/spring-jcl-6.2.1.pom
2025-01-10 01:28:07,475 [Worker-2: Import Getting Started Content] INFO  o.e.m.c.i.e.AbstractTransferListenerAdapter - Downloaded https://repo.maven.apache.org/maven2/org/springframework/spring-jcl/6.2.1/spring-jcl-6.2.1.pom
2025-01-10 01:28:07,506 [Worker-2: Import Getting Started Content] INFO  o.e.m.c.i.e.AbstractTransferListenerAdapter - Downloading https://repo.maven.apache.org/maven2/org/springframework/spring-context/6.2.1/spring-context-6.2.1.pom
2025-01-10 01:28:07,515 [Worker-2: Import Getting Started Content] INFO  o.e.m.c.i.e.AbstractTransferListenerAdapter - Downloaded https://repo.maven.apache.org/maven2/org/springframework/spring-context/6.2.1/spring-context-6.2.1.pom
2025-01-10 01:28:07,545 [Worker-2: Import Getting Started Content] INFO  o.e.m.c.i.e.AbstractTransferListenerAdapter - Downloading https://repo.maven.apache.org/maven2/org/springframework/spring-aop/6.2.1/spring-aop-6.2.1.pom
2025-01-10 01:28:07,552 [Worker-2: Import Getting Started Content] INFO  o.e.m.c.i.e.AbstractTransferListenerAdapter - Downloaded https://repo.maven.apache.org/maven2/org/springframework/spring-aop/6.2.1/spring-aop-6.2.1.pom
2025-01-10 01:28:07,580 [Worker-2: Import Getting Started Content] INFO  o.e.m.c.i.e.AbstractTransferListenerAdapter - Downloading https://repo.maven.apache.org/maven2/org/springframework/spring-beans/6.2.1/spring-beans-6.2.1.pom
2025-01-10 01:28:07,588 [Worker-2: Import Getting Started Content] INFO  o.e.m.c.i.e.AbstractTransferListenerAdapter - Downloaded https://repo.maven.apache.org/maven2/org/springframework/spring-beans/6.2.1/spring-beans-6.2.1.pom
2025-01-10 01:28:07,621 [Worker-2: Import Getting Started Content] INFO  o.e.m.c.i.e.AbstractTransferListenerAdapter - Downloading https://repo.maven.apache.org/maven2/org/springframework/spring-expression/6.2.1/spring-expression-6.2.1.pom
2025-01-10 01:28:07,627 [Worker-2: Import Getting Started Content] INFO  o.e.m.c.i.e.AbstractTransferListenerAdapter - Downloaded https://repo.maven.apache.org/maven2/org/springframework/spring-expression/6.2.1/spring-expression-6.2.1.pom
2025-01-10 01:28:07,658 [Worker-2: Import Getting Started Content] INFO  o.e.m.c.i.e.AbstractTransferListenerAdapter - Downloading https://repo.maven.apache.org/maven2/io/micrometer/micrometer-observation/1.14.2/micrometer-observation-1.14.2.pom
2025-01-10 01:28:07,673 [Worker-2: Import Getting Started Content] INFO  o.e.m.c.i.e.AbstractTransferListenerAdapter - Downloaded https://repo.maven.apache.org/maven2/io/micrometer/micrometer-observation/1.14.2/micrometer-observation-1.14.2.pom
2025-01-10 01:28:07,703 [Worker-2: Import Getting Started Content] INFO  o.e.m.c.i.e.AbstractTransferListenerAdapter - Downloading https://repo.maven.apache.org/maven2/io/micrometer/micrometer-commons/1.14.2/micrometer-commons-1.14.2.pom
2025-01-10 01:28:07,710 [Worker-2: Import Getting Started Content] INFO  o.e.m.c.i.e.AbstractTransferListenerAdapter - Downloaded https://repo.maven.apache.org/maven2/io/micrometer/micrometer-commons/1.14.2/micrometer-commons-1.14.2.pom
2025-01-10 01:28:07,740 [Worker-2: Import Getting Started Content] INFO  o.e.m.c.i.e.AbstractTransferListenerAdapter - Downloading https://repo.maven.apache.org/maven2/org/springframework/boot/spring-boot-autoconfigure/3.4.1/spring-boot-autoconfigure-3.4.1.pom
2025-01-10 01:28:07,747 [Worker-2: Import Getting Started Content] INFO  o.e.m.c.i.e.AbstractTransferListenerAdapter - Downloaded https://repo.maven.apache.org/maven2/org/springframework/boot/spring-boot-autoconfigure/3.4.1/spring-boot-autoconfigure-3.4.1.pom
2025-01-10 01:28:07,778 [Worker-2: Import Getting Started Content] INFO  o.e.m.c.i.e.AbstractTransferListenerAdapter - Downloading https://repo.maven.apache.org/maven2/org/springframework/boot/spring-boot-starter-logging/3.4.1/spring-boot-starter-logging-3.4.1.pom
2025-01-10 01:28:07,790 [Worker-2: Import Getting Started Content] INFO  o.e.m.c.i.e.AbstractTransferListenerAdapter - Downloaded https://repo.maven.apache.org/maven2/org/springframework/boot/spring-boot-starter-logging/3.4.1/spring-boot-starter-logging-3.4.1.pom
2025-01-10 01:28:07,821 [Worker-2: Import Getting Started Content] INFO  o.e.m.c.i.e.AbstractTransferListenerAdapter - Downloading https://repo.maven.apache.org/maven2/ch/qos/logback/logback-classic/1.5.12/logback-classic-1.5.12.pom
2025-01-10 01:28:07,834 [Worker-2: Import Getting Started Content] INFO  o.e.m.c.i.e.AbstractTransferListenerAdapter - Downloaded https://repo.maven.apache.org/maven2/ch/qos/logback/logback-classic/1.5.12/logback-classic-1.5.12.pom
2025-01-10 01:28:07,862 [Worker-2: Import Getting Started Content] INFO  o.e.m.c.i.e.AbstractTransferListenerAdapter - Downloading https://repo.maven.apache.org/maven2/ch/qos/logback/logback-parent/1.5.12/logback-parent-1.5.12.pom
2025-01-10 01:28:07,878 [Worker-2: Import Getting Started Content] INFO  o.e.m.c.i.e.AbstractTransferListenerAdapter - Downloaded https://repo.maven.apache.org/maven2/ch/qos/logback/logback-parent/1.5.12/logback-parent-1.5.12.pom
2025-01-10 01:28:07,910 [Worker-2: Import Getting Started Content] INFO  o.e.m.c.i.e.AbstractTransferListenerAdapter - Downloading https://repo.maven.apache.org/maven2/ch/qos/logback/logback-core/1.5.12/logback-core-1.5.12.pom
2025-01-10 01:28:07,916 [Worker-2: Import Getting Started Content] INFO  o.e.m.c.i.e.AbstractTransferListenerAdapter - Downloaded https://repo.maven.apache.org/maven2/ch/qos/logback/logback-core/1.5.12/logback-core-1.5.12.pom
2025-01-10 01:28:07,947 [Worker-2: Import Getting Started Content] INFO  o.e.m.c.i.e.AbstractTransferListenerAdapter - Downloading https://repo.maven.apache.org/maven2/org/slf4j/slf4j-api/2.0.16/slf4j-api-2.0.16.pom
2025-01-10 01:28:07,956 [Worker-2: Import Getting Started Content] INFO  o.e.m.c.i.e.AbstractTransferListenerAdapter - Downloaded https://repo.maven.apache.org/maven2/org/slf4j/slf4j-api/2.0.16/slf4j-api-2.0.16.pom
2025-01-10 01:28:07,991 [Worker-2: Import Getting Started Content] INFO  o.e.m.c.i.e.AbstractTransferListenerAdapter - Downloading https://repo.maven.apache.org/maven2/org/slf4j/slf4j-parent/2.0.16/slf4j-parent-2.0.16.pom
2025-01-10 01:28:07,999 [Worker-2: Import Getting Started Content] INFO  o.e.m.c.i.e.AbstractTransferListenerAdapter - Downloaded https://repo.maven.apache.org/maven2/org/slf4j/slf4j-parent/2.0.16/slf4j-parent-2.0.16.pom
2025-01-10 01:28:08,029 [Worker-2: Import Getting Started Content] INFO  o.e.m.c.i.e.AbstractTransferListenerAdapter - Downloading https://repo.maven.apache.org/maven2/org/slf4j/slf4j-bom/2.0.16/slf4j-bom-2.0.16.pom
2025-01-10 01:28:08,037 [Worker-2: Import Getting Started Content] INFO  o.e.m.c.i.e.AbstractTransferListenerAdapter - Downloaded https://repo.maven.apache.org/maven2/org/slf4j/slf4j-bom/2.0.16/slf4j-bom-2.0.16.pom
2025-01-10 01:28:08,066 [Worker-2: Import Getting Started Content] INFO  o.e.m.c.i.e.AbstractTransferListenerAdapter - Downloading https://repo.maven.apache.org/maven2/org/apache/logging/log4j/log4j-to-slf4j/2.24.3/log4j-to-slf4j-2.24.3.pom
2025-01-10 01:28:08,074 [Worker-2: Import Getting Started Content] INFO  o.e.m.c.i.e.AbstractTransferListenerAdapter - Downloaded https://repo.maven.apache.org/maven2/org/apache/logging/log4j/log4j-to-slf4j/2.24.3/log4j-to-slf4j-2.24.3.pom
2025-01-10 01:28:08,106 [Worker-2: Import Getting Started Content] INFO  o.e.m.c.i.e.AbstractTransferListenerAdapter - Downloading https://repo.maven.apache.org/maven2/org/apache/logging/log4j/log4j/2.24.3/log4j-2.24.3.pom
2025-01-10 01:28:08,121 [Worker-2: Import Getting Started Content] INFO  o.e.m.c.i.e.AbstractTransferListenerAdapter - Downloaded https://repo.maven.apache.org/maven2/org/apache/logging/log4j/log4j/2.24.3/log4j-2.24.3.pom
2025-01-10 01:28:08,157 [Worker-2: Import Getting Started Content] INFO  o.e.m.c.i.e.AbstractTransferListenerAdapter - Downloading https://repo.maven.apache.org/maven2/org/apache/groovy/groovy-bom/4.0.22/groovy-bom-4.0.22.pom
2025-01-10 01:28:08,173 [Worker-2: Import Getting Started Content] INFO  o.e.m.c.i.e.AbstractTransferListenerAdapter - Downloaded https://repo.maven.apache.org/maven2/org/apache/groovy/groovy-bom/4.0.22/groovy-bom-4.0.22.pom
2025-01-10 01:28:08,207 [Worker-2: Import Getting Started Content] INFO  o.e.m.c.i.e.AbstractTransferListenerAdapter - Downloading https://repo.maven.apache.org/maven2/com/fasterxml/jackson/jackson-bom/2.17.2/jackson-bom-2.17.2.pom
2025-01-10 01:28:08,240 [Worker-2: Import Getting Started Content] INFO  o.e.m.c.i.e.AbstractTransferListenerAdapter - Downloaded https://repo.maven.apache.org/maven2/com/fasterxml/jackson/jackson-bom/2.17.2/jackson-bom-2.17.2.pom
2025-01-10 01:28:08,271 [Worker-2: Import Getting Started Content] INFO  o.e.m.c.i.e.AbstractTransferListenerAdapter - Downloading https://repo.maven.apache.org/maven2/com/fasterxml/jackson/jackson-parent/2.17/jackson-parent-2.17.pom
2025-01-10 01:28:08,281 [Worker-2: Import Getting Started Content] INFO  o.e.m.c.i.e.AbstractTransferListenerAdapter - Downloaded https://repo.maven.apache.org/maven2/com/fasterxml/jackson/jackson-parent/2.17/jackson-parent-2.17.pom
2025-01-10 01:28:08,315 [Worker-2: Import Getting Started Content] INFO  o.e.m.c.i.e.AbstractTransferListenerAdapter - Downloading https://repo.maven.apache.org/maven2/com/fasterxml/oss-parent/58/oss-parent-58.pom
2025-01-10 01:28:08,324 [Worker-2: Import Getting Started Content] INFO  o.e.m.c.i.e.AbstractTransferListenerAdapter - Downloaded https://repo.maven.apache.org/maven2/com/fasterxml/oss-parent/58/oss-parent-58.pom
2025-01-10 01:28:08,359 [Worker-2: Import Getting Started Content] INFO  o.e.m.c.i.e.AbstractTransferListenerAdapter - Downloading https://repo.maven.apache.org/maven2/jakarta/platform/jakarta.jakartaee-bom/9.1.0/jakarta.jakartaee-bom-9.1.0.pom
2025-01-10 01:28:08,374 [Worker-2: Import Getting Started Content] INFO  o.e.m.c.i.e.AbstractTransferListenerAdapter - Downloaded https://repo.maven.apache.org/maven2/jakarta/platform/jakarta.jakartaee-bom/9.1.0/jakarta.jakartaee-bom-9.1.0.pom
2025-01-10 01:28:08,407 [Worker-2: Import Getting Started Content] INFO  o.e.m.c.i.e.AbstractTransferListenerAdapter - Downloading https://repo.maven.apache.org/maven2/jakarta/platform/jakartaee-api-parent/9.1.0/jakartaee-api-parent-9.1.0.pom
2025-01-10 01:28:08,416 [Worker-2: Import Getting Started Content] INFO  o.e.m.c.i.e.AbstractTransferListenerAdapter - Downloaded https://repo.maven.apache.org/maven2/jakarta/platform/jakartaee-api-parent/9.1.0/jakartaee-api-parent-9.1.0.pom
2025-01-10 01:28:08,450 [Worker-2: Import Getting Started Content] INFO  o.e.m.c.i.e.AbstractTransferListenerAdapter - Downloading https://repo.maven.apache.org/maven2/org/junit/junit-bom/5.10.3/junit-bom-5.10.3.pom
2025-01-10 01:28:08,456 [Worker-2: Import Getting Started Content] INFO  o.e.m.c.i.e.AbstractTransferListenerAdapter - Downloaded https://repo.maven.apache.org/maven2/org/junit/junit-bom/5.10.3/junit-bom-5.10.3.pom
2025-01-10 01:28:08,485 [Worker-2: Import Getting Started Content] INFO  o.e.m.c.i.e.AbstractTransferListenerAdapter - Downloading https://repo.maven.apache.org/maven2/org/mockito/mockito-bom/4.11.0/mockito-bom-4.11.0.pom
2025-01-10 01:28:08,493 [Worker-2: Import Getting Started Content] INFO  o.e.m.c.i.e.AbstractTransferListenerAdapter - Downloaded https://repo.maven.apache.org/maven2/org/mockito/mockito-bom/4.11.0/mockito-bom-4.11.0.pom
2025-01-10 01:28:08,522 [Worker-2: Import Getting Started Content] INFO  o.e.m.c.i.e.AbstractTransferListenerAdapter - Downloading https://repo.maven.apache.org/maven2/org/springframework/spring-framework-bom/5.3.39/spring-framework-bom-5.3.39.pom
2025-01-10 01:28:08,528 [Worker-2: Import Getting Started Content] INFO  o.e.m.c.i.e.AbstractTransferListenerAdapter - Downloaded https://repo.maven.apache.org/maven2/org/springframework/spring-framework-bom/5.3.39/spring-framework-bom-5.3.39.pom
2025-01-10 01:28:08,559 [Worker-2: Import Getting Started Content] INFO  o.e.m.c.i.e.AbstractTransferListenerAdapter - Downloading https://repo.maven.apache.org/maven2/org/apache/logging/log4j/log4j-api/2.24.3/log4j-api-2.24.3.pom
2025-01-10 01:28:08,567 [Worker-2: Import Getting Started Content] INFO  o.e.m.c.i.e.AbstractTransferListenerAdapter - Downloaded https://repo.maven.apache.org/maven2/org/apache/logging/log4j/log4j-api/2.24.3/log4j-api-2.24.3.pom
2025-01-10 01:28:08,598 [Worker-2: Import Getting Started Content] INFO  o.e.m.c.i.e.AbstractTransferListenerAdapter - Downloading https://repo.maven.apache.org/maven2/org/slf4j/jul-to-slf4j/2.0.16/jul-to-slf4j-2.0.16.pom
2025-01-10 01:28:08,603 [Worker-2: Import Getting Started Content] INFO  o.e.m.c.i.e.AbstractTransferListenerAdapter - Downloaded https://repo.maven.apache.org/maven2/org/slf4j/jul-to-slf4j/2.0.16/jul-to-slf4j-2.0.16.pom
2025-01-10 01:28:08,645 [Worker-2: Import Getting Started Content] INFO  o.e.m.c.i.e.AbstractTransferListenerAdapter - Downloading https://repo.maven.apache.org/maven2/org/yaml/snakeyaml/2.3/snakeyaml-2.3.pom
2025-01-10 01:28:08,654 [Worker-2: Import Getting Started Content] INFO  o.e.m.c.i.e.AbstractTransferListenerAdapter - Downloaded https://repo.maven.apache.org/maven2/org/yaml/snakeyaml/2.3/snakeyaml-2.3.pom
2025-01-10 01:28:08,686 [Worker-2: Import Getting Started Content] INFO  o.e.m.c.i.e.AbstractTransferListenerAdapter - Downloading https://repo.maven.apache.org/maven2/org/springframework/boot/spring-boot-starter-test/3.4.1/spring-boot-starter-test-3.4.1.pom
2025-01-10 01:28:08,693 [Worker-2: Import Getting Started Content] INFO  o.e.m.c.i.e.AbstractTransferListenerAdapter - Downloaded https://repo.maven.apache.org/maven2/org/springframework/boot/spring-boot-starter-test/3.4.1/spring-boot-starter-test-3.4.1.pom
2025-01-10 01:28:08,731 [Worker-2: Import Getting Started Content] INFO  o.e.m.c.i.e.AbstractTransferListenerAdapter - Downloading https://repo.maven.apache.org/maven2/org/springframework/boot/spring-boot-test/3.4.1/spring-boot-test-3.4.1.pom
2025-01-10 01:28:08,739 [Worker-2: Import Getting Started Content] INFO  o.e.m.c.i.e.AbstractTransferListenerAdapter - Downloaded https://repo.maven.apache.org/maven2/org/springframework/boot/spring-boot-test/3.4.1/spring-boot-test-3.4.1.pom
2025-01-10 01:28:08,769 [Worker-2: Import Getting Started Content] INFO  o.e.m.c.i.e.AbstractTransferListenerAdapter - Downloading https://repo.maven.apache.org/maven2/org/springframework/spring-test/6.2.1/spring-test-6.2.1.pom
2025-01-10 01:28:08,776 [Worker-2: Import Getting Started Content] INFO  o.e.m.c.i.e.AbstractTransferListenerAdapter - Downloaded https://repo.maven.apache.org/maven2/org/springframework/spring-test/6.2.1/spring-test-6.2.1.pom
2025-01-10 01:28:08,805 [Worker-2: Import Getting Started Content] INFO  o.e.m.c.i.e.AbstractTransferListenerAdapter - Downloading https://repo.maven.apache.org/maven2/org/springframework/boot/spring-boot-test-autoconfigure/3.4.1/spring-boot-test-autoconfigure-3.4.1.pom
2025-01-10 01:28:08,812 [Worker-2: Import Getting Started Content] INFO  o.e.m.c.i.e.AbstractTransferListenerAdapter - Downloaded https://repo.maven.apache.org/maven2/org/springframework/boot/spring-boot-test-autoconfigure/3.4.1/spring-boot-test-autoconfigure-3.4.1.pom
2025-01-10 01:28:08,841 [Worker-2: Import Getting Started Content] INFO  o.e.m.c.i.e.AbstractTransferListenerAdapter - Downloading https://repo.maven.apache.org/maven2/com/jayway/jsonpath/json-path/2.9.0/json-path-2.9.0.pom
2025-01-10 01:28:08,860 [Worker-2: Import Getting Started Content] INFO  o.e.m.c.i.e.AbstractTransferListenerAdapter - Downloaded https://repo.maven.apache.org/maven2/com/jayway/jsonpath/json-path/2.9.0/json-path-2.9.0.pom
2025-01-10 01:28:08,896 [Worker-2: Import Getting Started Content] INFO  o.e.m.c.i.e.AbstractTransferListenerAdapter - Downloading https://repo.maven.apache.org/maven2/net/minidev/json-smart/2.5.1/json-smart-2.5.1.pom
2025-01-10 01:28:08,905 [Worker-2: Import Getting Started Content] INFO  o.e.m.c.i.e.AbstractTransferListenerAdapter - Downloaded https://repo.maven.apache.org/maven2/net/minidev/json-smart/2.5.1/json-smart-2.5.1.pom
2025-01-10 01:28:08,943 [Worker-2: Import Getting Started Content] INFO  o.e.m.c.i.e.AbstractTransferListenerAdapter - Downloading https://repo.maven.apache.org/maven2/net/minidev/accessors-smart/2.5.1/accessors-smart-2.5.1.pom
2025-01-10 01:28:08,952 [Worker-2: Import Getting Started Content] INFO  o.e.m.c.i.e.AbstractTransferListenerAdapter - Downloaded https://repo.maven.apache.org/maven2/net/minidev/accessors-smart/2.5.1/accessors-smart-2.5.1.pom
2025-01-10 01:28:08,998 [Worker-2: Import Getting Started Content] INFO  o.e.m.c.i.e.AbstractTransferListenerAdapter - Downloading https://repo.maven.apache.org/maven2/jakarta/xml/bind/jakarta.xml.bind-api/4.0.2/jakarta.xml.bind-api-4.0.2.pom
2025-01-10 01:28:09,006 [Worker-2: Import Getting Started Content] INFO  o.e.m.c.i.e.AbstractTransferListenerAdapter - Downloaded https://repo.maven.apache.org/maven2/jakarta/xml/bind/jakarta.xml.bind-api/4.0.2/jakarta.xml.bind-api-4.0.2.pom
2025-01-10 01:28:09,040 [Worker-2: Import Getting Started Content] INFO  o.e.m.c.i.e.AbstractTransferListenerAdapter - Downloading https://repo.maven.apache.org/maven2/jakarta/xml/bind/jakarta.xml.bind-api-parent/4.0.2/jakarta.xml.bind-api-parent-4.0.2.pom
2025-01-10 01:28:09,051 [Worker-2: Import Getting Started Content] INFO  o.e.m.c.i.e.AbstractTransferListenerAdapter - Downloaded https://repo.maven.apache.org/maven2/jakarta/xml/bind/jakarta.xml.bind-api-parent/4.0.2/jakarta.xml.bind-api-parent-4.0.2.pom
2025-01-10 01:28:09,088 [Worker-2: Import Getting Started Content] INFO  o.e.m.c.i.e.AbstractTransferListenerAdapter - Downloading https://repo.maven.apache.org/maven2/jakarta/activation/jakarta.activation-api/2.1.3/jakarta.activation-api-2.1.3.pom
2025-01-10 01:28:09,103 [Worker-2: Import Getting Started Content] INFO  o.e.m.c.i.e.AbstractTransferListenerAdapter - Downloaded https://repo.maven.apache.org/maven2/jakarta/activation/jakarta.activation-api/2.1.3/jakarta.activation-api-2.1.3.pom
2025-01-10 01:28:09,143 [Worker-2: Import Getting Started Content] INFO  o.e.m.c.i.e.AbstractTransferListenerAdapter - Downloading https://repo.maven.apache.org/maven2/org/assertj/assertj-core/3.26.3/assertj-core-3.26.3.pom
2025-01-10 01:28:09,155 [Worker-2: Import Getting Started Content] INFO  o.e.m.c.i.e.AbstractTransferListenerAdapter - Downloaded https://repo.maven.apache.org/maven2/org/assertj/assertj-core/3.26.3/assertj-core-3.26.3.pom
2025-01-10 01:28:09,186 [Worker-2: Import Getting Started Content] INFO  o.e.m.c.i.e.AbstractTransferListenerAdapter - Downloading https://repo.maven.apache.org/maven2/net/bytebuddy/byte-buddy/1.15.11/byte-buddy-1.15.11.pom
2025-01-10 01:28:09,201 [Worker-2: Import Getting Started Content] INFO  o.e.m.c.i.e.AbstractTransferListenerAdapter - Downloaded https://repo.maven.apache.org/maven2/net/bytebuddy/byte-buddy/1.15.11/byte-buddy-1.15.11.pom
2025-01-10 01:28:09,236 [Worker-2: Import Getting Started Content] INFO  o.e.m.c.i.e.AbstractTransferListenerAdapter - Downloading https://repo.maven.apache.org/maven2/net/bytebuddy/byte-buddy-parent/1.15.11/byte-buddy-parent-1.15.11.pom
2025-01-10 01:28:09,263 [Worker-2: Import Getting Started Content] INFO  o.e.m.c.i.e.AbstractTransferListenerAdapter - Downloaded https://repo.maven.apache.org/maven2/net/bytebuddy/byte-buddy-parent/1.15.11/byte-buddy-parent-1.15.11.pom
2025-01-10 01:28:09,299 [Worker-2: Import Getting Started Content] INFO  o.e.m.c.i.e.AbstractTransferListenerAdapter - Downloading https://repo.maven.apache.org/maven2/org/awaitility/awaitility/4.2.2/awaitility-4.2.2.pom
2025-01-10 01:28:09,306 [Worker-2: Import Getting Started Content] INFO  o.e.m.c.i.e.AbstractTransferListenerAdapter - Downloaded https://repo.maven.apache.org/maven2/org/awaitility/awaitility/4.2.2/awaitility-4.2.2.pom
2025-01-10 01:28:09,337 [Worker-2: Import Getting Started Content] INFO  o.e.m.c.i.e.AbstractTransferListenerAdapter - Downloading https://repo.maven.apache.org/maven2/org/awaitility/awaitility-parent/4.2.2/awaitility-parent-4.2.2.pom
2025-01-10 01:28:09,346 [Worker-2: Import Getting Started Content] INFO  o.e.m.c.i.e.AbstractTransferListenerAdapter - Downloaded https://repo.maven.apache.org/maven2/org/awaitility/awaitility-parent/4.2.2/awaitility-parent-4.2.2.pom
2025-01-10 01:28:09,387 [Worker-2: Import Getting Started Content] INFO  o.e.m.c.i.e.AbstractTransferListenerAdapter - Downloading https://repo.maven.apache.org/maven2/org/junit/jupiter/junit-jupiter/5.11.4/junit-jupiter-5.11.4.pom
2025-01-10 01:28:09,396 [Worker-2: Import Getting Started Content] INFO  o.e.m.c.i.e.AbstractTransferListenerAdapter - Downloaded https://repo.maven.apache.org/maven2/org/junit/jupiter/junit-jupiter/5.11.4/junit-jupiter-5.11.4.pom
2025-01-10 01:28:09,428 [Worker-2: Import Getting Started Content] INFO  o.e.m.c.i.e.AbstractTransferListenerAdapter - Downloading https://repo.maven.apache.org/maven2/org/junit/jupiter/junit-jupiter-api/5.11.4/junit-jupiter-api-5.11.4.pom
2025-01-10 01:28:09,434 [Worker-2: Import Getting Started Content] INFO  o.e.m.c.i.e.AbstractTransferListenerAdapter - Downloaded https://repo.maven.apache.org/maven2/org/junit/jupiter/junit-jupiter-api/5.11.4/junit-jupiter-api-5.11.4.pom
2025-01-10 01:28:09,464 [Worker-2: Import Getting Started Content] INFO  o.e.m.c.i.e.AbstractTransferListenerAdapter - Downloading https://repo.maven.apache.org/maven2/org/opentest4j/opentest4j/1.3.0/opentest4j-1.3.0.pom
2025-01-10 01:28:09,471 [Worker-2: Import Getting Started Content] INFO  o.e.m.c.i.e.AbstractTransferListenerAdapter - Downloaded https://repo.maven.apache.org/maven2/org/opentest4j/opentest4j/1.3.0/opentest4j-1.3.0.pom
2025-01-10 01:28:09,507 [Worker-2: Import Getting Started Content] INFO  o.e.m.c.i.e.AbstractTransferListenerAdapter - Downloading https://repo.maven.apache.org/maven2/org/junit/platform/junit-platform-commons/1.11.4/junit-platform-commons-1.11.4.pom
2025-01-10 01:28:09,514 [Worker-2: Import Getting Started Content] INFO  o.e.m.c.i.e.AbstractTransferListenerAdapter - Downloaded https://repo.maven.apache.org/maven2/org/junit/platform/junit-platform-commons/1.11.4/junit-platform-commons-1.11.4.pom
2025-01-10 01:28:09,557 [Worker-2: Import Getting Started Content] INFO  o.e.m.c.i.e.AbstractTransferListenerAdapter - Downloading https://repo.maven.apache.org/maven2/org/junit/jupiter/junit-jupiter-params/5.11.4/junit-jupiter-params-5.11.4.pom
2025-01-10 01:28:09,564 [Worker-2: Import Getting Started Content] INFO  o.e.m.c.i.e.AbstractTransferListenerAdapter - Downloaded https://repo.maven.apache.org/maven2/org/junit/jupiter/junit-jupiter-params/5.11.4/junit-jupiter-params-5.11.4.pom
2025-01-10 01:28:09,592 [Worker-2: Import Getting Started Content] INFO  o.e.m.c.i.e.AbstractTransferListenerAdapter - Downloading https://repo.maven.apache.org/maven2/org/junit/jupiter/junit-jupiter-engine/5.11.4/junit-jupiter-engine-5.11.4.pom
2025-01-10 01:28:09,598 [Worker-2: Import Getting Started Content] INFO  o.e.m.c.i.e.AbstractTransferListenerAdapter - Downloaded https://repo.maven.apache.org/maven2/org/junit/jupiter/junit-jupiter-engine/5.11.4/junit-jupiter-engine-5.11.4.pom
2025-01-10 01:28:09,628 [Worker-2: Import Getting Started Content] INFO  o.e.m.c.i.e.AbstractTransferListenerAdapter - Downloading https://repo.maven.apache.org/maven2/org/junit/platform/junit-platform-engine/1.11.4/junit-platform-engine-1.11.4.pom
2025-01-10 01:28:09,636 [Worker-2: Import Getting Started Content] INFO  o.e.m.c.i.e.AbstractTransferListenerAdapter - Downloaded https://repo.maven.apache.org/maven2/org/junit/platform/junit-platform-engine/1.11.4/junit-platform-engine-1.11.4.pom
2025-01-10 01:28:09,666 [Worker-2: Import Getting Started Content] INFO  o.e.m.c.i.e.AbstractTransferListenerAdapter - Downloading https://repo.maven.apache.org/maven2/org/mockito/mockito-core/5.14.2/mockito-core-5.14.2.pom
2025-01-10 01:28:09,673 [Worker-2: Import Getting Started Content] INFO  o.e.m.c.i.e.AbstractTransferListenerAdapter - Downloaded https://repo.maven.apache.org/maven2/org/mockito/mockito-core/5.14.2/mockito-core-5.14.2.pom
2025-01-10 01:28:09,707 [Worker-2: Import Getting Started Content] INFO  o.e.m.c.i.e.AbstractTransferListenerAdapter - Downloading https://repo.maven.apache.org/maven2/net/bytebuddy/byte-buddy-agent/1.15.11/byte-buddy-agent-1.15.11.pom
2025-01-10 01:28:09,715 [Worker-2: Import Getting Started Content] INFO  o.e.m.c.i.e.AbstractTransferListenerAdapter - Downloaded https://repo.maven.apache.org/maven2/net/bytebuddy/byte-buddy-agent/1.15.11/byte-buddy-agent-1.15.11.pom
2025-01-10 01:28:09,743 [Worker-2: Import Getting Started Content] INFO  o.e.m.c.i.e.AbstractTransferListenerAdapter - Downloading https://repo.maven.apache.org/maven2/org/objenesis/objenesis/3.3/objenesis-3.3.pom
2025-01-10 01:28:09,750 [Worker-2: Import Getting Started Content] INFO  o.e.m.c.i.e.AbstractTransferListenerAdapter - Downloaded https://repo.maven.apache.org/maven2/org/objenesis/objenesis/3.3/objenesis-3.3.pom
2025-01-10 01:28:09,778 [Worker-2: Import Getting Started Content] INFO  o.e.m.c.i.e.AbstractTransferListenerAdapter - Downloading https://repo.maven.apache.org/maven2/org/objenesis/objenesis-parent/3.3/objenesis-parent-3.3.pom
2025-01-10 01:28:09,788 [Worker-2: Import Getting Started Content] INFO  o.e.m.c.i.e.AbstractTransferListenerAdapter - Downloaded https://repo.maven.apache.org/maven2/org/objenesis/objenesis-parent/3.3/objenesis-parent-3.3.pom
2025-01-10 01:28:09,818 [Worker-2: Import Getting Started Content] INFO  o.e.m.c.i.e.AbstractTransferListenerAdapter - Downloading https://repo.maven.apache.org/maven2/org/mockito/mockito-junit-jupiter/5.14.2/mockito-junit-jupiter-5.14.2.pom
2025-01-10 01:28:09,825 [Worker-2: Import Getting Started Content] INFO  o.e.m.c.i.e.AbstractTransferListenerAdapter - Downloaded https://repo.maven.apache.org/maven2/org/mockito/mockito-junit-jupiter/5.14.2/mockito-junit-jupiter-5.14.2.pom
2025-01-10 01:28:09,854 [Worker-2: Import Getting Started Content] INFO  o.e.m.c.i.e.AbstractTransferListenerAdapter - Downloading https://repo.maven.apache.org/maven2/org/skyscreamer/jsonassert/1.5.3/jsonassert-1.5.3.pom
2025-01-10 01:28:09,862 [Worker-2: Import Getting Started Content] INFO  o.e.m.c.i.e.AbstractTransferListenerAdapter - Downloaded https://repo.maven.apache.org/maven2/org/skyscreamer/jsonassert/1.5.3/jsonassert-1.5.3.pom
2025-01-10 01:28:09,896 [Worker-2: Import Getting Started Content] INFO  o.e.m.c.i.e.AbstractTransferListenerAdapter - Downloading https://repo.maven.apache.org/maven2/org/xmlunit/xmlunit-core/2.10.0/xmlunit-core-2.10.0.pom
2025-01-10 01:28:09,902 [Worker-2: Import Getting Started Content] INFO  o.e.m.c.i.e.AbstractTransferListenerAdapter - Downloaded https://repo.maven.apache.org/maven2/org/xmlunit/xmlunit-core/2.10.0/xmlunit-core-2.10.0.pom
2025-01-10 01:28:09,933 [Worker-2: Import Getting Started Content] INFO  o.e.m.c.i.e.AbstractTransferListenerAdapter - Downloading https://repo.maven.apache.org/maven2/org/xmlunit/xmlunit-parent/2.10.0/xmlunit-parent-2.10.0.pom
2025-01-10 01:28:09,943 [Worker-2: Import Getting Started Content] INFO  o.e.m.c.i.e.AbstractTransferListenerAdapter - Downloaded https://repo.maven.apache.org/maven2/org/xmlunit/xmlunit-parent/2.10.0/xmlunit-parent-2.10.0.pom
2025-01-10 01:28:09,991 [Worker-2: Import Getting Started Content] INFO  o.e.m.c.i.e.AbstractTransferListenerAdapter - Downloading https://repo.maven.apache.org/maven2/org/springframework/boot/spring-boot-starter/3.4.1/spring-boot-starter-3.4.1.jar
2025-01-10 01:28:09,997 [Worker-2: Import Getting Started Content] INFO  o.e.m.c.i.e.AbstractTransferListenerAdapter - Downloaded https://repo.maven.apache.org/maven2/org/springframework/boot/spring-boot-starter/3.4.1/spring-boot-starter-3.4.1.jar
2025-01-10 01:28:10,023 [BasicRepositoryConnector-repo.maven.apache.org-3-0] INFO  o.e.m.c.i.e.AbstractTransferListenerAdapter - Downloading https://repo.maven.apache.org/maven2/org/springframework/boot/spring-boot/3.4.1/spring-boot-3.4.1.jar
2025-01-10 01:28:10,082 [BasicRepositoryConnector-repo.maven.apache.org-3-3] INFO  o.e.m.c.i.e.AbstractTransferListenerAdapter - Downloading https://repo.maven.apache.org/maven2/org/springframework/spring-beans/6.2.1/spring-beans-6.2.1.jar
2025-01-10 01:28:10,093 [BasicRepositoryConnector-repo.maven.apache.org-3-4] INFO  o.e.m.c.i.e.AbstractTransferListenerAdapter - Downloading https://repo.maven.apache.org/maven2/org/springframework/spring-expression/6.2.1/spring-expression-6.2.1.jar
2025-01-10 01:28:10,097 [BasicRepositoryConnector-repo.maven.apache.org-3-2] INFO  o.e.m.c.i.e.AbstractTransferListenerAdapter - Downloading https://repo.maven.apache.org/maven2/org/springframework/spring-aop/6.2.1/spring-aop-6.2.1.jar
2025-01-10 01:28:10,100 [BasicRepositoryConnector-repo.maven.apache.org-3-1] INFO  o.e.m.c.i.e.AbstractTransferListenerAdapter - Downloading https://repo.maven.apache.org/maven2/org/springframework/spring-context/6.2.1/spring-context-6.2.1.jar
2025-01-10 01:28:10,298 [BasicRepositoryConnector-repo.maven.apache.org-3-0] INFO  o.e.m.c.i.e.AbstractTransferListenerAdapter - Downloaded https://repo.maven.apache.org/maven2/org/springframework/boot/spring-boot/3.4.1/spring-boot-3.4.1.jar
2025-01-10 01:28:10,321 [BasicRepositoryConnector-repo.maven.apache.org-3-4] INFO  o.e.m.c.i.e.AbstractTransferListenerAdapter - Downloaded https://repo.maven.apache.org/maven2/org/springframework/spring-expression/6.2.1/spring-expression-6.2.1.jar
2025-01-10 01:28:10,322 [BasicRepositoryConnector-repo.maven.apache.org-3-0] INFO  o.e.m.c.i.e.AbstractTransferListenerAdapter - Downloading https://repo.maven.apache.org/maven2/io/micrometer/micrometer-observation/1.14.2/micrometer-observation-1.14.2.jar
2025-01-10 01:28:10,345 [BasicRepositoryConnector-repo.maven.apache.org-3-0] INFO  o.e.m.c.i.e.AbstractTransferListenerAdapter - Downloaded https://repo.maven.apache.org/maven2/io/micrometer/micrometer-observation/1.14.2/micrometer-observation-1.14.2.jar
2025-01-10 01:28:10,352 [BasicRepositoryConnector-repo.maven.apache.org-3-4] INFO  o.e.m.c.i.e.AbstractTransferListenerAdapter - Downloading https://repo.maven.apache.org/maven2/io/micrometer/micrometer-commons/1.14.2/micrometer-commons-1.14.2.jar
2025-01-10 01:28:10,373 [BasicRepositoryConnector-repo.maven.apache.org-3-0] INFO  o.e.m.c.i.e.AbstractTransferListenerAdapter - Downloading https://repo.maven.apache.org/maven2/org/springframework/boot/spring-boot-autoconfigure/3.4.1/spring-boot-autoconfigure-3.4.1.jar
2025-01-10 01:28:10,377 [BasicRepositoryConnector-repo.maven.apache.org-3-4] INFO  o.e.m.c.i.e.AbstractTransferListenerAdapter - Downloaded https://repo.maven.apache.org/maven2/io/micrometer/micrometer-commons/1.14.2/micrometer-commons-1.14.2.jar
2025-01-10 01:28:10,403 [BasicRepositoryConnector-repo.maven.apache.org-3-2] INFO  o.e.m.c.i.e.AbstractTransferListenerAdapter - Downloaded https://repo.maven.apache.org/maven2/org/springframework/spring-aop/6.2.1/spring-aop-6.2.1.jar
2025-01-10 01:28:10,431 [BasicRepositoryConnector-repo.maven.apache.org-3-4] INFO  o.e.m.c.i.e.AbstractTransferListenerAdapter - Downloading https://repo.maven.apache.org/maven2/org/springframework/boot/spring-boot-starter-logging/3.4.1/spring-boot-starter-logging-3.4.1.jar
2025-01-10 01:28:10,439 [BasicRepositoryConnector-repo.maven.apache.org-3-4] INFO  o.e.m.c.i.e.AbstractTransferListenerAdapter - Downloaded https://repo.maven.apache.org/maven2/org/springframework/boot/spring-boot-starter-logging/3.4.1/spring-boot-starter-logging-3.4.1.jar
2025-01-10 01:28:10,445 [BasicRepositoryConnector-repo.maven.apache.org-3-2] INFO  o.e.m.c.i.e.AbstractTransferListenerAdapter - Downloading https://repo.maven.apache.org/maven2/ch/qos/logback/logback-classic/1.5.12/logback-classic-1.5.12.jar
2025-01-10 01:28:10,482 [BasicRepositoryConnector-repo.maven.apache.org-3-4] INFO  o.e.m.c.i.e.AbstractTransferListenerAdapter - Downloading https://repo.maven.apache.org/maven2/ch/qos/logback/logback-core/1.5.12/logback-core-1.5.12.jar
2025-01-10 01:28:10,639 [BasicRepositoryConnector-repo.maven.apache.org-3-3] INFO  o.e.m.c.i.e.AbstractTransferListenerAdapter - Downloaded https://repo.maven.apache.org/maven2/org/springframework/spring-beans/6.2.1/spring-beans-6.2.1.jar
2025-01-10 01:28:10,691 [BasicRepositoryConnector-repo.maven.apache.org-3-3] INFO  o.e.m.c.i.e.AbstractTransferListenerAdapter - Downloading https://repo.maven.apache.org/maven2/org/apache/logging/log4j/log4j-to-slf4j/2.24.3/log4j-to-slf4j-2.24.3.jar
2025-01-10 01:28:10,701 [BasicRepositoryConnector-repo.maven.apache.org-3-3] INFO  o.e.m.c.i.e.AbstractTransferListenerAdapter - Downloaded https://repo.maven.apache.org/maven2/org/apache/logging/log4j/log4j-to-slf4j/2.24.3/log4j-to-slf4j-2.24.3.jar
2025-01-10 01:28:10,729 [BasicRepositoryConnector-repo.maven.apache.org-3-2] INFO  o.e.m.c.i.e.AbstractTransferListenerAdapter - Downloaded https://repo.maven.apache.org/maven2/ch/qos/logback/logback-classic/1.5.12/logback-classic-1.5.12.jar
2025-01-10 01:28:10,732 [BasicRepositoryConnector-repo.maven.apache.org-3-3] INFO  o.e.m.c.i.e.AbstractTransferListenerAdapter - Downloading https://repo.maven.apache.org/maven2/org/apache/logging/log4j/log4j-api/2.24.3/log4j-api-2.24.3.jar
2025-01-10 01:28:10,766 [BasicRepositoryConnector-repo.maven.apache.org-3-2] INFO  o.e.m.c.i.e.AbstractTransferListenerAdapter - Downloading https://repo.maven.apache.org/maven2/org/slf4j/jul-to-slf4j/2.0.16/jul-to-slf4j-2.0.16.jar
2025-01-10 01:28:10,776 [BasicRepositoryConnector-repo.maven.apache.org-3-2] INFO  o.e.m.c.i.e.AbstractTransferListenerAdapter - Downloaded https://repo.maven.apache.org/maven2/org/slf4j/jul-to-slf4j/2.0.16/jul-to-slf4j-2.0.16.jar
2025-01-10 01:28:10,802 [BasicRepositoryConnector-repo.maven.apache.org-3-2] INFO  o.e.m.c.i.e.AbstractTransferListenerAdapter - Downloading https://repo.maven.apache.org/maven2/org/springframework/spring-core/6.2.1/spring-core-6.2.1.jar
2025-01-10 01:28:10,808 [BasicRepositoryConnector-repo.maven.apache.org-3-0] INFO  o.e.m.c.i.e.AbstractTransferListenerAdapter - Downloaded https://repo.maven.apache.org/maven2/org/springframework/boot/spring-boot-autoconfigure/3.4.1/spring-boot-autoconfigure-3.4.1.jar
2025-01-10 01:28:10,832 [BasicRepositoryConnector-repo.maven.apache.org-3-0] INFO  o.e.m.c.i.e.AbstractTransferListenerAdapter - Downloading https://repo.maven.apache.org/maven2/org/springframework/spring-jcl/6.2.1/spring-jcl-6.2.1.jar
2025-01-10 01:28:10,843 [BasicRepositoryConnector-repo.maven.apache.org-3-0] INFO  o.e.m.c.i.e.AbstractTransferListenerAdapter - Downloaded https://repo.maven.apache.org/maven2/org/springframework/spring-jcl/6.2.1/spring-jcl-6.2.1.jar
2025-01-10 01:28:10,869 [BasicRepositoryConnector-repo.maven.apache.org-3-0] INFO  o.e.m.c.i.e.AbstractTransferListenerAdapter - Downloading https://repo.maven.apache.org/maven2/org/yaml/snakeyaml/2.3/snakeyaml-2.3.jar
2025-01-10 01:28:10,943 [BasicRepositoryConnector-repo.maven.apache.org-3-0] INFO  o.e.m.c.i.e.AbstractTransferListenerAdapter - Downloaded https://repo.maven.apache.org/maven2/org/yaml/snakeyaml/2.3/snakeyaml-2.3.jar
2025-01-10 01:28:10,945 [BasicRepositoryConnector-repo.maven.apache.org-3-4] INFO  o.e.m.c.i.e.AbstractTransferListenerAdapter - Downloaded https://repo.maven.apache.org/maven2/ch/qos/logback/logback-core/1.5.12/logback-core-1.5.12.jar
2025-01-10 01:28:10,948 [BasicRepositoryConnector-repo.maven.apache.org-3-3] INFO  o.e.m.c.i.e.AbstractTransferListenerAdapter - Downloaded https://repo.maven.apache.org/maven2/org/apache/logging/log4j/log4j-api/2.24.3/log4j-api-2.24.3.jar
2025-01-10 01:28:10,967 [BasicRepositoryConnector-repo.maven.apache.org-3-0] INFO  o.e.m.c.i.e.AbstractTransferListenerAdapter - Downloading https://repo.maven.apache.org/maven2/org/springframework/boot/spring-boot-starter-test/3.4.1/spring-boot-starter-test-3.4.1.jar
2025-01-10 01:28:10,970 [BasicRepositoryConnector-repo.maven.apache.org-3-4] INFO  o.e.m.c.i.e.AbstractTransferListenerAdapter - Downloading https://repo.maven.apache.org/maven2/org/springframework/boot/spring-boot-test/3.4.1/spring-boot-test-3.4.1.jar
2025-01-10 01:28:10,972 [BasicRepositoryConnector-repo.maven.apache.org-3-3] INFO  o.e.m.c.i.e.AbstractTransferListenerAdapter - Downloading https://repo.maven.apache.org/maven2/org/springframework/boot/spring-boot-test-autoconfigure/3.4.1/spring-boot-test-autoconfigure-3.4.1.jar
2025-01-10 01:28:10,974 [BasicRepositoryConnector-repo.maven.apache.org-3-0] INFO  o.e.m.c.i.e.AbstractTransferListenerAdapter - Downloaded https://repo.maven.apache.org/maven2/org/springframework/boot/spring-boot-starter-test/3.4.1/spring-boot-starter-test-3.4.1.jar
2025-01-10 01:28:10,999 [BasicRepositoryConnector-repo.maven.apache.org-3-0] INFO  o.e.m.c.i.e.AbstractTransferListenerAdapter - Downloading https://repo.maven.apache.org/maven2/com/jayway/jsonpath/json-path/2.9.0/json-path-2.9.0.jar
2025-01-10 01:28:11,026 [BasicRepositoryConnector-repo.maven.apache.org-3-4] INFO  o.e.m.c.i.e.AbstractTransferListenerAdapter - Downloaded https://repo.maven.apache.org/maven2/org/springframework/boot/spring-boot-test/3.4.1/spring-boot-test-3.4.1.jar
2025-01-10 01:28:11,051 [BasicRepositoryConnector-repo.maven.apache.org-3-4] INFO  o.e.m.c.i.e.AbstractTransferListenerAdapter - Downloading https://repo.maven.apache.org/maven2/org/slf4j/slf4j-api/2.0.16/slf4j-api-2.0.16.jar
2025-01-10 01:28:11,061 [BasicRepositoryConnector-repo.maven.apache.org-3-1] INFO  o.e.m.c.i.e.AbstractTransferListenerAdapter - Downloaded https://repo.maven.apache.org/maven2/org/springframework/spring-context/6.2.1/spring-context-6.2.1.jar
2025-01-10 01:28:11,067 [BasicRepositoryConnector-repo.maven.apache.org-3-4] INFO  o.e.m.c.i.e.AbstractTransferListenerAdapter - Downloaded https://repo.maven.apache.org/maven2/org/slf4j/slf4j-api/2.0.16/slf4j-api-2.0.16.jar
2025-01-10 01:28:11,090 [BasicRepositoryConnector-repo.maven.apache.org-3-1] INFO  o.e.m.c.i.e.AbstractTransferListenerAdapter - Downloading https://repo.maven.apache.org/maven2/jakarta/xml/bind/jakarta.xml.bind-api/4.0.2/jakarta.xml.bind-api-4.0.2.jar
2025-01-10 01:28:11,092 [BasicRepositoryConnector-repo.maven.apache.org-3-4] INFO  o.e.m.c.i.e.AbstractTransferListenerAdapter - Downloading https://repo.maven.apache.org/maven2/jakarta/activation/jakarta.activation-api/2.1.3/jakarta.activation-api-2.1.3.jar
2025-01-10 01:28:11,102 [BasicRepositoryConnector-repo.maven.apache.org-3-3] INFO  o.e.m.c.i.e.AbstractTransferListenerAdapter - Downloaded https://repo.maven.apache.org/maven2/org/springframework/boot/spring-boot-test-autoconfigure/3.4.1/spring-boot-test-autoconfigure-3.4.1.jar
2025-01-10 01:28:11,116 [BasicRepositoryConnector-repo.maven.apache.org-3-1] INFO  o.e.m.c.i.e.AbstractTransferListenerAdapter - Downloaded https://repo.maven.apache.org/maven2/jakarta/xml/bind/jakarta.xml.bind-api/4.0.2/jakarta.xml.bind-api-4.0.2.jar
2025-01-10 01:28:11,136 [BasicRepositoryConnector-repo.maven.apache.org-3-3] INFO  o.e.m.c.i.e.AbstractTransferListenerAdapter - Downloading https://repo.maven.apache.org/maven2/net/minidev/json-smart/2.5.1/json-smart-2.5.1.jar
2025-01-10 01:28:11,143 [BasicRepositoryConnector-repo.maven.apache.org-3-4] INFO  o.e.m.c.i.e.AbstractTransferListenerAdapter - Downloaded https://repo.maven.apache.org/maven2/jakarta/activation/jakarta.activation-api/2.1.3/jakarta.activation-api-2.1.3.jar
2025-01-10 01:28:11,149 [BasicRepositoryConnector-repo.maven.apache.org-3-1] INFO  o.e.m.c.i.e.AbstractTransferListenerAdapter - Downloading https://repo.maven.apache.org/maven2/net/minidev/accessors-smart/2.5.1/accessors-smart-2.5.1.jar
2025-01-10 01:28:11,160 [BasicRepositoryConnector-repo.maven.apache.org-3-1] INFO  o.e.m.c.i.e.AbstractTransferListenerAdapter - Downloaded https://repo.maven.apache.org/maven2/net/minidev/accessors-smart/2.5.1/accessors-smart-2.5.1.jar
2025-01-10 01:28:11,170 [BasicRepositoryConnector-repo.maven.apache.org-3-4] INFO  o.e.m.c.i.e.AbstractTransferListenerAdapter - Downloading https://repo.maven.apache.org/maven2/org/assertj/assertj-core/3.26.3/assertj-core-3.26.3.jar
2025-01-10 01:28:11,172 [BasicRepositoryConnector-repo.maven.apache.org-3-0] INFO  o.e.m.c.i.e.AbstractTransferListenerAdapter - Downloaded https://repo.maven.apache.org/maven2/com/jayway/jsonpath/json-path/2.9.0/json-path-2.9.0.jar
2025-01-10 01:28:11,193 [BasicRepositoryConnector-repo.maven.apache.org-3-1] INFO  o.e.m.c.i.e.AbstractTransferListenerAdapter - Downloading https://repo.maven.apache.org/maven2/net/bytebuddy/byte-buddy/1.15.11/byte-buddy-1.15.11.jar
2025-01-10 01:28:11,198 [BasicRepositoryConnector-repo.maven.apache.org-3-0] INFO  o.e.m.c.i.e.AbstractTransferListenerAdapter - Downloading https://repo.maven.apache.org/maven2/org/awaitility/awaitility/4.2.2/awaitility-4.2.2.jar
2025-01-10 01:28:11,219 [BasicRepositoryConnector-repo.maven.apache.org-3-3] INFO  o.e.m.c.i.e.AbstractTransferListenerAdapter - Downloaded https://repo.maven.apache.org/maven2/net/minidev/json-smart/2.5.1/json-smart-2.5.1.jar
2025-01-10 01:28:11,244 [BasicRepositoryConnector-repo.maven.apache.org-3-3] INFO  o.e.m.c.i.e.AbstractTransferListenerAdapter - Downloading https://repo.maven.apache.org/maven2/org/junit/jupiter/junit-jupiter/5.11.4/junit-jupiter-5.11.4.jar
2025-01-10 01:28:11,254 [BasicRepositoryConnector-repo.maven.apache.org-3-3] INFO  o.e.m.c.i.e.AbstractTransferListenerAdapter - Downloaded https://repo.maven.apache.org/maven2/org/junit/jupiter/junit-jupiter/5.11.4/junit-jupiter-5.11.4.jar
2025-01-10 01:28:11,262 [BasicRepositoryConnector-repo.maven.apache.org-3-0] INFO  o.e.m.c.i.e.AbstractTransferListenerAdapter - Downloaded https://repo.maven.apache.org/maven2/org/awaitility/awaitility/4.2.2/awaitility-4.2.2.jar
2025-01-10 01:28:11,292 [BasicRepositoryConnector-repo.maven.apache.org-3-3] INFO  o.e.m.c.i.e.AbstractTransferListenerAdapter - Downloading https://repo.maven.apache.org/maven2/org/junit/jupiter/junit-jupiter-api/5.11.4/junit-jupiter-api-5.11.4.jar
2025-01-10 01:28:11,292 [BasicRepositoryConnector-repo.maven.apache.org-3-0] INFO  o.e.m.c.i.e.AbstractTransferListenerAdapter - Downloading https://repo.maven.apache.org/maven2/org/opentest4j/opentest4j/1.3.0/opentest4j-1.3.0.jar
2025-01-10 01:28:11,310 [BasicRepositoryConnector-repo.maven.apache.org-3-0] INFO  o.e.m.c.i.e.AbstractTransferListenerAdapter - Downloaded https://repo.maven.apache.org/maven2/org/opentest4j/opentest4j/1.3.0/opentest4j-1.3.0.jar
2025-01-10 01:28:11,352 [BasicRepositoryConnector-repo.maven.apache.org-3-0] INFO  o.e.m.c.i.e.AbstractTransferListenerAdapter - Downloading https://repo.maven.apache.org/maven2/org/junit/platform/junit-platform-commons/1.11.4/junit-platform-commons-1.11.4.jar
2025-01-10 01:28:11,459 [BasicRepositoryConnector-repo.maven.apache.org-3-3] INFO  o.e.m.c.i.e.AbstractTransferListenerAdapter - Downloaded https://repo.maven.apache.org/maven2/org/junit/jupiter/junit-jupiter-api/5.11.4/junit-jupiter-api-5.11.4.jar
2025-01-10 01:28:11,464 [BasicRepositoryConnector-repo.maven.apache.org-3-0] INFO  o.e.m.c.i.e.AbstractTransferListenerAdapter - Downloaded https://repo.maven.apache.org/maven2/org/junit/platform/junit-platform-commons/1.11.4/junit-platform-commons-1.11.4.jar
2025-01-10 01:28:11,487 [BasicRepositoryConnector-repo.maven.apache.org-3-3] INFO  o.e.m.c.i.e.AbstractTransferListenerAdapter - Downloading https://repo.maven.apache.org/maven2/org/junit/jupiter/junit-jupiter-params/5.11.4/junit-jupiter-params-5.11.4.jar
2025-01-10 01:28:11,490 [BasicRepositoryConnector-repo.maven.apache.org-3-0] INFO  o.e.m.c.i.e.AbstractTransferListenerAdapter - Downloading https://repo.maven.apache.org/maven2/org/junit/jupiter/junit-jupiter-engine/5.11.4/junit-jupiter-engine-5.11.4.jar
2025-01-10 01:28:11,655 [BasicRepositoryConnector-repo.maven.apache.org-3-0] INFO  o.e.m.c.i.e.AbstractTransferListenerAdapter - Downloaded https://repo.maven.apache.org/maven2/org/junit/jupiter/junit-jupiter-engine/5.11.4/junit-jupiter-engine-5.11.4.jar
2025-01-10 01:28:11,680 [BasicRepositoryConnector-repo.maven.apache.org-3-0] INFO  o.e.m.c.i.e.AbstractTransferListenerAdapter - Downloading https://repo.maven.apache.org/maven2/org/junit/platform/junit-platform-engine/1.11.4/junit-platform-engine-1.11.4.jar
2025-01-10 01:28:11,858 [BasicRepositoryConnector-repo.maven.apache.org-3-0] INFO  o.e.m.c.i.e.AbstractTransferListenerAdapter - Downloaded https://repo.maven.apache.org/maven2/org/junit/platform/junit-platform-engine/1.11.4/junit-platform-engine-1.11.4.jar
2025-01-10 01:28:11,865 [BasicRepositoryConnector-repo.maven.apache.org-3-3] INFO  o.e.m.c.i.e.AbstractTransferListenerAdapter - Downloaded https://repo.maven.apache.org/maven2/org/junit/jupiter/junit-jupiter-params/5.11.4/junit-jupiter-params-5.11.4.jar
2025-01-10 01:28:11,904 [BasicRepositoryConnector-repo.maven.apache.org-3-0] INFO  o.e.m.c.i.e.AbstractTransferListenerAdapter - Downloading https://repo.maven.apache.org/maven2/org/mockito/mockito-core/5.14.2/mockito-core-5.14.2.jar
2025-01-10 01:28:11,904 [BasicRepositoryConnector-repo.maven.apache.org-3-3] INFO  o.e.m.c.i.e.AbstractTransferListenerAdapter - Downloading https://repo.maven.apache.org/maven2/net/bytebuddy/byte-buddy-agent/1.15.11/byte-buddy-agent-1.15.11.jar
2025-01-10 01:28:12,146 [BasicRepositoryConnector-repo.maven.apache.org-3-4] INFO  o.e.m.c.i.e.AbstractTransferListenerAdapter - Downloaded https://repo.maven.apache.org/maven2/org/assertj/assertj-core/3.26.3/assertj-core-3.26.3.jar
2025-01-10 01:28:12,161 [BasicRepositoryConnector-repo.maven.apache.org-3-3] INFO  o.e.m.c.i.e.AbstractTransferListenerAdapter - Downloaded https://repo.maven.apache.org/maven2/net/bytebuddy/byte-buddy-agent/1.15.11/byte-buddy-agent-1.15.11.jar
2025-01-10 01:28:12,200 [BasicRepositoryConnector-repo.maven.apache.org-3-4] INFO  o.e.m.c.i.e.AbstractTransferListenerAdapter - Downloading https://repo.maven.apache.org/maven2/org/objenesis/objenesis/3.3/objenesis-3.3.jar
2025-01-10 01:28:12,205 [BasicRepositoryConnector-repo.maven.apache.org-3-3] INFO  o.e.m.c.i.e.AbstractTransferListenerAdapter - Downloading https://repo.maven.apache.org/maven2/org/mockito/mockito-junit-jupiter/5.14.2/mockito-junit-jupiter-5.14.2.jar
2025-01-10 01:28:12,213 [BasicRepositoryConnector-repo.maven.apache.org-3-3] INFO  o.e.m.c.i.e.AbstractTransferListenerAdapter - Downloaded https://repo.maven.apache.org/maven2/org/mockito/mockito-junit-jupiter/5.14.2/mockito-junit-jupiter-5.14.2.jar
2025-01-10 01:28:12,237 [BasicRepositoryConnector-repo.maven.apache.org-3-3] INFO  o.e.m.c.i.e.AbstractTransferListenerAdapter - Downloading https://repo.maven.apache.org/maven2/org/skyscreamer/jsonassert/1.5.3/jsonassert-1.5.3.jar
2025-01-10 01:28:12,263 [BasicRepositoryConnector-repo.maven.apache.org-3-4] INFO  o.e.m.c.i.e.AbstractTransferListenerAdapter - Downloaded https://repo.maven.apache.org/maven2/org/objenesis/objenesis/3.3/objenesis-3.3.jar
2025-01-10 01:28:12,283 [BasicRepositoryConnector-repo.maven.apache.org-3-3] INFO  o.e.m.c.i.e.AbstractTransferListenerAdapter - Downloaded https://repo.maven.apache.org/maven2/org/skyscreamer/jsonassert/1.5.3/jsonassert-1.5.3.jar
2025-01-10 01:28:12,287 [BasicRepositoryConnector-repo.maven.apache.org-3-4] INFO  o.e.m.c.i.e.AbstractTransferListenerAdapter - Downloading https://repo.maven.apache.org/maven2/org/springframework/spring-test/6.2.1/spring-test-6.2.1.jar
2025-01-10 01:28:12,309 [BasicRepositoryConnector-repo.maven.apache.org-3-3] INFO  o.e.m.c.i.e.AbstractTransferListenerAdapter - Downloading https://repo.maven.apache.org/maven2/org/xmlunit/xmlunit-core/2.10.0/xmlunit-core-2.10.0.jar
2025-01-10 01:28:12,350 [BasicRepositoryConnector-repo.maven.apache.org-3-2] INFO  o.e.m.c.i.e.AbstractTransferListenerAdapter - Downloaded https://repo.maven.apache.org/maven2/org/springframework/spring-core/6.2.1/spring-core-6.2.1.jar
2025-01-10 01:28:12,452 [BasicRepositoryConnector-repo.maven.apache.org-3-3] INFO  o.e.m.c.i.e.AbstractTransferListenerAdapter - Downloaded https://repo.maven.apache.org/maven2/org/xmlunit/xmlunit-core/2.10.0/xmlunit-core-2.10.0.jar
2025-01-10 01:28:12,471 [BasicRepositoryConnector-repo.maven.apache.org-3-0] INFO  o.e.m.c.i.e.AbstractTransferListenerAdapter - Downloaded https://repo.maven.apache.org/maven2/org/mockito/mockito-core/5.14.2/mockito-core-5.14.2.jar
2025-01-10 01:28:13,177 [BasicRepositoryConnector-repo.maven.apache.org-3-4] INFO  o.e.m.c.i.e.AbstractTransferListenerAdapter - Downloaded https://repo.maven.apache.org/maven2/org/springframework/spring-test/6.2.1/spring-test-6.2.1.jar
2025-01-10 01:28:14,195 [BasicRepositoryConnector-repo.maven.apache.org-3-1] INFO  o.e.m.c.i.e.AbstractTransferListenerAdapter - Downloaded https://repo.maven.apache.org/maven2/net/bytebuddy/byte-buddy/1.15.11/byte-buddy-1.15.11.jar
2025-01-10 01:28:14,391 [Worker-2: Import Getting Started Content] INFO  o.e.m.c.i.e.AbstractTransferListenerAdapter - Downloading https://repo.maven.apache.org/maven2/org/apache/maven/plugins/maven-surefire-plugin/3.5.2/maven-surefire-plugin-3.5.2.pom
2025-01-10 01:28:14,401 [Worker-2: Import Getting Started Content] INFO  o.e.m.c.i.e.AbstractTransferListenerAdapter - Downloaded https://repo.maven.apache.org/maven2/org/apache/maven/plugins/maven-surefire-plugin/3.5.2/maven-surefire-plugin-3.5.2.pom
2025-01-10 01:28:14,434 [Worker-2: Import Getting Started Content] INFO  o.e.m.c.i.e.AbstractTransferListenerAdapter - Downloading https://repo.maven.apache.org/maven2/org/apache/maven/surefire/surefire/3.5.2/surefire-3.5.2.pom
2025-01-10 01:28:14,457 [Worker-2: Import Getting Started Content] INFO  o.e.m.c.i.e.AbstractTransferListenerAdapter - Downloaded https://repo.maven.apache.org/maven2/org/apache/maven/surefire/surefire/3.5.2/surefire-3.5.2.pom
2025-01-10 01:28:14,491 [Worker-2: Import Getting Started Content] INFO  o.e.m.c.i.e.AbstractTransferListenerAdapter - Downloading https://repo.maven.apache.org/maven2/org/apache/maven/maven-parent/43/maven-parent-43.pom
2025-01-10 01:28:14,514 [Worker-2: Import Getting Started Content] INFO  o.e.m.c.i.e.AbstractTransferListenerAdapter - Downloaded https://repo.maven.apache.org/maven2/org/apache/maven/maven-parent/43/maven-parent-43.pom
2025-01-10 01:28:14,550 [Worker-2: Import Getting Started Content] INFO  o.e.m.c.i.e.AbstractTransferListenerAdapter - Downloading https://repo.maven.apache.org/maven2/org/apache/maven/plugins/maven-jar-plugin/3.4.2/maven-jar-plugin-3.4.2.pom
2025-01-10 01:28:14,559 [Worker-2: Import Getting Started Content] INFO  o.e.m.c.i.e.AbstractTransferListenerAdapter - Downloaded https://repo.maven.apache.org/maven2/org/apache/maven/plugins/maven-jar-plugin/3.4.2/maven-jar-plugin-3.4.2.pom
2025-01-10 01:28:15,005 [Worker-2: Import Getting Started Content] INFO  o.e.m.j.i.AbstractJavaProjectConfigurator - Adding source folder /demo/src/main/java
2025-01-10 01:28:15,006 [Worker-2: Import Getting Started Content] INFO  o.e.m.j.i.AbstractJavaProjectConfigurator - Adding resource folder /demo/src/main/resources
2025-01-10 01:28:15,010 [Worker-2: Import Getting Started Content] INFO  o.e.m.j.i.AbstractJavaProjectConfigurator - Adding resource folder /demo/src/main/resources
2025-01-10 01:28:15,014 [Worker-2: Import Getting Started Content] INFO  o.e.m.j.i.AbstractJavaProjectConfigurator - Adding source folder /demo/src/test/java
2025-01-10 01:28:15,014 [Worker-2: Import Getting Started Content] INFO  o.e.m.j.i.AbstractJavaProjectConfigurator - Adding resource folder /demo/src/test/resources
2025-01-10 01:28:15,197 [Worker-2: Import Getting Started Content] INFO  o.e.m.c.i.p.ProjectConfigurationManager - Imported and configured 1 project(s) in 11 sec
2025-01-10 01:28:15,200 [Worker-2: Import Getting Started Content] INFO  o.e.m.c.i.p.ProjectConfigurationManager - Update started
2025-01-10 01:28:15,550 [Worker-2: Import Getting Started Content] INFO  o.e.m.c.i.l.LifecycleMappingFactory - Using org.eclipse.m2e.jdt.JarLifecycleMapping lifecycle mapping for MavenProject: com.example:demo:0.0.1-SNAPSHOT @ C:\Users\surajendra\Work_Requests\Eclipse_Workspace\Spring\Test\demo\pom.xml.
2025-01-10 01:28:15,810 [Worker-2: Import Getting Started Content] INFO  o.e.m.j.i.AbstractJavaProjectConfigurator - Adding source folder /demo/src/main/java
2025-01-10 01:28:15,811 [Worker-2: Import Getting Started Content] INFO  o.e.m.j.i.AbstractJavaProjectConfigurator - Adding resource folder /demo/src/main/resources
2025-01-10 01:28:15,811 [Worker-2: Import Getting Started Content] INFO  o.e.m.j.i.AbstractJavaProjectConfigurator - Adding resource folder /demo/src/main/resources
2025-01-10 01:28:15,811 [Worker-2: Import Getting Started Content] INFO  o.e.m.j.i.AbstractJavaProjectConfigurator - Adding source folder /demo/src/test/java
2025-01-10 01:28:15,812 [Worker-2: Import Getting Started Content] INFO  o.e.m.j.i.AbstractJavaProjectConfigurator - Adding resource folder /demo/src/test/resources
2025-01-10 01:28:15,971 [Worker-15: Download sources and javadoc] INFO  o.e.m.c.i.e.AbstractTransferListenerAdapter - Downloading https://repo.maven.apache.org/maven2/org/springframework/boot/spring-boot-starter/3.4.1/spring-boot-starter-3.4.1-sources.jar
2025-01-10 01:28:15,992 [Worker-15: Download sources and javadoc] INFO  o.e.m.c.i.e.AbstractTransferListenerAdapter - Downloaded https://repo.maven.apache.org/maven2/org/springframework/boot/spring-boot-starter/3.4.1/spring-boot-starter-3.4.1-sources.jar
2025-01-10 01:28:16,001 [Worker-15: Download sources and javadoc] INFO  o.e.m.j.internal.DownloadSourcesJob - Downloaded sources for org.springframework.boot:spring-boot-starter:3.4.1
2025-01-10 01:28:16,086 [Worker-2: Import Getting Started Content] INFO  o.e.m.c.i.p.ProjectConfigurationManager - Update completed for 1 poms: local refresh takes 0.00 sec, refresh facades takes 0.00 sec, update config takes 0.00 sec 
2025-01-10 01:28:16,093 [Worker-15: Download sources and javadoc] INFO  o.e.m.c.i.e.AbstractTransferListenerAdapter - Downloading https://repo.maven.apache.org/maven2/org/springframework/boot/spring-boot/3.4.1/spring-boot-3.4.1-sources.jar
2025-01-10 01:28:16,530 [Worker-15: Download sources and javadoc] INFO  o.e.m.c.i.e.AbstractTransferListenerAdapter - Downloaded https://repo.maven.apache.org/maven2/org/springframework/boot/spring-boot/3.4.1/spring-boot-3.4.1-sources.jar
2025-01-10 01:28:16,539 [Worker-15: Download sources and javadoc] INFO  o.e.m.j.internal.DownloadSourcesJob - Downloaded sources for org.springframework.boot:spring-boot:3.4.1
2025-01-10 01:28:16,644 [Worker-15: Download sources and javadoc] INFO  o.e.m.c.i.e.AbstractTransferListenerAdapter - Downloading https://repo.maven.apache.org/maven2/org/springframework/spring-context/6.2.1/spring-context-6.2.1-sources.jar
2025-01-10 01:28:16,735 [Worker-19: Building] INFO  o.a.m.s.f.DefaultMavenResourcesFiltering - Copying 1 resource from src\main\resources to target\classes
2025-01-10 01:28:16,756 [Worker-19: Building] INFO  o.a.m.s.f.DefaultMavenResourcesFiltering - Copying 0 resource from src\main\resources to target\classes
2025-01-10 01:28:16,762 [Worker-19: Building] INFO  o.a.m.s.f.DefaultMavenResourcesFiltering - skip non existing resourceDirectory C:\Users\surajendra\Work_Requests\Eclipse_Workspace\Spring\Test\demo\src\test\resources
2025-01-10 01:28:17,527 [Worker-15: Download sources and javadoc] INFO  o.e.m.c.i.e.AbstractTransferListenerAdapter - Downloaded https://repo.maven.apache.org/maven2/org/springframework/spring-context/6.2.1/spring-context-6.2.1-sources.jar
2025-01-10 01:28:17,538 [Worker-15: Download sources and javadoc] INFO  o.e.m.j.internal.DownloadSourcesJob - Downloaded sources for org.springframework:spring-context:6.2.1
2025-01-10 01:28:17,626 [Worker-15: Download sources and javadoc] INFO  o.e.m.c.i.e.AbstractTransferListenerAdapter - Downloading https://repo.maven.apache.org/maven2/org/springframework/spring-aop/6.2.1/spring-aop-6.2.1-sources.jar
2025-01-10 01:28:17,730 [Worker-15: Download sources and javadoc] INFO  o.e.m.c.i.e.AbstractTransferListenerAdapter - Downloaded https://repo.maven.apache.org/maven2/org/springframework/spring-aop/6.2.1/spring-aop-6.2.1-sources.jar
2025-01-10 01:28:17,736 [Worker-15: Download sources and javadoc] INFO  o.e.m.j.internal.DownloadSourcesJob - Downloaded sources for org.springframework:spring-aop:6.2.1
2025-01-10 01:28:17,823 [Worker-15: Download sources and javadoc] INFO  o.e.m.c.i.e.AbstractTransferListenerAdapter - Downloading https://repo.maven.apache.org/maven2/org/springframework/spring-beans/6.2.1/spring-beans-6.2.1-sources.jar
2025-01-10 01:28:17,966 [Worker-15: Download sources and javadoc] INFO  o.e.m.c.i.e.AbstractTransferListenerAdapter - Downloaded https://repo.maven.apache.org/maven2/org/springframework/spring-beans/6.2.1/spring-beans-6.2.1-sources.jar
2025-01-10 01:28:17,975 [Worker-15: Download sources and javadoc] INFO  o.e.m.j.internal.DownloadSourcesJob - Downloaded sources for org.springframework:spring-beans:6.2.1
2025-01-10 01:28:18,063 [Worker-15: Download sources and javadoc] INFO  o.e.m.c.i.e.AbstractTransferListenerAdapter - Downloading https://repo.maven.apache.org/maven2/org/springframework/spring-expression/6.2.1/spring-expression-6.2.1-sources.jar
2025-01-10 01:28:18,178 [Worker-15: Download sources and javadoc] INFO  o.e.m.c.i.e.AbstractTransferListenerAdapter - Downloaded https://repo.maven.apache.org/maven2/org/springframework/spring-expression/6.2.1/spring-expression-6.2.1-sources.jar
2025-01-10 01:28:18,188 [Worker-15: Download sources and javadoc] INFO  o.e.m.j.internal.DownloadSourcesJob - Downloaded sources for org.springframework:spring-expression:6.2.1
2025-01-10 01:28:18,280 [Worker-15: Download sources and javadoc] INFO  o.e.m.c.i.e.AbstractTransferListenerAdapter - Downloading https://repo.maven.apache.org/maven2/io/micrometer/micrometer-observation/1.14.2/micrometer-observation-1.14.2-sources.jar
2025-01-10 01:28:18,311 [Worker-15: Download sources and javadoc] INFO  o.e.m.c.i.e.AbstractTransferListenerAdapter - Downloaded https://repo.maven.apache.org/maven2/io/micrometer/micrometer-observation/1.14.2/micrometer-observation-1.14.2-sources.jar
2025-01-10 01:28:18,317 [Worker-15: Download sources and javadoc] INFO  o.e.m.j.internal.DownloadSourcesJob - Downloaded sources for io.micrometer:micrometer-observation:1.14.2
2025-01-10 01:28:18,394 [Worker-15: Download sources and javadoc] INFO  o.e.m.c.i.e.AbstractTransferListenerAdapter - Downloading https://repo.maven.apache.org/maven2/io/micrometer/micrometer-commons/1.14.2/micrometer-commons-1.14.2-sources.jar
2025-01-10 01:28:18,432 [Worker-15: Download sources and javadoc] INFO  o.e.m.c.i.e.AbstractTransferListenerAdapter - Downloaded https://repo.maven.apache.org/maven2/io/micrometer/micrometer-commons/1.14.2/micrometer-commons-1.14.2-sources.jar
2025-01-10 01:28:18,440 [Worker-15: Download sources and javadoc] INFO  o.e.m.j.internal.DownloadSourcesJob - Downloaded sources for io.micrometer:micrometer-commons:1.14.2
2025-01-10 01:28:18,518 [Worker-15: Download sources and javadoc] INFO  o.e.m.c.i.e.AbstractTransferListenerAdapter - Downloading https://repo.maven.apache.org/maven2/org/springframework/boot/spring-boot-autoconfigure/3.4.1/spring-boot-autoconfigure-3.4.1-sources.jar
2025-01-10 01:28:18,732 [Worker-15: Download sources and javadoc] INFO  o.e.m.c.i.e.AbstractTransferListenerAdapter - Downloaded https://repo.maven.apache.org/maven2/org/springframework/boot/spring-boot-autoconfigure/3.4.1/spring-boot-autoconfigure-3.4.1-sources.jar
2025-01-10 01:28:18,739 [Worker-15: Download sources and javadoc] INFO  o.e.m.j.internal.DownloadSourcesJob - Downloaded sources for org.springframework.boot:spring-boot-autoconfigure:3.4.1
2025-01-10 01:28:18,828 [Worker-15: Download sources and javadoc] INFO  o.e.m.c.i.e.AbstractTransferListenerAdapter - Downloading https://repo.maven.apache.org/maven2/org/springframework/boot/spring-boot-starter-logging/3.4.1/spring-boot-starter-logging-3.4.1-sources.jar
2025-01-10 01:28:18,838 [Worker-15: Download sources and javadoc] INFO  o.e.m.c.i.e.AbstractTransferListenerAdapter - Downloaded https://repo.maven.apache.org/maven2/org/springframework/boot/spring-boot-starter-logging/3.4.1/spring-boot-starter-logging-3.4.1-sources.jar
2025-01-10 01:28:18,843 [Worker-15: Download sources and javadoc] INFO  o.e.m.j.internal.DownloadSourcesJob - Downloaded sources for org.springframework.boot:spring-boot-starter-logging:3.4.1
2025-01-10 01:28:18,919 [Worker-15: Download sources and javadoc] INFO  o.e.m.c.i.e.AbstractTransferListenerAdapter - Downloading https://repo.maven.apache.org/maven2/ch/qos/logback/logback-classic/1.5.12/logback-classic-1.5.12-sources.jar
2025-01-10 01:28:18,999 [Worker-15: Download sources and javadoc] INFO  o.e.m.c.i.e.AbstractTransferListenerAdapter - Downloaded https://repo.maven.apache.org/maven2/ch/qos/logback/logback-classic/1.5.12/logback-classic-1.5.12-sources.jar
2025-01-10 01:28:19,005 [Worker-15: Download sources and javadoc] INFO  o.e.m.j.internal.DownloadSourcesJob - Downloaded sources for ch.qos.logback:logback-classic:1.5.12
2025-01-10 01:28:19,081 [Worker-15: Download sources and javadoc] INFO  o.e.m.c.i.e.AbstractTransferListenerAdapter - Downloading https://repo.maven.apache.org/maven2/ch/qos/logback/logback-core/1.5.12/logback-core-1.5.12-sources.jar
2025-01-10 01:28:19,224 [Worker-15: Download sources and javadoc] INFO  o.e.m.c.i.e.AbstractTransferListenerAdapter - Downloaded https://repo.maven.apache.org/maven2/ch/qos/logback/logback-core/1.5.12/logback-core-1.5.12-sources.jar
2025-01-10 01:28:19,230 [Worker-15: Download sources and javadoc] INFO  o.e.m.j.internal.DownloadSourcesJob - Downloaded sources for ch.qos.logback:logback-core:1.5.12
2025-01-10 01:28:19,308 [Worker-15: Download sources and javadoc] INFO  o.e.m.c.i.e.AbstractTransferListenerAdapter - Downloading https://repo.maven.apache.org/maven2/org/apache/logging/log4j/log4j-to-slf4j/2.24.3/log4j-to-slf4j-2.24.3-sources.jar
2025-01-10 01:28:19,325 [Worker-15: Download sources and javadoc] INFO  o.e.m.c.i.e.AbstractTransferListenerAdapter - Downloaded https://repo.maven.apache.org/maven2/org/apache/logging/log4j/log4j-to-slf4j/2.24.3/log4j-to-slf4j-2.24.3-sources.jar
2025-01-10 01:28:19,333 [Worker-15: Download sources and javadoc] INFO  o.e.m.j.internal.DownloadSourcesJob - Downloaded sources for org.apache.logging.log4j:log4j-to-slf4j:2.24.3
2025-01-10 01:28:19,449 [Worker-15: Download sources and javadoc] INFO  o.e.m.c.i.e.AbstractTransferListenerAdapter - Downloading https://repo.maven.apache.org/maven2/org/apache/logging/log4j/log4j-api/2.24.3/log4j-api-2.24.3-sources.jar
2025-01-10 01:28:19,533 [Worker-15: Download sources and javadoc] INFO  o.e.m.c.i.e.AbstractTransferListenerAdapter - Downloaded https://repo.maven.apache.org/maven2/org/apache/logging/log4j/log4j-api/2.24.3/log4j-api-2.24.3-sources.jar
2025-01-10 01:28:19,538 [Worker-15: Download sources and javadoc] INFO  o.e.m.j.internal.DownloadSourcesJob - Downloaded sources for org.apache.logging.log4j:log4j-api:2.24.3
2025-01-10 01:28:19,612 [Worker-15: Download sources and javadoc] INFO  o.e.m.c.i.e.AbstractTransferListenerAdapter - Downloading https://repo.maven.apache.org/maven2/org/slf4j/jul-to-slf4j/2.0.16/jul-to-slf4j-2.0.16-sources.jar
2025-01-10 01:28:19,619 [Worker-15: Download sources and javadoc] INFO  o.e.m.c.i.e.AbstractTransferListenerAdapter - Downloaded https://repo.maven.apache.org/maven2/org/slf4j/jul-to-slf4j/2.0.16/jul-to-slf4j-2.0.16-sources.jar
2025-01-10 01:28:19,625 [Worker-15: Download sources and javadoc] INFO  o.e.m.j.internal.DownloadSourcesJob - Downloaded sources for org.slf4j:jul-to-slf4j:2.0.16
2025-01-10 01:28:19,705 [Worker-15: Download sources and javadoc] INFO  o.e.m.c.i.e.AbstractTransferListenerAdapter - Downloading https://repo.maven.apache.org/maven2/org/springframework/spring-core/6.2.1/spring-core-6.2.1-sources.jar
2025-01-10 01:28:19,953 [Worker-15: Download sources and javadoc] INFO  o.e.m.c.i.e.AbstractTransferListenerAdapter - Downloaded https://repo.maven.apache.org/maven2/org/springframework/spring-core/6.2.1/spring-core-6.2.1-sources.jar
2025-01-10 01:28:19,957 [Worker-15: Download sources and javadoc] INFO  o.e.m.j.internal.DownloadSourcesJob - Downloaded sources for org.springframework:spring-core:6.2.1
2025-01-10 01:28:20,034 [Worker-15: Download sources and javadoc] INFO  o.e.m.c.i.e.AbstractTransferListenerAdapter - Downloading https://repo.maven.apache.org/maven2/org/springframework/spring-jcl/6.2.1/spring-jcl-6.2.1-sources.jar
2025-01-10 01:28:20,043 [Worker-15: Download sources and javadoc] INFO  o.e.m.c.i.e.AbstractTransferListenerAdapter - Downloaded https://repo.maven.apache.org/maven2/org/springframework/spring-jcl/6.2.1/spring-jcl-6.2.1-sources.jar
2025-01-10 01:28:20,048 [Worker-15: Download sources and javadoc] INFO  o.e.m.j.internal.DownloadSourcesJob - Downloaded sources for org.springframework:spring-jcl:6.2.1
2025-01-10 01:28:20,130 [Worker-15: Download sources and javadoc] INFO  o.e.m.c.i.e.AbstractTransferListenerAdapter - Downloading https://repo.maven.apache.org/maven2/org/yaml/snakeyaml/2.3/snakeyaml-2.3-sources.jar
2025-01-10 01:28:20,196 [Worker-15: Download sources and javadoc] INFO  o.e.m.c.i.e.AbstractTransferListenerAdapter - Downloaded https://repo.maven.apache.org/maven2/org/yaml/snakeyaml/2.3/snakeyaml-2.3-sources.jar
2025-01-10 01:28:20,200 [Worker-15: Download sources and javadoc] INFO  o.e.m.j.internal.DownloadSourcesJob - Downloaded sources for org.yaml:snakeyaml:2.3
2025-01-10 01:28:20,276 [Worker-15: Download sources and javadoc] INFO  o.e.m.c.i.e.AbstractTransferListenerAdapter - Downloading https://repo.maven.apache.org/maven2/org/springframework/boot/spring-boot-starter-test/3.4.1/spring-boot-starter-test-3.4.1-sources.jar
2025-01-10 01:28:20,285 [Worker-15: Download sources and javadoc] INFO  o.e.m.c.i.e.AbstractTransferListenerAdapter - Downloaded https://repo.maven.apache.org/maven2/org/springframework/boot/spring-boot-starter-test/3.4.1/spring-boot-starter-test-3.4.1-sources.jar
2025-01-10 01:28:20,290 [Worker-15: Download sources and javadoc] INFO  o.e.m.j.internal.DownloadSourcesJob - Downloaded sources for org.springframework.boot:spring-boot-starter-test:3.4.1
2025-01-10 01:28:20,365 [Worker-15: Download sources and javadoc] INFO  o.e.m.c.i.e.AbstractTransferListenerAdapter - Downloading https://repo.maven.apache.org/maven2/org/springframework/boot/spring-boot-test/3.4.1/spring-boot-test-3.4.1-sources.jar
2025-01-10 01:28:20,424 [Worker-15: Download sources and javadoc] INFO  o.e.m.c.i.e.AbstractTransferListenerAdapter - Downloaded https://repo.maven.apache.org/maven2/org/springframework/boot/spring-boot-test/3.4.1/spring-boot-test-3.4.1-sources.jar
2025-01-10 01:28:20,428 [Worker-15: Download sources and javadoc] INFO  o.e.m.j.internal.DownloadSourcesJob - Downloaded sources for org.springframework.boot:spring-boot-test:3.4.1
2025-01-10 01:28:20,501 [Worker-15: Download sources and javadoc] INFO  o.e.m.c.i.e.AbstractTransferListenerAdapter - Downloading https://repo.maven.apache.org/maven2/org/springframework/boot/spring-boot-test-autoconfigure/3.4.1/spring-boot-test-autoconfigure-3.4.1-sources.jar
2025-01-10 01:28:20,569 [Worker-15: Download sources and javadoc] INFO  o.e.m.c.i.e.AbstractTransferListenerAdapter - Downloaded https://repo.maven.apache.org/maven2/org/springframework/boot/spring-boot-test-autoconfigure/3.4.1/spring-boot-test-autoconfigure-3.4.1-sources.jar
2025-01-10 01:28:20,574 [Worker-15: Download sources and javadoc] INFO  o.e.m.j.internal.DownloadSourcesJob - Downloaded sources for org.springframework.boot:spring-boot-test-autoconfigure:3.4.1
2025-01-10 01:28:20,646 [Worker-15: Download sources and javadoc] INFO  o.e.m.c.i.e.AbstractTransferListenerAdapter - Downloading https://repo.maven.apache.org/maven2/com/jayway/jsonpath/json-path/2.9.0/json-path-2.9.0-sources.jar
2025-01-10 01:28:20,705 [Worker-15: Download sources and javadoc] INFO  o.e.m.c.i.e.AbstractTransferListenerAdapter - Downloaded https://repo.maven.apache.org/maven2/com/jayway/jsonpath/json-path/2.9.0/json-path-2.9.0-sources.jar
2025-01-10 01:28:20,709 [Worker-15: Download sources and javadoc] INFO  o.e.m.j.internal.DownloadSourcesJob - Downloaded sources for com.jayway.jsonpath:json-path:2.9.0
2025-01-10 01:28:20,795 [Worker-15: Download sources and javadoc] INFO  o.e.m.c.i.e.AbstractTransferListenerAdapter - Downloading https://repo.maven.apache.org/maven2/org/slf4j/slf4j-api/2.0.16/slf4j-api-2.0.16-sources.jar
2025-01-10 01:28:20,843 [Worker-15: Download sources and javadoc] INFO  o.e.m.c.i.e.AbstractTransferListenerAdapter - Downloaded https://repo.maven.apache.org/maven2/org/slf4j/slf4j-api/2.0.16/slf4j-api-2.0.16-sources.jar
2025-01-10 01:28:20,851 [Worker-15: Download sources and javadoc] INFO  o.e.m.j.internal.DownloadSourcesJob - Downloaded sources for org.slf4j:slf4j-api:2.0.16
2025-01-10 01:28:20,931 [Worker-15: Download sources and javadoc] INFO  o.e.m.c.i.e.AbstractTransferListenerAdapter - Downloading https://repo.maven.apache.org/maven2/jakarta/xml/bind/jakarta.xml.bind-api/4.0.2/jakarta.xml.bind-api-4.0.2-sources.jar
2025-01-10 01:28:20,997 [Worker-15: Download sources and javadoc] INFO  o.e.m.c.i.e.AbstractTransferListenerAdapter - Downloaded https://repo.maven.apache.org/maven2/jakarta/xml/bind/jakarta.xml.bind-api/4.0.2/jakarta.xml.bind-api-4.0.2-sources.jar
2025-01-10 01:28:21,001 [Worker-15: Download sources and javadoc] INFO  o.e.m.j.internal.DownloadSourcesJob - Downloaded sources for jakarta.xml.bind:jakarta.xml.bind-api:4.0.2
2025-01-10 01:28:21,079 [Worker-15: Download sources and javadoc] INFO  o.e.m.c.i.e.AbstractTransferListenerAdapter - Downloading https://repo.maven.apache.org/maven2/jakarta/activation/jakarta.activation-api/2.1.3/jakarta.activation-api-2.1.3-sources.jar
2025-01-10 01:28:21,117 [Worker-15: Download sources and javadoc] INFO  o.e.m.c.i.e.AbstractTransferListenerAdapter - Downloaded https://repo.maven.apache.org/maven2/jakarta/activation/jakarta.activation-api/2.1.3/jakarta.activation-api-2.1.3-sources.jar
2025-01-10 01:28:21,121 [Worker-15: Download sources and javadoc] INFO  o.e.m.j.internal.DownloadSourcesJob - Downloaded sources for jakarta.activation:jakarta.activation-api:2.1.3
2025-01-10 01:28:21,201 [Worker-15: Download sources and javadoc] INFO  o.e.m.c.i.e.AbstractTransferListenerAdapter - Downloading https://repo.maven.apache.org/maven2/net/minidev/json-smart/2.5.1/json-smart-2.5.1-sources.jar
2025-01-10 01:28:21,234 [Worker-15: Download sources and javadoc] INFO  o.e.m.c.i.e.AbstractTransferListenerAdapter - Downloaded https://repo.maven.apache.org/maven2/net/minidev/json-smart/2.5.1/json-smart-2.5.1-sources.jar
2025-01-10 01:28:21,238 [Worker-15: Download sources and javadoc] INFO  o.e.m.j.internal.DownloadSourcesJob - Downloaded sources for net.minidev:json-smart:2.5.1
2025-01-10 01:28:21,328 [Worker-15: Download sources and javadoc] INFO  o.e.m.c.i.e.AbstractTransferListenerAdapter - Downloading https://repo.maven.apache.org/maven2/net/minidev/accessors-smart/2.5.1/accessors-smart-2.5.1-sources.jar
2025-01-10 01:28:21,335 [Worker-15: Download sources and javadoc] INFO  o.e.m.c.i.e.AbstractTransferListenerAdapter - Downloaded https://repo.maven.apache.org/maven2/net/minidev/accessors-smart/2.5.1/accessors-smart-2.5.1-sources.jar
2025-01-10 01:28:21,339 [Worker-15: Download sources and javadoc] INFO  o.e.m.j.internal.DownloadSourcesJob - Downloaded sources for net.minidev:accessors-smart:2.5.1
2025-01-10 01:28:21,418 [Worker-15: Download sources and javadoc] INFO  o.e.m.c.i.e.AbstractTransferListenerAdapter - Downloading https://repo.maven.apache.org/maven2/org/ow2/asm/asm/9.6/asm-9.6-sources.jar
2025-01-10 01:28:21,492 [Worker-15: Download sources and javadoc] INFO  o.e.m.c.i.e.AbstractTransferListenerAdapter - Downloaded https://repo.maven.apache.org/maven2/org/ow2/asm/asm/9.6/asm-9.6-sources.jar
2025-01-10 01:28:21,499 [Worker-15: Download sources and javadoc] INFO  o.e.m.j.internal.DownloadSourcesJob - Downloaded sources for org.ow2.asm:asm:9.6
2025-01-10 01:28:21,576 [Worker-15: Download sources and javadoc] INFO  o.e.m.c.i.e.AbstractTransferListenerAdapter - Downloading https://repo.maven.apache.org/maven2/org/assertj/assertj-core/3.26.3/assertj-core-3.26.3-sources.jar
2025-01-10 01:28:21,910 [Worker-15: Download sources and javadoc] INFO  o.e.m.c.i.e.AbstractTransferListenerAdapter - Downloaded https://repo.maven.apache.org/maven2/org/assertj/assertj-core/3.26.3/assertj-core-3.26.3-sources.jar
2025-01-10 01:28:21,914 [Worker-15: Download sources and javadoc] INFO  o.e.m.j.internal.DownloadSourcesJob - Downloaded sources for org.assertj:assertj-core:3.26.3
2025-01-10 01:28:21,996 [Worker-15: Download sources and javadoc] INFO  o.e.m.c.i.e.AbstractTransferListenerAdapter - Downloading https://repo.maven.apache.org/maven2/net/bytebuddy/byte-buddy/1.15.11/byte-buddy-1.15.11-sources.jar
2025-01-10 01:28:22,222 [Worker-15: Download sources and javadoc] INFO  o.e.m.c.i.e.AbstractTransferListenerAdapter - Downloaded https://repo.maven.apache.org/maven2/net/bytebuddy/byte-buddy/1.15.11/byte-buddy-1.15.11-sources.jar
2025-01-10 01:28:22,226 [Worker-15: Download sources and javadoc] INFO  o.e.m.j.internal.DownloadSourcesJob - Downloaded sources for net.bytebuddy:byte-buddy:1.15.11
2025-01-10 01:28:22,307 [Worker-15: Download sources and javadoc] INFO  o.e.m.c.i.e.AbstractTransferListenerAdapter - Downloading https://repo.maven.apache.org/maven2/org/awaitility/awaitility/4.2.2/awaitility-4.2.2-sources.jar
2025-01-10 01:28:22,341 [Worker-15: Download sources and javadoc] INFO  o.e.m.c.i.e.AbstractTransferListenerAdapter - Downloaded https://repo.maven.apache.org/maven2/org/awaitility/awaitility/4.2.2/awaitility-4.2.2-sources.jar
2025-01-10 01:28:22,345 [Worker-15: Download sources and javadoc] INFO  o.e.m.j.internal.DownloadSourcesJob - Downloaded sources for org.awaitility:awaitility:4.2.2
2025-01-10 01:28:22,434 [Worker-15: Download sources and javadoc] INFO  o.e.m.c.i.e.AbstractTransferListenerAdapter - Downloading https://repo.maven.apache.org/maven2/org/junit/jupiter/junit-jupiter/5.11.4/junit-jupiter-5.11.4-sources.jar
2025-01-10 01:28:22,440 [Worker-15: Download sources and javadoc] INFO  o.e.m.c.i.e.AbstractTransferListenerAdapter - Downloaded https://repo.maven.apache.org/maven2/org/junit/jupiter/junit-jupiter/5.11.4/junit-jupiter-5.11.4-sources.jar
2025-01-10 01:28:22,444 [Worker-15: Download sources and javadoc] INFO  o.e.m.j.internal.DownloadSourcesJob - Downloaded sources for org.junit.jupiter:junit-jupiter:5.11.4
2025-01-10 01:28:22,523 [Worker-15: Download sources and javadoc] INFO  o.e.m.c.i.e.AbstractTransferListenerAdapter - Downloading https://repo.maven.apache.org/maven2/org/junit/jupiter/junit-jupiter-api/5.11.4/junit-jupiter-api-5.11.4-sources.jar
2025-01-10 01:28:22,600 [Worker-15: Download sources and javadoc] INFO  o.e.m.c.i.e.AbstractTransferListenerAdapter - Downloaded https://repo.maven.apache.org/maven2/org/junit/jupiter/junit-jupiter-api/5.11.4/junit-jupiter-api-5.11.4-sources.jar
2025-01-10 01:28:22,604 [Worker-15: Download sources and javadoc] INFO  o.e.m.j.internal.DownloadSourcesJob - Downloaded sources for org.junit.jupiter:junit-jupiter-api:5.11.4
2025-01-10 01:28:22,681 [Worker-15: Download sources and javadoc] INFO  o.e.m.c.i.e.AbstractTransferListenerAdapter - Downloading https://repo.maven.apache.org/maven2/org/opentest4j/opentest4j/1.3.0/opentest4j-1.3.0-sources.jar
2025-01-10 01:28:22,690 [Worker-15: Download sources and javadoc] INFO  o.e.m.c.i.e.AbstractTransferListenerAdapter - Downloaded https://repo.maven.apache.org/maven2/org/opentest4j/opentest4j/1.3.0/opentest4j-1.3.0-sources.jar
2025-01-10 01:28:22,694 [Worker-15: Download sources and javadoc] INFO  o.e.m.j.internal.DownloadSourcesJob - Downloaded sources for org.opentest4j:opentest4j:1.3.0
2025-01-10 01:28:22,775 [Worker-15: Download sources and javadoc] INFO  o.e.m.c.i.e.AbstractTransferListenerAdapter - Downloading https://repo.maven.apache.org/maven2/org/junit/platform/junit-platform-commons/1.11.4/junit-platform-commons-1.11.4-sources.jar
2025-01-10 01:28:22,818 [Worker-15: Download sources and javadoc] INFO  o.e.m.c.i.e.AbstractTransferListenerAdapter - Downloaded https://repo.maven.apache.org/maven2/org/junit/platform/junit-platform-commons/1.11.4/junit-platform-commons-1.11.4-sources.jar
2025-01-10 01:28:22,822 [Worker-15: Download sources and javadoc] INFO  o.e.m.j.internal.DownloadSourcesJob - Downloaded sources for org.junit.platform:junit-platform-commons:1.11.4
2025-01-10 01:28:22,912 [Worker-15: Download sources and javadoc] INFO  o.e.m.c.i.e.AbstractTransferListenerAdapter - Downloading https://repo.maven.apache.org/maven2/org/junit/jupiter/junit-jupiter-params/5.11.4/junit-jupiter-params-5.11.4-sources.jar
2025-01-10 01:28:22,945 [Worker-15: Download sources and javadoc] INFO  o.e.m.c.i.e.AbstractTransferListenerAdapter - Downloaded https://repo.maven.apache.org/maven2/org/junit/jupiter/junit-jupiter-params/5.11.4/junit-jupiter-params-5.11.4-sources.jar
2025-01-10 01:28:22,949 [Worker-15: Download sources and javadoc] INFO  o.e.m.j.internal.DownloadSourcesJob - Downloaded sources for org.junit.jupiter:junit-jupiter-params:5.11.4
2025-01-10 01:28:23,024 [Worker-15: Download sources and javadoc] INFO  o.e.m.c.i.e.AbstractTransferListenerAdapter - Downloading https://repo.maven.apache.org/maven2/org/junit/jupiter/junit-jupiter-engine/5.11.4/junit-jupiter-engine-5.11.4-sources.jar
2025-01-10 01:28:23,097 [Worker-15: Download sources and javadoc] INFO  o.e.m.c.i.e.AbstractTransferListenerAdapter - Downloaded https://repo.maven.apache.org/maven2/org/junit/jupiter/junit-jupiter-engine/5.11.4/junit-jupiter-engine-5.11.4-sources.jar
2025-01-10 01:28:23,101 [Worker-15: Download sources and javadoc] INFO  o.e.m.j.internal.DownloadSourcesJob - Downloaded sources for org.junit.jupiter:junit-jupiter-engine:5.11.4
2025-01-10 01:28:23,175 [Worker-15: Download sources and javadoc] INFO  o.e.m.c.i.e.AbstractTransferListenerAdapter - Downloading https://repo.maven.apache.org/maven2/org/junit/platform/junit-platform-engine/1.11.4/junit-platform-engine-1.11.4-sources.jar
2025-01-10 01:28:23,234 [Worker-15: Download sources and javadoc] INFO  o.e.m.c.i.e.AbstractTransferListenerAdapter - Downloaded https://repo.maven.apache.org/maven2/org/junit/platform/junit-platform-engine/1.11.4/junit-platform-engine-1.11.4-sources.jar
2025-01-10 01:28:23,239 [Worker-15: Download sources and javadoc] INFO  o.e.m.j.internal.DownloadSourcesJob - Downloaded sources for org.junit.platform:junit-platform-engine:1.11.4
2025-01-10 01:28:23,312 [Worker-15: Download sources and javadoc] INFO  o.e.m.c.i.e.AbstractTransferListenerAdapter - Downloading https://repo.maven.apache.org/maven2/org/mockito/mockito-core/5.14.2/mockito-core-5.14.2-sources.jar
2025-01-10 01:28:23,442 [Worker-15: Download sources and javadoc] INFO  o.e.m.c.i.e.AbstractTransferListenerAdapter - Downloaded https://repo.maven.apache.org/maven2/org/mockito/mockito-core/5.14.2/mockito-core-5.14.2-sources.jar
2025-01-10 01:28:23,445 [Worker-15: Download sources and javadoc] INFO  o.e.m.j.internal.DownloadSourcesJob - Downloaded sources for org.mockito:mockito-core:5.14.2
2025-01-10 01:28:23,532 [Worker-15: Download sources and javadoc] INFO  o.e.m.c.i.e.AbstractTransferListenerAdapter - Downloading https://repo.maven.apache.org/maven2/net/bytebuddy/byte-buddy-agent/1.15.11/byte-buddy-agent-1.15.11-sources.jar
2025-01-10 01:28:23,592 [Worker-15: Download sources and javadoc] INFO  o.e.m.c.i.e.AbstractTransferListenerAdapter - Downloaded https://repo.maven.apache.org/maven2/net/bytebuddy/byte-buddy-agent/1.15.11/byte-buddy-agent-1.15.11-sources.jar
2025-01-10 01:28:23,596 [Worker-15: Download sources and javadoc] INFO  o.e.m.j.internal.DownloadSourcesJob - Downloaded sources for net.bytebuddy:byte-buddy-agent:1.15.11
2025-01-10 01:28:23,671 [Worker-15: Download sources and javadoc] INFO  o.e.m.c.i.e.AbstractTransferListenerAdapter - Downloading https://repo.maven.apache.org/maven2/org/objenesis/objenesis/3.3/objenesis-3.3-sources.jar
2025-01-10 01:28:23,706 [Worker-15: Download sources and javadoc] INFO  o.e.m.c.i.e.AbstractTransferListenerAdapter - Downloaded https://repo.maven.apache.org/maven2/org/objenesis/objenesis/3.3/objenesis-3.3-sources.jar
2025-01-10 01:28:23,710 [Worker-15: Download sources and javadoc] INFO  o.e.m.j.internal.DownloadSourcesJob - Downloaded sources for org.objenesis:objenesis:3.3
2025-01-10 01:28:23,791 [Worker-15: Download sources and javadoc] INFO  o.e.m.c.i.e.AbstractTransferListenerAdapter - Downloading https://repo.maven.apache.org/maven2/org/mockito/mockito-junit-jupiter/5.14.2/mockito-junit-jupiter-5.14.2-sources.jar
2025-01-10 01:28:23,799 [Worker-15: Download sources and javadoc] INFO  o.e.m.c.i.e.AbstractTransferListenerAdapter - Downloaded https://repo.maven.apache.org/maven2/org/mockito/mockito-junit-jupiter/5.14.2/mockito-junit-jupiter-5.14.2-sources.jar
2025-01-10 01:28:23,803 [Worker-15: Download sources and javadoc] INFO  o.e.m.j.internal.DownloadSourcesJob - Downloaded sources for org.mockito:mockito-junit-jupiter:5.14.2
2025-01-10 01:28:23,878 [Worker-15: Download sources and javadoc] INFO  o.e.m.c.i.e.AbstractTransferListenerAdapter - Downloading https://repo.maven.apache.org/maven2/org/skyscreamer/jsonassert/1.5.3/jsonassert-1.5.3-sources.jar
2025-01-10 01:28:23,891 [Worker-15: Download sources and javadoc] INFO  o.e.m.c.i.e.AbstractTransferListenerAdapter - Downloaded https://repo.maven.apache.org/maven2/org/skyscreamer/jsonassert/1.5.3/jsonassert-1.5.3-sources.jar
2025-01-10 01:28:23,895 [Worker-15: Download sources and javadoc] INFO  o.e.m.j.internal.DownloadSourcesJob - Downloaded sources for org.skyscreamer:jsonassert:1.5.3
2025-01-10 01:28:23,981 [Worker-15: Download sources and javadoc] INFO  o.e.m.c.i.e.AbstractTransferListenerAdapter - Downloading https://repo.maven.apache.org/maven2/org/springframework/spring-test/6.2.1/spring-test-6.2.1-sources.jar
2025-01-10 01:28:24,116 [Worker-15: Download sources and javadoc] INFO  o.e.m.c.i.e.AbstractTransferListenerAdapter - Downloaded https://repo.maven.apache.org/maven2/org/springframework/spring-test/6.2.1/spring-test-6.2.1-sources.jar
2025-01-10 01:28:24,120 [Worker-15: Download sources and javadoc] INFO  o.e.m.j.internal.DownloadSourcesJob - Downloaded sources for org.springframework:spring-test:6.2.1
2025-01-10 01:28:24,206 [Worker-15: Download sources and javadoc] INFO  o.e.m.c.i.e.AbstractTransferListenerAdapter - Downloading https://repo.maven.apache.org/maven2/org/xmlunit/xmlunit-core/2.10.0/xmlunit-core-2.10.0-sources.jar
2025-01-10 01:28:24,249 [Worker-15: Download sources and javadoc] INFO  o.e.m.c.i.e.AbstractTransferListenerAdapter - Downloaded https://repo.maven.apache.org/maven2/org/xmlunit/xmlunit-core/2.10.0/xmlunit-core-2.10.0-sources.jar
2025-01-10 01:28:24,253 [Worker-15: Download sources and javadoc] INFO  o.e.m.j.internal.DownloadSourcesJob - Downloaded sources for org.xmlunit:xmlunit-core:2.10.0
2025-01-10 01:29:54,601 [Worker-2: Building] WARN  o.a.m.s.f.DefaultMavenResourcesFiltering - Using platform encoding (UTF-8 actually) to copy filtered resources, i.e. build is platform dependent!
2025-01-10 01:29:54,605 [Worker-2: Building] INFO  o.a.m.s.f.DefaultMavenResourcesFiltering - Copying 0 resource from src\main\resources to target\classes
2025-01-10 01:29:54,607 [Worker-2: Building] WARN  o.a.m.s.f.DefaultMavenResourcesFiltering - Using platform encoding (UTF-8 actually) to copy filtered resources, i.e. build is platform dependent!
2025-01-10 01:29:54,609 [Worker-2: Building] INFO  o.a.m.s.f.DefaultMavenResourcesFiltering - Copying 0 resource from src\test\resources to target\test-classes
2025-01-10 01:30:33,951 [Worker-16: Building] WARN  o.a.m.s.f.DefaultMavenResourcesFiltering - Using platform encoding (UTF-8 actually) to copy filtered resources, i.e. build is platform dependent!
2025-01-10 01:30:33,954 [Worker-16: Building] INFO  o.a.m.s.f.DefaultMavenResourcesFiltering - Copying 0 resource from src\main\resources to target\classes
2025-01-10 01:30:33,955 [Worker-16: Building] WARN  o.a.m.s.f.DefaultMavenResourcesFiltering - Using platform encoding (UTF-8 actually) to copy filtered resources, i.e. build is platform dependent!
2025-01-10 01:30:33,957 [Worker-16: Building] INFO  o.a.m.s.f.DefaultMavenResourcesFiltering - Copying 0 resource from src\test\resources to target\test-classes
2025-01-10 01:31:17,613 [Worker-17: Building] WARN  o.a.m.s.f.DefaultMavenResourcesFiltering - Using platform encoding (UTF-8 actually) to copy filtered resources, i.e. build is platform dependent!
2025-01-10 01:31:17,616 [Worker-17: Building] INFO  o.a.m.s.f.DefaultMavenResourcesFiltering - Copying 0 resource from src\main\resources to target\classes
2025-01-10 01:31:17,617 [Worker-17: Building] WARN  o.a.m.s.f.DefaultMavenResourcesFiltering - Using platform encoding (UTF-8 actually) to copy filtered resources, i.e. build is platform dependent!
2025-01-10 01:31:17,619 [Worker-17: Building] INFO  o.a.m.s.f.DefaultMavenResourcesFiltering - Copying 0 resource from src\test\resources to target\test-classes
2025-01-11 15:04:51,451 [Worker-5: Loading available Gradle versions] INFO  o.e.b.c.i.u.g.PublishedGradleVersions - Gradle version information cache is out-of-date. Trying to update.
2025-01-12 14:25:12,699 [Worker-130: Launching demo - DemoApplication] INFO  o.a.m.s.f.DefaultMavenResourcesFiltering - Copying 1 resource from src\main\resources to target\classes
2025-01-12 14:25:12,719 [Worker-130: Launching demo - DemoApplication] INFO  o.a.m.s.f.DefaultMavenResourcesFiltering - Copying 0 resource from src\main\resources to target\classes
2025-01-12 14:25:12,723 [Worker-130: Launching demo - DemoApplication] INFO  o.a.m.s.f.DefaultMavenResourcesFiltering - skip non existing resourceDirectory C:\Users\surajendra\Work_Requests\Eclipse_Workspace\Spring\Test\demo\src\test\resources
2025-01-12 14:25:13,587 [Worker-128: Building] WARN  o.a.m.s.f.DefaultMavenResourcesFiltering - Using platform encoding (UTF-8 actually) to copy filtered resources, i.e. build is platform dependent!
2025-01-12 14:25:13,592 [Worker-128: Building] INFO  o.a.m.s.f.DefaultMavenResourcesFiltering - Copying 0 resource from src\main\resources to target\classes
2025-01-12 14:25:13,596 [Worker-128: Building] WARN  o.a.m.s.f.DefaultMavenResourcesFiltering - Using platform encoding (UTF-8 actually) to copy filtered resources, i.e. build is platform dependent!
2025-01-12 14:25:13,600 [Worker-128: Building] INFO  o.a.m.s.f.DefaultMavenResourcesFiltering - Copying 0 resource from src\test\resources to target\test-classes
2025-01-12 14:32:43,912 [Worker-135: Building] INFO  o.a.m.s.f.DefaultMavenResourcesFiltering - Copying 1 resource from src\main\resources to target\classes
2025-01-12 14:32:43,919 [Worker-135: Building] INFO  o.a.m.s.f.DefaultMavenResourcesFiltering - Copying 0 resource from src\main\resources to target\classes
2025-01-12 14:32:43,922 [Worker-135: Building] INFO  o.a.m.s.f.DefaultMavenResourcesFiltering - skip non existing resourceDirectory C:\Users\surajendra\Work_Requests\Eclipse_Workspace\Spring\Test\demo\src\test\resources
2025-01-12 14:34:32,866 [Worker-138: Building] INFO  o.a.m.s.f.DefaultMavenResourcesFiltering - Copying 0 resource from src\main\resources to target\classes
2025-01-12 14:34:32,867 [Worker-138: Building] INFO  o.a.m.s.f.DefaultMavenResourcesFiltering - Copying 0 resource from src\main\resources to target\classes
2025-01-12 14:34:32,869 [Worker-138: Building] INFO  o.a.m.s.f.DefaultMavenResourcesFiltering - skip non existing resourceDirectory C:\Users\surajendra\Work_Requests\Eclipse_Workspace\Spring\Test\demo\src\test\resources
2025-01-12 16:46:06,341 [Worker-157: Building] INFO  o.a.m.s.f.DefaultMavenResourcesFiltering - Copying 2 resources from src\main\resources to target\classes
2025-01-12 16:46:06,376 [Worker-157: Building] INFO  o.a.m.s.f.DefaultMavenResourcesFiltering - Copying 0 resource from src\main\resources to target\classes
2025-01-12 16:46:06,379 [Worker-157: Building] INFO  o.a.m.s.f.DefaultMavenResourcesFiltering - skip non existing resourceDirectory C:\Users\surajendra\Work_Requests\Eclipse_Workspace\Spring\Test\demo\src\test\resources
2025-01-12 16:50:41,184 [Worker-161: Building] INFO  o.e.m.c.i.l.LifecycleMappingFactory - Using org.eclipse.m2e.jdt.JarLifecycleMapping lifecycle mapping for MavenProject: com.example:demo:0.0.1-SNAPSHOT @ C:\Users\surajendra\Work_Requests\Eclipse_Workspace\Spring\Test\demo\pom.xml.
2025-01-12 16:50:41,408 [Worker-161: Building] INFO  o.e.m.c.i.e.AbstractTransferListenerAdapter - Downloading https://repo.maven.apache.org/maven2/org/springframework/boot/spring-boot-starter-web/3.4.1/spring-boot-starter-web-3.4.1.pom
2025-01-12 16:50:41,422 [Worker-161: Building] INFO  o.e.m.c.i.e.AbstractTransferListenerAdapter - Downloaded https://repo.maven.apache.org/maven2/org/springframework/boot/spring-boot-starter-web/3.4.1/spring-boot-starter-web-3.4.1.pom
2025-01-12 16:50:41,513 [Worker-161: Building] INFO  o.e.m.c.i.e.AbstractTransferListenerAdapter - Downloading https://repo.maven.apache.org/maven2/org/springframework/boot/spring-boot-starter-json/3.4.1/spring-boot-starter-json-3.4.1.pom
2025-01-12 16:50:41,523 [Worker-161: Building] INFO  o.e.m.c.i.e.AbstractTransferListenerAdapter - Downloaded https://repo.maven.apache.org/maven2/org/springframework/boot/spring-boot-starter-json/3.4.1/spring-boot-starter-json-3.4.1.pom
2025-01-12 16:50:41,553 [Worker-161: Building] INFO  o.e.m.c.i.e.AbstractTransferListenerAdapter - Downloading https://repo.maven.apache.org/maven2/org/springframework/spring-web/6.2.1/spring-web-6.2.1.pom
2025-01-12 16:50:41,560 [Worker-161: Building] INFO  o.e.m.c.i.e.AbstractTransferListenerAdapter - Downloaded https://repo.maven.apache.org/maven2/org/springframework/spring-web/6.2.1/spring-web-6.2.1.pom
2025-01-12 16:50:41,589 [Worker-161: Building] INFO  o.e.m.c.i.e.AbstractTransferListenerAdapter - Downloading https://repo.maven.apache.org/maven2/com/fasterxml/jackson/core/jackson-databind/2.18.2/jackson-databind-2.18.2.pom
2025-01-12 16:50:41,605 [Worker-161: Building] INFO  o.e.m.c.i.e.AbstractTransferListenerAdapter - Downloaded https://repo.maven.apache.org/maven2/com/fasterxml/jackson/core/jackson-databind/2.18.2/jackson-databind-2.18.2.pom
2025-01-12 16:50:41,634 [Worker-161: Building] INFO  o.e.m.c.i.e.AbstractTransferListenerAdapter - Downloading https://repo.maven.apache.org/maven2/com/fasterxml/jackson/jackson-base/2.18.2/jackson-base-2.18.2.pom
2025-01-12 16:50:41,645 [Worker-161: Building] INFO  o.e.m.c.i.e.AbstractTransferListenerAdapter - Downloaded https://repo.maven.apache.org/maven2/com/fasterxml/jackson/jackson-base/2.18.2/jackson-base-2.18.2.pom
2025-01-12 16:50:41,680 [Worker-161: Building] INFO  o.e.m.c.i.e.AbstractTransferListenerAdapter - Downloading https://repo.maven.apache.org/maven2/com/fasterxml/jackson/core/jackson-annotations/2.18.2/jackson-annotations-2.18.2.pom
2025-01-12 16:50:41,689 [Worker-161: Building] INFO  o.e.m.c.i.e.AbstractTransferListenerAdapter - Downloaded https://repo.maven.apache.org/maven2/com/fasterxml/jackson/core/jackson-annotations/2.18.2/jackson-annotations-2.18.2.pom
2025-01-12 16:50:41,720 [Worker-161: Building] INFO  o.e.m.c.i.e.AbstractTransferListenerAdapter - Downloading https://repo.maven.apache.org/maven2/com/fasterxml/jackson/core/jackson-core/2.18.2/jackson-core-2.18.2.pom
2025-01-12 16:50:41,729 [Worker-161: Building] INFO  o.e.m.c.i.e.AbstractTransferListenerAdapter - Downloaded https://repo.maven.apache.org/maven2/com/fasterxml/jackson/core/jackson-core/2.18.2/jackson-core-2.18.2.pom
2025-01-12 16:50:41,761 [Worker-161: Building] INFO  o.e.m.c.i.e.AbstractTransferListenerAdapter - Downloading https://repo.maven.apache.org/maven2/com/fasterxml/jackson/datatype/jackson-datatype-jdk8/2.18.2/jackson-datatype-jdk8-2.18.2.pom
2025-01-12 16:50:41,769 [Worker-161: Building] INFO  o.e.m.c.i.e.AbstractTransferListenerAdapter - Downloaded https://repo.maven.apache.org/maven2/com/fasterxml/jackson/datatype/jackson-datatype-jdk8/2.18.2/jackson-datatype-jdk8-2.18.2.pom
2025-01-12 16:50:41,803 [Worker-161: Building] INFO  o.e.m.c.i.e.AbstractTransferListenerAdapter - Downloading https://repo.maven.apache.org/maven2/com/fasterxml/jackson/module/jackson-modules-java8/2.18.2/jackson-modules-java8-2.18.2.pom
2025-01-12 16:50:41,813 [Worker-161: Building] INFO  o.e.m.c.i.e.AbstractTransferListenerAdapter - Downloaded https://repo.maven.apache.org/maven2/com/fasterxml/jackson/module/jackson-modules-java8/2.18.2/jackson-modules-java8-2.18.2.pom
2025-01-12 16:50:41,843 [Worker-161: Building] INFO  o.e.m.c.i.e.AbstractTransferListenerAdapter - Downloading https://repo.maven.apache.org/maven2/com/fasterxml/jackson/datatype/jackson-datatype-jsr310/2.18.2/jackson-datatype-jsr310-2.18.2.pom
2025-01-12 16:50:41,851 [Worker-161: Building] INFO  o.e.m.c.i.e.AbstractTransferListenerAdapter - Downloaded https://repo.maven.apache.org/maven2/com/fasterxml/jackson/datatype/jackson-datatype-jsr310/2.18.2/jackson-datatype-jsr310-2.18.2.pom
2025-01-12 16:50:41,885 [Worker-161: Building] INFO  o.e.m.c.i.e.AbstractTransferListenerAdapter - Downloading https://repo.maven.apache.org/maven2/com/fasterxml/jackson/module/jackson-module-parameter-names/2.18.2/jackson-module-parameter-names-2.18.2.pom
2025-01-12 16:50:41,894 [Worker-161: Building] INFO  o.e.m.c.i.e.AbstractTransferListenerAdapter - Downloaded https://repo.maven.apache.org/maven2/com/fasterxml/jackson/module/jackson-module-parameter-names/2.18.2/jackson-module-parameter-names-2.18.2.pom
2025-01-12 16:50:41,927 [Worker-161: Building] INFO  o.e.m.c.i.e.AbstractTransferListenerAdapter - Downloading https://repo.maven.apache.org/maven2/org/springframework/boot/spring-boot-starter-tomcat/3.4.1/spring-boot-starter-tomcat-3.4.1.pom
2025-01-12 16:50:41,934 [Worker-161: Building] INFO  o.e.m.c.i.e.AbstractTransferListenerAdapter - Downloaded https://repo.maven.apache.org/maven2/org/springframework/boot/spring-boot-starter-tomcat/3.4.1/spring-boot-starter-tomcat-3.4.1.pom
2025-01-12 16:50:41,965 [Worker-161: Building] INFO  o.e.m.c.i.e.AbstractTransferListenerAdapter - Downloading https://repo.maven.apache.org/maven2/org/apache/tomcat/embed/tomcat-embed-core/10.1.34/tomcat-embed-core-10.1.34.pom
2025-01-12 16:50:41,972 [Worker-161: Building] INFO  o.e.m.c.i.e.AbstractTransferListenerAdapter - Downloaded https://repo.maven.apache.org/maven2/org/apache/tomcat/embed/tomcat-embed-core/10.1.34/tomcat-embed-core-10.1.34.pom
2025-01-12 16:50:42,002 [Worker-161: Building] INFO  o.e.m.c.i.e.AbstractTransferListenerAdapter - Downloading https://repo.maven.apache.org/maven2/org/apache/tomcat/embed/tomcat-embed-el/10.1.34/tomcat-embed-el-10.1.34.pom
2025-01-12 16:50:42,008 [Worker-161: Building] INFO  o.e.m.c.i.e.AbstractTransferListenerAdapter - Downloaded https://repo.maven.apache.org/maven2/org/apache/tomcat/embed/tomcat-embed-el/10.1.34/tomcat-embed-el-10.1.34.pom
2025-01-12 16:50:42,038 [Worker-161: Building] INFO  o.e.m.c.i.e.AbstractTransferListenerAdapter - Downloading https://repo.maven.apache.org/maven2/org/apache/tomcat/embed/tomcat-embed-websocket/10.1.34/tomcat-embed-websocket-10.1.34.pom
2025-01-12 16:50:42,044 [Worker-161: Building] INFO  o.e.m.c.i.e.AbstractTransferListenerAdapter - Downloaded https://repo.maven.apache.org/maven2/org/apache/tomcat/embed/tomcat-embed-websocket/10.1.34/tomcat-embed-websocket-10.1.34.pom
2025-01-12 16:50:42,073 [Worker-161: Building] INFO  o.e.m.c.i.e.AbstractTransferListenerAdapter - Downloading https://repo.maven.apache.org/maven2/org/springframework/spring-webmvc/6.2.1/spring-webmvc-6.2.1.pom
2025-01-12 16:50:42,080 [Worker-161: Building] INFO  o.e.m.c.i.e.AbstractTransferListenerAdapter - Downloaded https://repo.maven.apache.org/maven2/org/springframework/spring-webmvc/6.2.1/spring-webmvc-6.2.1.pom
2025-01-12 16:50:42,227 [Worker-161: Building] INFO  o.e.m.c.i.e.AbstractTransferListenerAdapter - Downloading https://repo.maven.apache.org/maven2/org/springframework/boot/spring-boot-starter-web/3.4.1/spring-boot-starter-web-3.4.1.jar
2025-01-12 16:50:42,238 [Worker-161: Building] INFO  o.e.m.c.i.e.AbstractTransferListenerAdapter - Downloaded https://repo.maven.apache.org/maven2/org/springframework/boot/spring-boot-starter-web/3.4.1/spring-boot-starter-web-3.4.1.jar
2025-01-12 16:50:42,265 [BasicRepositoryConnector-repo.maven.apache.org-0-0] INFO  o.e.m.c.i.e.AbstractTransferListenerAdapter - Downloading https://repo.maven.apache.org/maven2/org/springframework/boot/spring-boot-starter-json/3.4.1/spring-boot-starter-json-3.4.1.jar
2025-01-12 16:50:42,281 [BasicRepositoryConnector-repo.maven.apache.org-0-0] INFO  o.e.m.c.i.e.AbstractTransferListenerAdapter - Downloaded https://repo.maven.apache.org/maven2/org/springframework/boot/spring-boot-starter-json/3.4.1/spring-boot-starter-json-3.4.1.jar
2025-01-12 16:50:42,306 [BasicRepositoryConnector-repo.maven.apache.org-0-0] INFO  o.e.m.c.i.e.AbstractTransferListenerAdapter - Downloading https://repo.maven.apache.org/maven2/com/fasterxml/jackson/datatype/jackson-datatype-jsr310/2.18.2/jackson-datatype-jsr310-2.18.2.jar
2025-01-12 16:50:42,320 [BasicRepositoryConnector-repo.maven.apache.org-0-4] INFO  o.e.m.c.i.e.AbstractTransferListenerAdapter - Downloading https://repo.maven.apache.org/maven2/com/fasterxml/jackson/datatype/jackson-datatype-jdk8/2.18.2/jackson-datatype-jdk8-2.18.2.jar
2025-01-12 16:50:42,323 [BasicRepositoryConnector-repo.maven.apache.org-0-1] INFO  o.e.m.c.i.e.AbstractTransferListenerAdapter - Downloading https://repo.maven.apache.org/maven2/com/fasterxml/jackson/core/jackson-databind/2.18.2/jackson-databind-2.18.2.jar
2025-01-12 16:50:42,326 [BasicRepositoryConnector-repo.maven.apache.org-0-2] INFO  o.e.m.c.i.e.AbstractTransferListenerAdapter - Downloading https://repo.maven.apache.org/maven2/com/fasterxml/jackson/core/jackson-annotations/2.18.2/jackson-annotations-2.18.2.jar
2025-01-12 16:50:42,327 [BasicRepositoryConnector-repo.maven.apache.org-0-3] INFO  o.e.m.c.i.e.AbstractTransferListenerAdapter - Downloading https://repo.maven.apache.org/maven2/com/fasterxml/jackson/core/jackson-core/2.18.2/jackson-core-2.18.2.jar
2025-01-12 16:50:42,349 [BasicRepositoryConnector-repo.maven.apache.org-0-4] INFO  o.e.m.c.i.e.AbstractTransferListenerAdapter - Downloaded https://repo.maven.apache.org/maven2/com/fasterxml/jackson/datatype/jackson-datatype-jdk8/2.18.2/jackson-datatype-jdk8-2.18.2.jar
2025-01-12 16:50:42,370 [BasicRepositoryConnector-repo.maven.apache.org-0-2] INFO  o.e.m.c.i.e.AbstractTransferListenerAdapter - Downloaded https://repo.maven.apache.org/maven2/com/fasterxml/jackson/core/jackson-annotations/2.18.2/jackson-annotations-2.18.2.jar
2025-01-12 16:50:42,376 [BasicRepositoryConnector-repo.maven.apache.org-0-4] INFO  o.e.m.c.i.e.AbstractTransferListenerAdapter - Downloading https://repo.maven.apache.org/maven2/com/fasterxml/jackson/module/jackson-module-parameter-names/2.18.2/jackson-module-parameter-names-2.18.2.jar
2025-01-12 16:50:42,380 [BasicRepositoryConnector-repo.maven.apache.org-0-0] INFO  o.e.m.c.i.e.AbstractTransferListenerAdapter - Downloaded https://repo.maven.apache.org/maven2/com/fasterxml/jackson/datatype/jackson-datatype-jsr310/2.18.2/jackson-datatype-jsr310-2.18.2.jar
2025-01-12 16:50:42,384 [BasicRepositoryConnector-repo.maven.apache.org-0-4] INFO  o.e.m.c.i.e.AbstractTransferListenerAdapter - Downloaded https://repo.maven.apache.org/maven2/com/fasterxml/jackson/module/jackson-module-parameter-names/2.18.2/jackson-module-parameter-names-2.18.2.jar
2025-01-12 16:50:42,398 [BasicRepositoryConnector-repo.maven.apache.org-0-2] INFO  o.e.m.c.i.e.AbstractTransferListenerAdapter - Downloading https://repo.maven.apache.org/maven2/org/springframework/boot/spring-boot-starter-tomcat/3.4.1/spring-boot-starter-tomcat-3.4.1.jar
2025-01-12 16:50:42,408 [BasicRepositoryConnector-repo.maven.apache.org-0-2] INFO  o.e.m.c.i.e.AbstractTransferListenerAdapter - Downloaded https://repo.maven.apache.org/maven2/org/springframework/boot/spring-boot-starter-tomcat/3.4.1/spring-boot-starter-tomcat-3.4.1.jar
2025-01-12 16:50:42,413 [BasicRepositoryConnector-repo.maven.apache.org-0-4] INFO  o.e.m.c.i.e.AbstractTransferListenerAdapter - Downloading https://repo.maven.apache.org/maven2/org/apache/tomcat/embed/tomcat-embed-el/10.1.34/tomcat-embed-el-10.1.34.jar
2025-01-12 16:50:42,444 [BasicRepositoryConnector-repo.maven.apache.org-0-0] INFO  o.e.m.c.i.e.AbstractTransferListenerAdapter - Downloading https://repo.maven.apache.org/maven2/org/apache/tomcat/embed/tomcat-embed-core/10.1.34/tomcat-embed-core-10.1.34.jar
2025-01-12 16:50:42,450 [BasicRepositoryConnector-repo.maven.apache.org-0-2] INFO  o.e.m.c.i.e.AbstractTransferListenerAdapter - Downloading https://repo.maven.apache.org/maven2/org/apache/tomcat/embed/tomcat-embed-websocket/10.1.34/tomcat-embed-websocket-10.1.34.jar
2025-01-12 16:50:42,549 [BasicRepositoryConnector-repo.maven.apache.org-0-2] INFO  o.e.m.c.i.e.AbstractTransferListenerAdapter - Downloaded https://repo.maven.apache.org/maven2/org/apache/tomcat/embed/tomcat-embed-websocket/10.1.34/tomcat-embed-websocket-10.1.34.jar
2025-01-12 16:50:42,584 [BasicRepositoryConnector-repo.maven.apache.org-0-4] INFO  o.e.m.c.i.e.AbstractTransferListenerAdapter - Downloaded https://repo.maven.apache.org/maven2/org/apache/tomcat/embed/tomcat-embed-el/10.1.34/tomcat-embed-el-10.1.34.jar
2025-01-12 16:50:42,590 [BasicRepositoryConnector-repo.maven.apache.org-0-2] INFO  o.e.m.c.i.e.AbstractTransferListenerAdapter - Downloading https://repo.maven.apache.org/maven2/org/springframework/spring-web/6.2.1/spring-web-6.2.1.jar
2025-01-12 16:50:42,623 [BasicRepositoryConnector-repo.maven.apache.org-0-4] INFO  o.e.m.c.i.e.AbstractTransferListenerAdapter - Downloading https://repo.maven.apache.org/maven2/org/springframework/spring-webmvc/6.2.1/spring-webmvc-6.2.1.jar
2025-01-12 16:50:42,749 [BasicRepositoryConnector-repo.maven.apache.org-0-1] INFO  o.e.m.c.i.e.AbstractTransferListenerAdapter - Downloaded https://repo.maven.apache.org/maven2/com/fasterxml/jackson/core/jackson-databind/2.18.2/jackson-databind-2.18.2.jar
2025-01-12 16:50:42,765 [BasicRepositoryConnector-repo.maven.apache.org-0-3] INFO  o.e.m.c.i.e.AbstractTransferListenerAdapter - Downloaded https://repo.maven.apache.org/maven2/com/fasterxml/jackson/core/jackson-core/2.18.2/jackson-core-2.18.2.jar
2025-01-12 16:50:43,007 [BasicRepositoryConnector-repo.maven.apache.org-0-4] INFO  o.e.m.c.i.e.AbstractTransferListenerAdapter - Downloaded https://repo.maven.apache.org/maven2/org/springframework/spring-webmvc/6.2.1/spring-webmvc-6.2.1.jar
2025-01-12 16:50:43,161 [BasicRepositoryConnector-repo.maven.apache.org-0-2] INFO  o.e.m.c.i.e.AbstractTransferListenerAdapter - Downloaded https://repo.maven.apache.org/maven2/org/springframework/spring-web/6.2.1/spring-web-6.2.1.jar
2025-01-12 16:50:44,173 [BasicRepositoryConnector-repo.maven.apache.org-0-0] INFO  o.e.m.c.i.e.AbstractTransferListenerAdapter - Downloaded https://repo.maven.apache.org/maven2/org/apache/tomcat/embed/tomcat-embed-core/10.1.34/tomcat-embed-core-10.1.34.jar
2025-01-12 16:50:44,453 [Worker-161: Building] INFO  o.a.m.s.f.DefaultMavenResourcesFiltering - Copying 0 resource from src\main\resources to target\classes
2025-01-12 16:50:44,454 [Worker-161: Building] INFO  o.a.m.s.f.DefaultMavenResourcesFiltering - Copying 0 resource from src\main\resources to target\classes
2025-01-12 16:50:44,458 [Worker-161: Building] INFO  o.a.m.s.f.DefaultMavenResourcesFiltering - skip non existing resourceDirectory C:\Users\surajendra\Work_Requests\Eclipse_Workspace\Spring\Test\demo\src\test\resources
2025-01-12 16:50:45,506 [Worker-158: Download sources and javadoc] INFO  o.e.m.c.i.e.AbstractTransferListenerAdapter - Downloading https://repo.maven.apache.org/maven2/org/springframework/boot/spring-boot-starter-web/3.4.1/spring-boot-starter-web-3.4.1-sources.jar
2025-01-12 16:50:45,526 [Worker-158: Download sources and javadoc] INFO  o.e.m.c.i.e.AbstractTransferListenerAdapter - Downloaded https://repo.maven.apache.org/maven2/org/springframework/boot/spring-boot-starter-web/3.4.1/spring-boot-starter-web-3.4.1-sources.jar
2025-01-12 16:50:45,537 [Worker-158: Download sources and javadoc] INFO  o.e.m.j.internal.DownloadSourcesJob - Downloaded sources for org.springframework.boot:spring-boot-starter-web:3.4.1
2025-01-12 16:50:45,642 [Worker-163: Building] INFO  o.a.m.s.f.DefaultMavenResourcesFiltering - Copying 2 resources from src\main\resources to target\classes
2025-01-12 16:50:45,644 [Worker-158: Download sources and javadoc] INFO  o.e.m.c.i.e.AbstractTransferListenerAdapter - Downloading https://repo.maven.apache.org/maven2/org/springframework/boot/spring-boot-starter-json/3.4.1/spring-boot-starter-json-3.4.1-sources.jar
2025-01-12 16:50:45,660 [Worker-158: Download sources and javadoc] INFO  o.e.m.c.i.e.AbstractTransferListenerAdapter - Downloaded https://repo.maven.apache.org/maven2/org/springframework/boot/spring-boot-starter-json/3.4.1/spring-boot-starter-json-3.4.1-sources.jar
2025-01-12 16:50:45,664 [Worker-163: Building] INFO  o.a.m.s.f.DefaultMavenResourcesFiltering - Copying 0 resource from src\main\resources to target\classes
2025-01-12 16:50:45,670 [Worker-163: Building] INFO  o.a.m.s.f.DefaultMavenResourcesFiltering - skip non existing resourceDirectory C:\Users\surajendra\Work_Requests\Eclipse_Workspace\Spring\Test\demo\src\test\resources
2025-01-12 16:50:45,672 [Worker-158: Download sources and javadoc] INFO  o.e.m.j.internal.DownloadSourcesJob - Downloaded sources for org.springframework.boot:spring-boot-starter-json:3.4.1
2025-01-12 16:50:45,773 [Worker-158: Download sources and javadoc] INFO  o.e.m.c.i.e.AbstractTransferListenerAdapter - Downloading https://repo.maven.apache.org/maven2/com/fasterxml/jackson/core/jackson-databind/2.18.2/jackson-databind-2.18.2-sources.jar
2025-01-12 16:50:46,023 [Worker-158: Download sources and javadoc] INFO  o.e.m.c.i.e.AbstractTransferListenerAdapter - Downloaded https://repo.maven.apache.org/maven2/com/fasterxml/jackson/core/jackson-databind/2.18.2/jackson-databind-2.18.2-sources.jar
2025-01-12 16:50:46,036 [Worker-158: Download sources and javadoc] INFO  o.e.m.j.internal.DownloadSourcesJob - Downloaded sources for com.fasterxml.jackson.core:jackson-databind:2.18.2
2025-01-12 16:50:46,114 [Worker-158: Download sources and javadoc] INFO  o.e.m.c.i.e.AbstractTransferListenerAdapter - Downloading https://repo.maven.apache.org/maven2/com/fasterxml/jackson/core/jackson-annotations/2.18.2/jackson-annotations-2.18.2-sources.jar
2025-01-12 16:50:46,158 [Worker-158: Download sources and javadoc] INFO  o.e.m.c.i.e.AbstractTransferListenerAdapter - Downloaded https://repo.maven.apache.org/maven2/com/fasterxml/jackson/core/jackson-annotations/2.18.2/jackson-annotations-2.18.2-sources.jar
2025-01-12 16:50:46,168 [Worker-158: Download sources and javadoc] INFO  o.e.m.j.internal.DownloadSourcesJob - Downloaded sources for com.fasterxml.jackson.core:jackson-annotations:2.18.2
2025-01-12 16:50:46,246 [Worker-158: Download sources and javadoc] INFO  o.e.m.c.i.e.AbstractTransferListenerAdapter - Downloading https://repo.maven.apache.org/maven2/com/fasterxml/jackson/core/jackson-core/2.18.2/jackson-core-2.18.2-sources.jar
2025-01-12 16:50:46,352 [Worker-158: Download sources and javadoc] INFO  o.e.m.c.i.e.AbstractTransferListenerAdapter - Downloaded https://repo.maven.apache.org/maven2/com/fasterxml/jackson/core/jackson-core/2.18.2/jackson-core-2.18.2-sources.jar
2025-01-12 16:50:46,356 [Worker-158: Download sources and javadoc] INFO  o.e.m.j.internal.DownloadSourcesJob - Downloaded sources for com.fasterxml.jackson.core:jackson-core:2.18.2
2025-01-12 16:50:46,432 [Worker-158: Download sources and javadoc] INFO  o.e.m.c.i.e.AbstractTransferListenerAdapter - Downloading https://repo.maven.apache.org/maven2/com/fasterxml/jackson/datatype/jackson-datatype-jdk8/2.18.2/jackson-datatype-jdk8-2.18.2-sources.jar
2025-01-12 16:50:46,441 [Worker-158: Download sources and javadoc] INFO  o.e.m.c.i.e.AbstractTransferListenerAdapter - Downloaded https://repo.maven.apache.org/maven2/com/fasterxml/jackson/datatype/jackson-datatype-jdk8/2.18.2/jackson-datatype-jdk8-2.18.2-sources.jar
2025-01-12 16:50:46,445 [Worker-158: Download sources and javadoc] INFO  o.e.m.j.internal.DownloadSourcesJob - Downloaded sources for com.fasterxml.jackson.datatype:jackson-datatype-jdk8:2.18.2
2025-01-12 16:50:46,518 [Worker-158: Download sources and javadoc] INFO  o.e.m.c.i.e.AbstractTransferListenerAdapter - Downloading https://repo.maven.apache.org/maven2/com/fasterxml/jackson/datatype/jackson-datatype-jsr310/2.18.2/jackson-datatype-jsr310-2.18.2-sources.jar
2025-01-12 16:50:46,560 [Worker-158: Download sources and javadoc] INFO  o.e.m.c.i.e.AbstractTransferListenerAdapter - Downloaded https://repo.maven.apache.org/maven2/com/fasterxml/jackson/datatype/jackson-datatype-jsr310/2.18.2/jackson-datatype-jsr310-2.18.2-sources.jar
2025-01-12 16:50:46,564 [Worker-158: Download sources and javadoc] INFO  o.e.m.j.internal.DownloadSourcesJob - Downloaded sources for com.fasterxml.jackson.datatype:jackson-datatype-jsr310:2.18.2
2025-01-12 16:50:46,651 [Worker-158: Download sources and javadoc] INFO  o.e.m.c.i.e.AbstractTransferListenerAdapter - Downloading https://repo.maven.apache.org/maven2/com/fasterxml/jackson/module/jackson-module-parameter-names/2.18.2/jackson-module-parameter-names-2.18.2-sources.jar
2025-01-12 16:50:46,658 [Worker-158: Download sources and javadoc] INFO  o.e.m.c.i.e.AbstractTransferListenerAdapter - Downloaded https://repo.maven.apache.org/maven2/com/fasterxml/jackson/module/jackson-module-parameter-names/2.18.2/jackson-module-parameter-names-2.18.2-sources.jar
2025-01-12 16:50:46,662 [Worker-158: Download sources and javadoc] INFO  o.e.m.j.internal.DownloadSourcesJob - Downloaded sources for com.fasterxml.jackson.module:jackson-module-parameter-names:2.18.2
2025-01-12 16:50:46,741 [Worker-158: Download sources and javadoc] INFO  o.e.m.c.i.e.AbstractTransferListenerAdapter - Downloading https://repo.maven.apache.org/maven2/org/springframework/boot/spring-boot-starter-tomcat/3.4.1/spring-boot-starter-tomcat-3.4.1-sources.jar
2025-01-12 16:50:46,748 [Worker-158: Download sources and javadoc] INFO  o.e.m.c.i.e.AbstractTransferListenerAdapter - Downloaded https://repo.maven.apache.org/maven2/org/springframework/boot/spring-boot-starter-tomcat/3.4.1/spring-boot-starter-tomcat-3.4.1-sources.jar
2025-01-12 16:50:46,754 [Worker-158: Download sources and javadoc] INFO  o.e.m.j.internal.DownloadSourcesJob - Downloaded sources for org.springframework.boot:spring-boot-starter-tomcat:3.4.1
2025-01-12 16:50:46,829 [Worker-158: Download sources and javadoc] INFO  o.e.m.c.i.e.AbstractTransferListenerAdapter - Downloading https://repo.maven.apache.org/maven2/org/apache/tomcat/embed/tomcat-embed-core/10.1.34/tomcat-embed-core-10.1.34-sources.jar
2025-01-12 16:50:47,261 [Worker-158: Download sources and javadoc] INFO  o.e.m.c.i.e.AbstractTransferListenerAdapter - Downloaded https://repo.maven.apache.org/maven2/org/apache/tomcat/embed/tomcat-embed-core/10.1.34/tomcat-embed-core-10.1.34-sources.jar
2025-01-12 16:50:47,267 [Worker-158: Download sources and javadoc] INFO  o.e.m.j.internal.DownloadSourcesJob - Downloaded sources for org.apache.tomcat.embed:tomcat-embed-core:10.1.34
2025-01-12 16:50:47,343 [Worker-158: Download sources and javadoc] INFO  o.e.m.c.i.e.AbstractTransferListenerAdapter - Downloading https://repo.maven.apache.org/maven2/org/apache/tomcat/embed/tomcat-embed-el/10.1.34/tomcat-embed-el-10.1.34-sources.jar
2025-01-12 16:50:47,412 [Worker-158: Download sources and javadoc] INFO  o.e.m.c.i.e.AbstractTransferListenerAdapter - Downloaded https://repo.maven.apache.org/maven2/org/apache/tomcat/embed/tomcat-embed-el/10.1.34/tomcat-embed-el-10.1.34-sources.jar
2025-01-12 16:50:47,420 [Worker-158: Download sources and javadoc] INFO  o.e.m.j.internal.DownloadSourcesJob - Downloaded sources for org.apache.tomcat.embed:tomcat-embed-el:10.1.34
2025-01-12 16:50:47,504 [Worker-158: Download sources and javadoc] INFO  o.e.m.c.i.e.AbstractTransferListenerAdapter - Downloading https://repo.maven.apache.org/maven2/org/apache/tomcat/embed/tomcat-embed-websocket/10.1.34/tomcat-embed-websocket-10.1.34-sources.jar
2025-01-12 16:50:47,609 [Worker-158: Download sources and javadoc] INFO  o.e.m.c.i.e.AbstractTransferListenerAdapter - Downloaded https://repo.maven.apache.org/maven2/org/apache/tomcat/embed/tomcat-embed-websocket/10.1.34/tomcat-embed-websocket-10.1.34-sources.jar
2025-01-12 16:50:47,613 [Worker-158: Download sources and javadoc] INFO  o.e.m.j.internal.DownloadSourcesJob - Downloaded sources for org.apache.tomcat.embed:tomcat-embed-websocket:10.1.34
2025-01-12 16:50:47,690 [Worker-158: Download sources and javadoc] INFO  o.e.m.c.i.e.AbstractTransferListenerAdapter - Downloading https://repo.maven.apache.org/maven2/org/springframework/spring-web/6.2.1/spring-web-6.2.1-sources.jar
2025-01-12 16:50:47,923 [Worker-158: Download sources and javadoc] INFO  o.e.m.c.i.e.AbstractTransferListenerAdapter - Downloaded https://repo.maven.apache.org/maven2/org/springframework/spring-web/6.2.1/spring-web-6.2.1-sources.jar
2025-01-12 16:50:47,927 [Worker-158: Download sources and javadoc] INFO  o.e.m.j.internal.DownloadSourcesJob - Downloaded sources for org.springframework:spring-web:6.2.1
2025-01-12 16:50:48,010 [Worker-158: Download sources and javadoc] INFO  o.e.m.c.i.e.AbstractTransferListenerAdapter - Downloading https://repo.maven.apache.org/maven2/org/springframework/spring-webmvc/6.2.1/spring-webmvc-6.2.1-sources.jar
2025-01-12 16:50:48,329 [Worker-158: Download sources and javadoc] INFO  o.e.m.c.i.e.AbstractTransferListenerAdapter - Downloaded https://repo.maven.apache.org/maven2/org/springframework/spring-webmvc/6.2.1/spring-webmvc-6.2.1-sources.jar
2025-01-12 16:50:48,333 [Worker-158: Download sources and javadoc] INFO  o.e.m.j.internal.DownloadSourcesJob - Downloaded sources for org.springframework:spring-webmvc:6.2.1
2025-01-12 16:50:59,381 [Worker-165: Building] INFO  o.e.m.c.i.l.LifecycleMappingFactory - Using org.eclipse.m2e.jdt.JarLifecycleMapping lifecycle mapping for MavenProject: com.example:demo:0.0.1-SNAPSHOT @ C:\Users\surajendra\Work_Requests\Eclipse_Workspace\Spring\Test\demo\pom.xml.
2025-01-12 16:50:59,657 [Worker-165: Building] INFO  o.a.m.s.f.DefaultMavenResourcesFiltering - Copying 0 resource from src\main\resources to target\classes
2025-01-12 16:50:59,657 [Worker-165: Building] INFO  o.a.m.s.f.DefaultMavenResourcesFiltering - Copying 0 resource from src\main\resources to target\classes
2025-01-12 16:50:59,660 [Worker-165: Building] INFO  o.a.m.s.f.DefaultMavenResourcesFiltering - skip non existing resourceDirectory C:\Users\surajendra\Work_Requests\Eclipse_Workspace\Spring\Test\demo\src\test\resources
2025-01-12 16:51:00,898 [Worker-161: Building] INFO  o.a.m.s.f.DefaultMavenResourcesFiltering - Copying 2 resources from src\main\resources to target\classes
2025-01-12 16:51:00,922 [Worker-161: Building] INFO  o.a.m.s.f.DefaultMavenResourcesFiltering - Copying 0 resource from src\main\resources to target\classes
2025-01-12 16:51:00,925 [Worker-161: Building] INFO  o.a.m.s.f.DefaultMavenResourcesFiltering - skip non existing resourceDirectory C:\Users\surajendra\Work_Requests\Eclipse_Workspace\Spring\Test\demo\src\test\resources
2025-01-13 17:49:45,600 [Worker-180: Updating Maven Dependencies] ERROR o.e.m.j.i.l.MavenLaunchConfigurationListener - Launch configuration RunnerClass references closed project Test-Project
org.eclipse.core.runtime.CoreException: Launch configuration RunnerClass references closed project Test-Project
	at org.eclipse.jdt.launching.JavaRuntime.abort(JavaRuntime.java:1870)
	at org.eclipse.jdt.launching.JavaRuntime.getJavaProject(JavaRuntime.java:1744)
	at org.eclipse.m2e.jdt.internal.launch.MavenLaunchConfigurationListener.updateLaunchConfiguration(MavenLaunchConfigurationListener.java:66)
	at org.eclipse.m2e.jdt.internal.launch.MavenLaunchConfigurationListener.launchConfigurationChanged(MavenLaunchConfigurationListener.java:52)
	at org.eclipse.debug.internal.core.LaunchManager$ConfigurationNotifier.run(LaunchManager.java:220)
	at org.eclipse.core.runtime.SafeRunner.run(SafeRunner.java:47)
	at org.eclipse.debug.internal.core.LaunchManager$ConfigurationNotifier.notify(LaunchManager.java:204)
	at org.eclipse.debug.internal.core.LaunchConfigurationWorkingCopy.setDirty(LaunchConfigurationWorkingCopy.java:527)
	at org.eclipse.debug.internal.core.LaunchConfigurationWorkingCopy.setAttribute(LaunchConfigurationWorkingCopy.java:415)
	at org.eclipse.m2e.jdt.internal.launch.MavenRuntimeClasspathProvider.disable(MavenRuntimeClasspathProvider.java:409)
	at org.eclipse.m2e.jdt.internal.launch.MavenRuntimeClasspathProvider.disable(MavenRuntimeClasspathProvider.java:435)
	at org.eclipse.m2e.jdt.internal.launch.MavenLaunchConfigurationListener.mavenProjectChanged(MavenLaunchConfigurationListener.java:137)
	at org.eclipse.m2e.core.internal.project.registry.ProjectRegistryManager.notifyProjectChangeListeners(ProjectRegistryManager.java:892)
	at org.eclipse.m2e.core.internal.project.registry.ProjectRegistryManager.applyMutableProjectRegistry(ProjectRegistryManager.java:1042)
	at org.eclipse.m2e.core.internal.project.registry.ProjectRegistryRefreshJob.lambda$0(ProjectRegistryRefreshJob.java:162)
	at org.eclipse.m2e.core.internal.embedder.MavenExecutionContext.executeBare(MavenExecutionContext.java:458)
	at org.eclipse.m2e.core.internal.embedder.MavenExecutionContext.execute(MavenExecutionContext.java:339)
	at org.eclipse.m2e.core.internal.embedder.MavenExecutionContext.execute(MavenExecutionContext.java:278)
	at org.eclipse.m2e.core.internal.project.registry.ProjectRegistryRefreshJob.run(ProjectRegistryRefreshJob.java:106)
	at org.eclipse.core.internal.jobs.Worker.run(Worker.java:63)
2025-01-13 17:49:45,617 [Worker-180: Updating Maven Dependencies] ERROR o.e.m.j.i.l.MavenLaunchConfigurationListener - Launch configuration RunnerClass references closed project Test-Project
org.eclipse.core.runtime.CoreException: Launch configuration RunnerClass references closed project Test-Project
	at org.eclipse.jdt.launching.JavaRuntime.abort(JavaRuntime.java:1870)
	at org.eclipse.jdt.launching.JavaRuntime.getJavaProject(JavaRuntime.java:1744)
	at org.eclipse.m2e.jdt.internal.launch.MavenLaunchConfigurationListener.updateLaunchConfiguration(MavenLaunchConfigurationListener.java:66)
	at org.eclipse.m2e.jdt.internal.launch.MavenLaunchConfigurationListener.launchConfigurationChanged(MavenLaunchConfigurationListener.java:52)
	at org.eclipse.debug.internal.core.LaunchManager$ConfigurationNotifier.run(LaunchManager.java:220)
	at org.eclipse.core.runtime.SafeRunner.run(SafeRunner.java:47)
	at org.eclipse.debug.internal.core.LaunchManager$ConfigurationNotifier.notify(LaunchManager.java:204)
	at org.eclipse.debug.internal.core.LaunchConfigurationWorkingCopy.setDirty(LaunchConfigurationWorkingCopy.java:527)
	at org.eclipse.debug.internal.core.LaunchConfigurationWorkingCopy.setAttribute(LaunchConfigurationWorkingCopy.java:415)
	at org.eclipse.m2e.jdt.internal.launch.MavenRuntimeClasspathProvider.disable(MavenRuntimeClasspathProvider.java:410)
	at org.eclipse.m2e.jdt.internal.launch.MavenRuntimeClasspathProvider.disable(MavenRuntimeClasspathProvider.java:435)
	at org.eclipse.m2e.jdt.internal.launch.MavenLaunchConfigurationListener.mavenProjectChanged(MavenLaunchConfigurationListener.java:137)
	at org.eclipse.m2e.core.internal.project.registry.ProjectRegistryManager.notifyProjectChangeListeners(ProjectRegistryManager.java:892)
	at org.eclipse.m2e.core.internal.project.registry.ProjectRegistryManager.applyMutableProjectRegistry(ProjectRegistryManager.java:1042)
	at org.eclipse.m2e.core.internal.project.registry.ProjectRegistryRefreshJob.lambda$0(ProjectRegistryRefreshJob.java:162)
	at org.eclipse.m2e.core.internal.embedder.MavenExecutionContext.executeBare(MavenExecutionContext.java:458)
	at org.eclipse.m2e.core.internal.embedder.MavenExecutionContext.execute(MavenExecutionContext.java:339)
	at org.eclipse.m2e.core.internal.embedder.MavenExecutionContext.execute(MavenExecutionContext.java:278)
	at org.eclipse.m2e.core.internal.project.registry.ProjectRegistryRefreshJob.run(ProjectRegistryRefreshJob.java:106)
	at org.eclipse.core.internal.jobs.Worker.run(Worker.java:63)
2025-01-13 17:49:45,624 [Worker-180: Updating Maven Dependencies] ERROR o.e.m.j.i.l.MavenLaunchConfigurationListener - Launch configuration RunnerClass references closed project Test-Project
org.eclipse.core.runtime.CoreException: Launch configuration RunnerClass references closed project Test-Project
	at org.eclipse.jdt.launching.JavaRuntime.abort(JavaRuntime.java:1870)
	at org.eclipse.jdt.launching.JavaRuntime.getJavaProject(JavaRuntime.java:1744)
	at org.eclipse.m2e.jdt.internal.launch.MavenLaunchConfigurationListener.updateLaunchConfiguration(MavenLaunchConfigurationListener.java:66)
	at org.eclipse.m2e.jdt.internal.launch.MavenLaunchConfigurationListener.launchConfigurationChanged(MavenLaunchConfigurationListener.java:52)
	at org.eclipse.debug.internal.core.LaunchManager$ConfigurationNotifier.run(LaunchManager.java:220)
	at org.eclipse.core.runtime.SafeRunner.run(SafeRunner.java:47)
	at org.eclipse.debug.internal.core.LaunchManager$ConfigurationNotifier.notify(LaunchManager.java:204)
	at org.eclipse.debug.internal.core.LaunchManager.launchConfigurationChanged(LaunchManager.java:2010)
	at org.eclipse.debug.internal.core.LaunchConfigurationWorkingCopy.writeNewFile(LaunchConfigurationWorkingCopy.java:380)
	at org.eclipse.debug.internal.core.LaunchConfigurationWorkingCopy.doSave0(LaunchConfigurationWorkingCopy.java:259)
	at org.eclipse.debug.internal.core.LaunchConfigurationWorkingCopy.doSave(LaunchConfigurationWorkingCopy.java:229)
	at org.eclipse.debug.internal.core.LaunchConfigurationWorkingCopy.doSave(LaunchConfigurationWorkingCopy.java:187)
	at org.eclipse.m2e.jdt.internal.launch.MavenRuntimeClasspathProvider.disable(MavenRuntimeClasspathProvider.java:411)
	at org.eclipse.m2e.jdt.internal.launch.MavenRuntimeClasspathProvider.disable(MavenRuntimeClasspathProvider.java:435)
	at org.eclipse.m2e.jdt.internal.launch.MavenLaunchConfigurationListener.mavenProjectChanged(MavenLaunchConfigurationListener.java:137)
	at org.eclipse.m2e.core.internal.project.registry.ProjectRegistryManager.notifyProjectChangeListeners(ProjectRegistryManager.java:892)
	at org.eclipse.m2e.core.internal.project.registry.ProjectRegistryManager.applyMutableProjectRegistry(ProjectRegistryManager.java:1042)
	at org.eclipse.m2e.core.internal.project.registry.ProjectRegistryRefreshJob.lambda$0(ProjectRegistryRefreshJob.java:162)
	at org.eclipse.m2e.core.internal.embedder.MavenExecutionContext.executeBare(MavenExecutionContext.java:458)
	at org.eclipse.m2e.core.internal.embedder.MavenExecutionContext.execute(MavenExecutionContext.java:339)
	at org.eclipse.m2e.core.internal.embedder.MavenExecutionContext.execute(MavenExecutionContext.java:278)
	at org.eclipse.m2e.core.internal.project.registry.ProjectRegistryRefreshJob.run(ProjectRegistryRefreshJob.java:106)
	at org.eclipse.core.internal.jobs.Worker.run(Worker.java:63)
2025-01-13 17:50:06,381 [Worker-169: Building] INFO  o.a.m.s.f.DefaultMavenResourcesFiltering - Copying 0 resource from src\main\resources to target\classes
2025-01-13 17:50:06,383 [Worker-169: Building] INFO  o.a.m.s.f.DefaultMavenResourcesFiltering - Copying 1 resource from src\main\resources to target\classes
2025-01-13 17:50:06,399 [Worker-169: Building] INFO  o.a.m.s.f.DefaultMavenResourcesFiltering - skip non existing resourceDirectory C:\Users\surajendra\Work_Requests\Eclipse_Workspace\Spring\Test\demo\src\test\resources
2025-01-13 17:53:24,877 [Worker-178: Building] INFO  o.a.m.s.f.DefaultMavenResourcesFiltering - Copying 0 resource from src\main\resources to target\classes
2025-01-13 17:53:24,879 [Worker-178: Building] INFO  o.a.m.s.f.DefaultMavenResourcesFiltering - Copying 1 resource from src\main\resources to target\classes
2025-01-13 17:53:24,889 [Worker-178: Building] INFO  o.a.m.s.f.DefaultMavenResourcesFiltering - skip non existing resourceDirectory C:\Users\surajendra\Work_Requests\Eclipse_Workspace\Spring\Test\demo\src\test\resources
2025-01-13 17:53:42,857 [Worker-180: Building] INFO  o.a.m.s.f.DefaultMavenResourcesFiltering - Copying 0 resource from src\main\resources to target\classes
2025-01-13 17:53:42,858 [Worker-180: Building] INFO  o.a.m.s.f.DefaultMavenResourcesFiltering - Copying 1 resource from src\main\resources to target\classes
2025-01-13 17:53:42,875 [Worker-180: Building] INFO  o.a.m.s.f.DefaultMavenResourcesFiltering - skip non existing resourceDirectory C:\Users\surajendra\Work_Requests\Eclipse_Workspace\Spring\Test\demo\src\test\resources
2025-01-13 17:57:03,368 [Worker-174: Building] INFO  o.a.m.s.f.DefaultMavenResourcesFiltering - Copying 2 resources from src\main\resources to target\classes
2025-01-13 17:57:03,488 [Worker-174: Building] INFO  o.a.m.s.f.DefaultMavenResourcesFiltering - Copying 1 resource from src\main\resources to target\classes
2025-01-13 17:57:03,494 [Worker-174: Building] INFO  o.a.m.s.f.DefaultMavenResourcesFiltering - skip non existing resourceDirectory C:\Users\surajendra\Work_Requests\Eclipse_Workspace\Spring\Test\demo\src\test\resources
2025-01-13 17:58:31,705 [Worker-182: Building] INFO  o.a.m.s.f.DefaultMavenResourcesFiltering - Copying 2 resources from src\main\resources to target\classes
2025-01-13 17:58:31,726 [Worker-182: Building] INFO  o.a.m.s.f.DefaultMavenResourcesFiltering - Copying 1 resource from src\main\resources to target\classes
2025-01-13 17:58:31,734 [Worker-182: Building] INFO  o.a.m.s.f.DefaultMavenResourcesFiltering - skip non existing resourceDirectory C:\Users\surajendra\Work_Requests\Eclipse_Workspace\Spring\Test\demo\src\test\resources
2025-01-13 17:58:50,232 [Worker-177: Building] INFO  o.a.m.s.f.DefaultMavenResourcesFiltering - Copying 2 resources from src\main\resources to target\classes
2025-01-13 17:58:50,250 [Worker-177: Building] INFO  o.a.m.s.f.DefaultMavenResourcesFiltering - Copying 1 resource from src\main\resources to target\classes
2025-01-13 17:58:50,256 [Worker-177: Building] INFO  o.a.m.s.f.DefaultMavenResourcesFiltering - skip non existing resourceDirectory C:\Users\surajendra\Work_Requests\Eclipse_Workspace\Spring\Test\demo\src\test\resources
2025-01-13 17:59:07,877 [Worker-179: Building] INFO  o.a.m.s.f.DefaultMavenResourcesFiltering - Copying 0 resource from src\main\resources to target\classes
2025-01-13 17:59:07,878 [Worker-179: Building] INFO  o.a.m.s.f.DefaultMavenResourcesFiltering - Copying 0 resource from src\main\resources to target\classes
2025-01-13 17:59:07,884 [Worker-179: Building] INFO  o.a.m.s.f.DefaultMavenResourcesFiltering - skip non existing resourceDirectory C:\Users\surajendra\Work_Requests\Eclipse_Workspace\Spring\Test\demo\src\test\resources
2025-01-13 17:59:10,709 [Worker-180: Building] INFO  o.a.m.s.f.DefaultMavenResourcesFiltering - Copying 0 resource from src\main\resources to target\classes
2025-01-13 17:59:10,710 [Worker-180: Building] INFO  o.a.m.s.f.DefaultMavenResourcesFiltering - Copying 0 resource from src\main\resources to target\classes
2025-01-13 17:59:10,713 [Worker-180: Building] INFO  o.a.m.s.f.DefaultMavenResourcesFiltering - skip non existing resourceDirectory C:\Users\surajendra\Work_Requests\Eclipse_Workspace\Spring\Test\demo\src\test\resources
2025-01-13 18:00:21,236 [Worker-180: Building] INFO  o.e.m.c.i.l.LifecycleMappingFactory - Using org.eclipse.m2e.jdt.JarLifecycleMapping lifecycle mapping for MavenProject: com.example:demo:0.0.1-SNAPSHOT @ C:\Users\surajendra\Work_Requests\Eclipse_Workspace\Spring\Test\demo\pom.xml.
2025-01-13 18:00:21,795 [Worker-180: Building] INFO  o.a.m.s.f.DefaultMavenResourcesFiltering - Copying 0 resource from src\main\resources to target\classes
2025-01-13 18:00:21,797 [Worker-180: Building] INFO  o.a.m.s.f.DefaultMavenResourcesFiltering - Copying 0 resource from src\main\resources to target\classes
2025-01-13 18:00:21,803 [Worker-180: Building] INFO  o.a.m.s.f.DefaultMavenResourcesFiltering - skip non existing resourceDirectory C:\Users\surajendra\Work_Requests\Eclipse_Workspace\Spring\Test\demo\src\test\resources
2025-01-13 18:00:23,038 [Worker-182: Building] INFO  o.a.m.s.f.DefaultMavenResourcesFiltering - Copying 2 resources from src\main\resources to target\classes
2025-01-13 18:00:23,071 [Worker-182: Building] INFO  o.a.m.s.f.DefaultMavenResourcesFiltering - Copying 1 resource from src\main\resources to target\classes
2025-01-13 18:00:23,120 [Worker-182: Building] INFO  o.a.m.s.f.DefaultMavenResourcesFiltering - skip non existing resourceDirectory C:\Users\surajendra\Work_Requests\Eclipse_Workspace\Spring\Test\demo\src\test\resources
2025-01-13 18:04:51,402 [Worker-182: Building] INFO  o.e.m.c.i.l.LifecycleMappingFactory - Using org.eclipse.m2e.jdt.JarLifecycleMapping lifecycle mapping for MavenProject: com.example:demo:0.0.1-SNAPSHOT @ C:\Users\surajendra\Work_Requests\Eclipse_Workspace\Spring\Test\demo\pom.xml.
2025-01-13 18:04:56,559 [Worker-180: Building] INFO  o.e.m.c.i.l.LifecycleMappingFactory - Using org.eclipse.m2e.jdt.JarLifecycleMapping lifecycle mapping for MavenProject: com.example:demo:0.0.1-SNAPSHOT @ C:\Users\surajendra\Work_Requests\Eclipse_Workspace\Spring\Test\demo\pom.xml.
2025-01-13 18:04:56,679 [Worker-180: Building] INFO  o.e.m.c.i.e.AbstractTransferListenerAdapter - Downloading https://repo.maven.apache.org/maven2/org/springframework/boot/spring-boot-starter-webflux/3.4.1/spring-boot-starter-webflux-3.4.1.pom
2025-01-13 18:04:56,690 [Worker-180: Building] INFO  o.e.m.c.i.e.AbstractTransferListenerAdapter - Downloaded https://repo.maven.apache.org/maven2/org/springframework/boot/spring-boot-starter-webflux/3.4.1/spring-boot-starter-webflux-3.4.1.pom
2025-01-13 18:04:56,790 [Worker-180: Building] INFO  o.e.m.c.i.e.AbstractTransferListenerAdapter - Downloading https://repo.maven.apache.org/maven2/org/springframework/boot/spring-boot-starter-reactor-netty/3.4.1/spring-boot-starter-reactor-netty-3.4.1.pom
2025-01-13 18:04:56,799 [Worker-180: Building] INFO  o.e.m.c.i.e.AbstractTransferListenerAdapter - Downloaded https://repo.maven.apache.org/maven2/org/springframework/boot/spring-boot-starter-reactor-netty/3.4.1/spring-boot-starter-reactor-netty-3.4.1.pom
2025-01-13 18:04:56,824 [Worker-180: Building] INFO  o.e.m.c.i.e.AbstractTransferListenerAdapter - Downloading https://repo.maven.apache.org/maven2/io/projectreactor/netty/reactor-netty-http/1.2.1/reactor-netty-http-1.2.1.pom
2025-01-13 18:04:56,834 [Worker-180: Building] INFO  o.e.m.c.i.e.AbstractTransferListenerAdapter - Downloaded https://repo.maven.apache.org/maven2/io/projectreactor/netty/reactor-netty-http/1.2.1/reactor-netty-http-1.2.1.pom
2025-01-13 18:04:56,858 [Worker-180: Building] INFO  o.e.m.c.i.e.AbstractTransferListenerAdapter - Downloading https://repo.maven.apache.org/maven2/io/netty/netty-codec-http/4.1.116.Final/netty-codec-http-4.1.116.Final.pom
2025-01-13 18:04:56,867 [Worker-180: Building] INFO  o.e.m.c.i.e.AbstractTransferListenerAdapter - Downloaded https://repo.maven.apache.org/maven2/io/netty/netty-codec-http/4.1.116.Final/netty-codec-http-4.1.116.Final.pom
2025-01-13 18:04:56,892 [Worker-180: Building] INFO  o.e.m.c.i.e.AbstractTransferListenerAdapter - Downloading https://repo.maven.apache.org/maven2/io/netty/netty-parent/4.1.116.Final/netty-parent-4.1.116.Final.pom
2025-01-13 18:04:56,942 [Worker-180: Building] INFO  o.e.m.c.i.e.AbstractTransferListenerAdapter - Downloaded https://repo.maven.apache.org/maven2/io/netty/netty-parent/4.1.116.Final/netty-parent-4.1.116.Final.pom
2025-01-13 18:04:56,971 [Worker-180: Building] INFO  o.e.m.c.i.e.AbstractTransferListenerAdapter - Downloading https://repo.maven.apache.org/maven2/io/netty/netty-common/4.1.116.Final/netty-common-4.1.116.Final.pom
2025-01-13 18:04:56,982 [Worker-180: Building] INFO  o.e.m.c.i.e.AbstractTransferListenerAdapter - Downloaded https://repo.maven.apache.org/maven2/io/netty/netty-common/4.1.116.Final/netty-common-4.1.116.Final.pom
2025-01-13 18:04:57,011 [Worker-180: Building] INFO  o.e.m.c.i.e.AbstractTransferListenerAdapter - Downloading https://repo.maven.apache.org/maven2/io/netty/netty-buffer/4.1.116.Final/netty-buffer-4.1.116.Final.pom
2025-01-13 18:04:57,019 [Worker-180: Building] INFO  o.e.m.c.i.e.AbstractTransferListenerAdapter - Downloaded https://repo.maven.apache.org/maven2/io/netty/netty-buffer/4.1.116.Final/netty-buffer-4.1.116.Final.pom
2025-01-13 18:04:57,044 [Worker-180: Building] INFO  o.e.m.c.i.e.AbstractTransferListenerAdapter - Downloading https://repo.maven.apache.org/maven2/io/netty/netty-transport/4.1.116.Final/netty-transport-4.1.116.Final.pom
2025-01-13 18:04:57,051 [Worker-180: Building] INFO  o.e.m.c.i.e.AbstractTransferListenerAdapter - Downloaded https://repo.maven.apache.org/maven2/io/netty/netty-transport/4.1.116.Final/netty-transport-4.1.116.Final.pom
2025-01-13 18:04:57,077 [Worker-180: Building] INFO  o.e.m.c.i.e.AbstractTransferListenerAdapter - Downloading https://repo.maven.apache.org/maven2/io/netty/netty-resolver/4.1.116.Final/netty-resolver-4.1.116.Final.pom
2025-01-13 18:04:57,086 [Worker-180: Building] INFO  o.e.m.c.i.e.AbstractTransferListenerAdapter - Downloaded https://repo.maven.apache.org/maven2/io/netty/netty-resolver/4.1.116.Final/netty-resolver-4.1.116.Final.pom
2025-01-13 18:04:57,111 [Worker-180: Building] INFO  o.e.m.c.i.e.AbstractTransferListenerAdapter - Downloading https://repo.maven.apache.org/maven2/io/netty/netty-codec/4.1.116.Final/netty-codec-4.1.116.Final.pom
2025-01-13 18:04:57,125 [Worker-180: Building] INFO  o.e.m.c.i.e.AbstractTransferListenerAdapter - Downloaded https://repo.maven.apache.org/maven2/io/netty/netty-codec/4.1.116.Final/netty-codec-4.1.116.Final.pom
2025-01-13 18:04:57,150 [Worker-180: Building] INFO  o.e.m.c.i.e.AbstractTransferListenerAdapter - Downloading https://repo.maven.apache.org/maven2/io/netty/netty-handler/4.1.116.Final/netty-handler-4.1.116.Final.pom
2025-01-13 18:04:57,159 [Worker-180: Building] INFO  o.e.m.c.i.e.AbstractTransferListenerAdapter - Downloaded https://repo.maven.apache.org/maven2/io/netty/netty-handler/4.1.116.Final/netty-handler-4.1.116.Final.pom
2025-01-13 18:04:57,185 [Worker-180: Building] INFO  o.e.m.c.i.e.AbstractTransferListenerAdapter - Downloading https://repo.maven.apache.org/maven2/io/netty/netty-transport-native-unix-common/4.1.116.Final/netty-transport-native-unix-common-4.1.116.Final.pom
2025-01-13 18:04:57,207 [Worker-180: Building] INFO  o.e.m.c.i.e.AbstractTransferListenerAdapter - Downloaded https://repo.maven.apache.org/maven2/io/netty/netty-transport-native-unix-common/4.1.116.Final/netty-transport-native-unix-common-4.1.116.Final.pom
2025-01-13 18:04:57,235 [Worker-180: Building] INFO  o.e.m.c.i.e.AbstractTransferListenerAdapter - Downloading https://repo.maven.apache.org/maven2/io/netty/netty-codec-http2/4.1.116.Final/netty-codec-http2-4.1.116.Final.pom
2025-01-13 18:04:57,246 [Worker-180: Building] INFO  o.e.m.c.i.e.AbstractTransferListenerAdapter - Downloaded https://repo.maven.apache.org/maven2/io/netty/netty-codec-http2/4.1.116.Final/netty-codec-http2-4.1.116.Final.pom
2025-01-13 18:04:57,276 [Worker-180: Building] INFO  o.e.m.c.i.e.AbstractTransferListenerAdapter - Downloading https://repo.maven.apache.org/maven2/io/netty/netty-resolver-dns/4.1.116.Final/netty-resolver-dns-4.1.116.Final.pom
2025-01-13 18:04:57,284 [Worker-180: Building] INFO  o.e.m.c.i.e.AbstractTransferListenerAdapter - Downloaded https://repo.maven.apache.org/maven2/io/netty/netty-resolver-dns/4.1.116.Final/netty-resolver-dns-4.1.116.Final.pom
2025-01-13 18:04:57,353 [Worker-180: Building] INFO  o.e.m.c.i.e.AbstractTransferListenerAdapter - Downloading https://repo.maven.apache.org/maven2/io/netty/netty-codec-dns/4.1.116.Final/netty-codec-dns-4.1.116.Final.pom
2025-01-13 18:04:57,367 [Worker-180: Building] INFO  o.e.m.c.i.e.AbstractTransferListenerAdapter - Downloaded https://repo.maven.apache.org/maven2/io/netty/netty-codec-dns/4.1.116.Final/netty-codec-dns-4.1.116.Final.pom
2025-01-13 18:04:57,392 [Worker-180: Building] INFO  o.e.m.c.i.e.AbstractTransferListenerAdapter - Downloading https://repo.maven.apache.org/maven2/io/netty/netty-resolver-dns-native-macos/4.1.116.Final/netty-resolver-dns-native-macos-4.1.116.Final.pom
2025-01-13 18:04:57,409 [Worker-180: Building] INFO  o.e.m.c.i.e.AbstractTransferListenerAdapter - Downloaded https://repo.maven.apache.org/maven2/io/netty/netty-resolver-dns-native-macos/4.1.116.Final/netty-resolver-dns-native-macos-4.1.116.Final.pom
2025-01-13 18:04:57,435 [Worker-180: Building] INFO  o.e.m.c.i.e.AbstractTransferListenerAdapter - Downloading https://repo.maven.apache.org/maven2/io/netty/netty-resolver-dns-classes-macos/4.1.116.Final/netty-resolver-dns-classes-macos-4.1.116.Final.pom
2025-01-13 18:04:57,443 [Worker-180: Building] INFO  o.e.m.c.i.e.AbstractTransferListenerAdapter - Downloaded https://repo.maven.apache.org/maven2/io/netty/netty-resolver-dns-classes-macos/4.1.116.Final/netty-resolver-dns-classes-macos-4.1.116.Final.pom
2025-01-13 18:04:57,467 [Worker-180: Building] INFO  o.e.m.c.i.e.AbstractTransferListenerAdapter - Downloading https://repo.maven.apache.org/maven2/io/netty/netty-transport-native-epoll/4.1.116.Final/netty-transport-native-epoll-4.1.116.Final.pom
2025-01-13 18:04:57,481 [Worker-180: Building] INFO  o.e.m.c.i.e.AbstractTransferListenerAdapter - Downloaded https://repo.maven.apache.org/maven2/io/netty/netty-transport-native-epoll/4.1.116.Final/netty-transport-native-epoll-4.1.116.Final.pom
2025-01-13 18:04:57,504 [Worker-180: Building] INFO  o.e.m.c.i.e.AbstractTransferListenerAdapter - Downloading https://repo.maven.apache.org/maven2/io/netty/netty-transport-classes-epoll/4.1.116.Final/netty-transport-classes-epoll-4.1.116.Final.pom
2025-01-13 18:04:57,515 [Worker-180: Building] INFO  o.e.m.c.i.e.AbstractTransferListenerAdapter - Downloaded https://repo.maven.apache.org/maven2/io/netty/netty-transport-classes-epoll/4.1.116.Final/netty-transport-classes-epoll-4.1.116.Final.pom
2025-01-13 18:04:57,544 [Worker-180: Building] INFO  o.e.m.c.i.e.AbstractTransferListenerAdapter - Downloading https://repo.maven.apache.org/maven2/io/projectreactor/netty/reactor-netty-core/1.2.1/reactor-netty-core-1.2.1.pom
2025-01-13 18:04:57,573 [Worker-180: Building] INFO  o.e.m.c.i.e.AbstractTransferListenerAdapter - Downloaded https://repo.maven.apache.org/maven2/io/projectreactor/netty/reactor-netty-core/1.2.1/reactor-netty-core-1.2.1.pom
2025-01-13 18:04:57,601 [Worker-180: Building] INFO  o.e.m.c.i.e.AbstractTransferListenerAdapter - Downloading https://repo.maven.apache.org/maven2/io/netty/netty-handler-proxy/4.1.116.Final/netty-handler-proxy-4.1.116.Final.pom
2025-01-13 18:04:57,611 [Worker-180: Building] INFO  o.e.m.c.i.e.AbstractTransferListenerAdapter - Downloaded https://repo.maven.apache.org/maven2/io/netty/netty-handler-proxy/4.1.116.Final/netty-handler-proxy-4.1.116.Final.pom
2025-01-13 18:04:57,651 [Worker-180: Building] INFO  o.e.m.c.i.e.AbstractTransferListenerAdapter - Downloading https://repo.maven.apache.org/maven2/io/netty/netty-codec-socks/4.1.116.Final/netty-codec-socks-4.1.116.Final.pom
2025-01-13 18:04:57,659 [Worker-180: Building] INFO  o.e.m.c.i.e.AbstractTransferListenerAdapter - Downloaded https://repo.maven.apache.org/maven2/io/netty/netty-codec-socks/4.1.116.Final/netty-codec-socks-4.1.116.Final.pom
2025-01-13 18:04:57,683 [Worker-180: Building] INFO  o.e.m.c.i.e.AbstractTransferListenerAdapter - Downloading https://repo.maven.apache.org/maven2/io/projectreactor/reactor-core/3.7.1/reactor-core-3.7.1.pom
2025-01-13 18:04:57,694 [Worker-180: Building] INFO  o.e.m.c.i.e.AbstractTransferListenerAdapter - Downloaded https://repo.maven.apache.org/maven2/io/projectreactor/reactor-core/3.7.1/reactor-core-3.7.1.pom
2025-01-13 18:04:57,727 [Worker-180: Building] INFO  o.e.m.c.i.e.AbstractTransferListenerAdapter - Downloading https://repo.maven.apache.org/maven2/org/reactivestreams/reactive-streams/1.0.4/reactive-streams-1.0.4.pom
2025-01-13 18:04:57,734 [Worker-180: Building] INFO  o.e.m.c.i.e.AbstractTransferListenerAdapter - Downloaded https://repo.maven.apache.org/maven2/org/reactivestreams/reactive-streams/1.0.4/reactive-streams-1.0.4.pom
2025-01-13 18:04:57,770 [Worker-180: Building] INFO  o.e.m.c.i.e.AbstractTransferListenerAdapter - Downloading https://repo.maven.apache.org/maven2/org/springframework/spring-webflux/6.2.1/spring-webflux-6.2.1.pom
2025-01-13 18:04:57,781 [Worker-180: Building] INFO  o.e.m.c.i.e.AbstractTransferListenerAdapter - Downloaded https://repo.maven.apache.org/maven2/org/springframework/spring-webflux/6.2.1/spring-webflux-6.2.1.pom
2025-01-13 18:04:57,977 [Worker-180: Building] INFO  o.e.m.c.i.e.AbstractTransferListenerAdapter - Downloading https://repo.maven.apache.org/maven2/org/springframework/boot/spring-boot-starter-webflux/3.4.1/spring-boot-starter-webflux-3.4.1.jar
2025-01-13 18:04:57,996 [Worker-180: Building] INFO  o.e.m.c.i.e.AbstractTransferListenerAdapter - Downloaded https://repo.maven.apache.org/maven2/org/springframework/boot/spring-boot-starter-webflux/3.4.1/spring-boot-starter-webflux-3.4.1.jar
2025-01-13 18:04:58,015 [BasicRepositoryConnector-repo.maven.apache.org-1-0] INFO  o.e.m.c.i.e.AbstractTransferListenerAdapter - Downloading https://repo.maven.apache.org/maven2/org/springframework/boot/spring-boot-starter-reactor-netty/3.4.1/spring-boot-starter-reactor-netty-3.4.1.jar
2025-01-13 18:04:58,026 [BasicRepositoryConnector-repo.maven.apache.org-1-0] INFO  o.e.m.c.i.e.AbstractTransferListenerAdapter - Downloaded https://repo.maven.apache.org/maven2/org/springframework/boot/spring-boot-starter-reactor-netty/3.4.1/spring-boot-starter-reactor-netty-3.4.1.jar
2025-01-13 18:04:58,044 [BasicRepositoryConnector-repo.maven.apache.org-1-0] INFO  o.e.m.c.i.e.AbstractTransferListenerAdapter - Downloading https://repo.maven.apache.org/maven2/io/netty/netty-transport/4.1.116.Final/netty-transport-4.1.116.Final.jar
2025-01-13 18:04:58,062 [BasicRepositoryConnector-repo.maven.apache.org-1-4] INFO  o.e.m.c.i.e.AbstractTransferListenerAdapter - Downloading https://repo.maven.apache.org/maven2/io/netty/netty-buffer/4.1.116.Final/netty-buffer-4.1.116.Final.jar
2025-01-13 18:04:58,070 [BasicRepositoryConnector-repo.maven.apache.org-1-3] INFO  o.e.m.c.i.e.AbstractTransferListenerAdapter - Downloading https://repo.maven.apache.org/maven2/io/netty/netty-common/4.1.116.Final/netty-common-4.1.116.Final.jar
2025-01-13 18:04:58,070 [BasicRepositoryConnector-repo.maven.apache.org-1-2] INFO  o.e.m.c.i.e.AbstractTransferListenerAdapter - Downloading https://repo.maven.apache.org/maven2/io/netty/netty-codec-http/4.1.116.Final/netty-codec-http-4.1.116.Final.jar
2025-01-13 18:04:58,078 [BasicRepositoryConnector-repo.maven.apache.org-1-1] INFO  o.e.m.c.i.e.AbstractTransferListenerAdapter - Downloading https://repo.maven.apache.org/maven2/io/projectreactor/netty/reactor-netty-http/1.2.1/reactor-netty-http-1.2.1.jar
2025-01-13 18:04:58,231 [BasicRepositoryConnector-repo.maven.apache.org-1-0] INFO  o.e.m.c.i.e.AbstractTransferListenerAdapter - Downloaded https://repo.maven.apache.org/maven2/io/netty/netty-transport/4.1.116.Final/netty-transport-4.1.116.Final.jar
2025-01-13 18:04:58,270 [BasicRepositoryConnector-repo.maven.apache.org-1-0] INFO  o.e.m.c.i.e.AbstractTransferListenerAdapter - Downloading https://repo.maven.apache.org/maven2/io/netty/netty-codec/4.1.116.Final/netty-codec-4.1.116.Final.jar
2025-01-13 18:04:58,338 [BasicRepositoryConnector-repo.maven.apache.org-1-1] INFO  o.e.m.c.i.e.AbstractTransferListenerAdapter - Downloaded https://repo.maven.apache.org/maven2/io/projectreactor/netty/reactor-netty-http/1.2.1/reactor-netty-http-1.2.1.jar
2025-01-13 18:04:58,356 [BasicRepositoryConnector-repo.maven.apache.org-1-4] INFO  o.e.m.c.i.e.AbstractTransferListenerAdapter - Downloaded https://repo.maven.apache.org/maven2/io/netty/netty-buffer/4.1.116.Final/netty-buffer-4.1.116.Final.jar
2025-01-13 18:04:58,373 [BasicRepositoryConnector-repo.maven.apache.org-1-1] INFO  o.e.m.c.i.e.AbstractTransferListenerAdapter - Downloading https://repo.maven.apache.org/maven2/io/netty/netty-handler/4.1.116.Final/netty-handler-4.1.116.Final.jar
2025-01-13 18:04:58,387 [BasicRepositoryConnector-repo.maven.apache.org-1-0] INFO  o.e.m.c.i.e.AbstractTransferListenerAdapter - Downloaded https://repo.maven.apache.org/maven2/io/netty/netty-codec/4.1.116.Final/netty-codec-4.1.116.Final.jar
2025-01-13 18:04:58,389 [BasicRepositoryConnector-repo.maven.apache.org-1-4] INFO  o.e.m.c.i.e.AbstractTransferListenerAdapter - Downloading https://repo.maven.apache.org/maven2/io/netty/netty-codec-http2/4.1.116.Final/netty-codec-http2-4.1.116.Final.jar
2025-01-13 18:04:58,443 [BasicRepositoryConnector-repo.maven.apache.org-1-0] INFO  o.e.m.c.i.e.AbstractTransferListenerAdapter - Downloading https://repo.maven.apache.org/maven2/io/netty/netty-resolver-dns/4.1.116.Final/netty-resolver-dns-4.1.116.Final.jar
2025-01-13 18:04:58,541 [BasicRepositoryConnector-repo.maven.apache.org-1-1] INFO  o.e.m.c.i.e.AbstractTransferListenerAdapter - Downloaded https://repo.maven.apache.org/maven2/io/netty/netty-handler/4.1.116.Final/netty-handler-4.1.116.Final.jar
2025-01-13 18:04:58,550 [BasicRepositoryConnector-repo.maven.apache.org-1-0] INFO  o.e.m.c.i.e.AbstractTransferListenerAdapter - Downloaded https://repo.maven.apache.org/maven2/io/netty/netty-resolver-dns/4.1.116.Final/netty-resolver-dns-4.1.116.Final.jar
2025-01-13 18:04:58,560 [BasicRepositoryConnector-repo.maven.apache.org-1-1] INFO  o.e.m.c.i.e.AbstractTransferListenerAdapter - Downloading https://repo.maven.apache.org/maven2/io/netty/netty-resolver/4.1.116.Final/netty-resolver-4.1.116.Final.jar
2025-01-13 18:04:58,570 [BasicRepositoryConnector-repo.maven.apache.org-1-0] INFO  o.e.m.c.i.e.AbstractTransferListenerAdapter - Downloading https://repo.maven.apache.org/maven2/io/netty/netty-codec-dns/4.1.116.Final/netty-codec-dns-4.1.116.Final.jar
2025-01-13 18:04:58,589 [BasicRepositoryConnector-repo.maven.apache.org-1-1] INFO  o.e.m.c.i.e.AbstractTransferListenerAdapter - Downloaded https://repo.maven.apache.org/maven2/io/netty/netty-resolver/4.1.116.Final/netty-resolver-4.1.116.Final.jar
2025-01-13 18:04:58,589 [BasicRepositoryConnector-repo.maven.apache.org-1-0] INFO  o.e.m.c.i.e.AbstractTransferListenerAdapter - Downloaded https://repo.maven.apache.org/maven2/io/netty/netty-codec-dns/4.1.116.Final/netty-codec-dns-4.1.116.Final.jar
2025-01-13 18:04:58,598 [BasicRepositoryConnector-repo.maven.apache.org-1-2] INFO  o.e.m.c.i.e.AbstractTransferListenerAdapter - Downloaded https://repo.maven.apache.org/maven2/io/netty/netty-codec-http/4.1.116.Final/netty-codec-http-4.1.116.Final.jar
2025-01-13 18:04:58,605 [BasicRepositoryConnector-repo.maven.apache.org-1-3] INFO  o.e.m.c.i.e.AbstractTransferListenerAdapter - Downloaded https://repo.maven.apache.org/maven2/io/netty/netty-common/4.1.116.Final/netty-common-4.1.116.Final.jar
2025-01-13 18:04:58,612 [BasicRepositoryConnector-repo.maven.apache.org-1-0] INFO  o.e.m.c.i.e.AbstractTransferListenerAdapter - Downloading https://repo.maven.apache.org/maven2/io/netty/netty-resolver-dns-classes-macos/4.1.116.Final/netty-resolver-dns-classes-macos-4.1.116.Final.jar
2025-01-13 18:04:58,615 [BasicRepositoryConnector-repo.maven.apache.org-1-1] INFO  o.e.m.c.i.e.AbstractTransferListenerAdapter - Downloading https://repo.maven.apache.org/maven2/io/netty/netty-resolver-dns-native-macos/4.1.116.Final/netty-resolver-dns-native-macos-4.1.116.Final-osx-x86_64.jar
2025-01-13 18:04:58,617 [BasicRepositoryConnector-repo.maven.apache.org-1-2] INFO  o.e.m.c.i.e.AbstractTransferListenerAdapter - Downloading https://repo.maven.apache.org/maven2/io/netty/netty-transport-native-epoll/4.1.116.Final/netty-transport-native-epoll-4.1.116.Final-linux-x86_64.jar
2025-01-13 18:04:58,621 [BasicRepositoryConnector-repo.maven.apache.org-1-0] INFO  o.e.m.c.i.e.AbstractTransferListenerAdapter - Downloaded https://repo.maven.apache.org/maven2/io/netty/netty-resolver-dns-classes-macos/4.1.116.Final/netty-resolver-dns-classes-macos-4.1.116.Final.jar
2025-01-13 18:04:58,625 [BasicRepositoryConnector-repo.maven.apache.org-1-3] INFO  o.e.m.c.i.e.AbstractTransferListenerAdapter - Downloading https://repo.maven.apache.org/maven2/io/netty/netty-transport-native-unix-common/4.1.116.Final/netty-transport-native-unix-common-4.1.116.Final.jar
2025-01-13 18:04:58,630 [BasicRepositoryConnector-repo.maven.apache.org-1-1] INFO  o.e.m.c.i.e.AbstractTransferListenerAdapter - Downloaded https://repo.maven.apache.org/maven2/io/netty/netty-resolver-dns-native-macos/4.1.116.Final/netty-resolver-dns-native-macos-4.1.116.Final-osx-x86_64.jar
2025-01-13 18:04:58,639 [BasicRepositoryConnector-repo.maven.apache.org-1-2] INFO  o.e.m.c.i.e.AbstractTransferListenerAdapter - Downloaded https://repo.maven.apache.org/maven2/io/netty/netty-transport-native-epoll/4.1.116.Final/netty-transport-native-epoll-4.1.116.Final-linux-x86_64.jar
2025-01-13 18:04:58,640 [BasicRepositoryConnector-repo.maven.apache.org-1-3] INFO  o.e.m.c.i.e.AbstractTransferListenerAdapter - Downloaded https://repo.maven.apache.org/maven2/io/netty/netty-transport-native-unix-common/4.1.116.Final/netty-transport-native-unix-common-4.1.116.Final.jar
2025-01-13 18:04:58,651 [BasicRepositoryConnector-repo.maven.apache.org-1-0] INFO  o.e.m.c.i.e.AbstractTransferListenerAdapter - Downloading https://repo.maven.apache.org/maven2/io/netty/netty-transport-classes-epoll/4.1.116.Final/netty-transport-classes-epoll-4.1.116.Final.jar
2025-01-13 18:04:58,659 [BasicRepositoryConnector-repo.maven.apache.org-1-2] INFO  o.e.m.c.i.e.AbstractTransferListenerAdapter - Downloading https://repo.maven.apache.org/maven2/io/netty/netty-handler-proxy/4.1.116.Final/netty-handler-proxy-4.1.116.Final.jar
2025-01-13 18:04:58,661 [BasicRepositoryConnector-repo.maven.apache.org-1-1] INFO  o.e.m.c.i.e.AbstractTransferListenerAdapter - Downloading https://repo.maven.apache.org/maven2/io/projectreactor/netty/reactor-netty-core/1.2.1/reactor-netty-core-1.2.1.jar
2025-01-13 18:04:58,667 [BasicRepositoryConnector-repo.maven.apache.org-1-3] INFO  o.e.m.c.i.e.AbstractTransferListenerAdapter - Downloading https://repo.maven.apache.org/maven2/io/netty/netty-codec-socks/4.1.116.Final/netty-codec-socks-4.1.116.Final.jar
2025-01-13 18:04:58,673 [BasicRepositoryConnector-repo.maven.apache.org-1-2] INFO  o.e.m.c.i.e.AbstractTransferListenerAdapter - Downloaded https://repo.maven.apache.org/maven2/io/netty/netty-handler-proxy/4.1.116.Final/netty-handler-proxy-4.1.116.Final.jar
2025-01-13 18:04:58,675 [BasicRepositoryConnector-repo.maven.apache.org-1-4] INFO  o.e.m.c.i.e.AbstractTransferListenerAdapter - Downloaded https://repo.maven.apache.org/maven2/io/netty/netty-codec-http2/4.1.116.Final/netty-codec-http2-4.1.116.Final.jar
2025-01-13 18:04:58,701 [BasicRepositoryConnector-repo.maven.apache.org-1-3] INFO  o.e.m.c.i.e.AbstractTransferListenerAdapter - Downloaded https://repo.maven.apache.org/maven2/io/netty/netty-codec-socks/4.1.116.Final/netty-codec-socks-4.1.116.Final.jar
2025-01-13 18:04:58,712 [BasicRepositoryConnector-repo.maven.apache.org-1-4] INFO  o.e.m.c.i.e.AbstractTransferListenerAdapter - Downloading https://repo.maven.apache.org/maven2/io/projectreactor/reactor-core/3.7.1/reactor-core-3.7.1.jar
2025-01-13 18:04:58,716 [BasicRepositoryConnector-repo.maven.apache.org-1-2] INFO  o.e.m.c.i.e.AbstractTransferListenerAdapter - Downloading https://repo.maven.apache.org/maven2/org/springframework/spring-webflux/6.2.1/spring-webflux-6.2.1.jar
2025-01-13 18:04:58,748 [BasicRepositoryConnector-repo.maven.apache.org-1-3] INFO  o.e.m.c.i.e.AbstractTransferListenerAdapter - Downloading https://repo.maven.apache.org/maven2/org/reactivestreams/reactive-streams/1.0.4/reactive-streams-1.0.4.jar
2025-01-13 18:04:58,756 [BasicRepositoryConnector-repo.maven.apache.org-1-3] INFO  o.e.m.c.i.e.AbstractTransferListenerAdapter - Downloaded https://repo.maven.apache.org/maven2/org/reactivestreams/reactive-streams/1.0.4/reactive-streams-1.0.4.jar
2025-01-13 18:04:58,756 [BasicRepositoryConnector-repo.maven.apache.org-1-0] INFO  o.e.m.c.i.e.AbstractTransferListenerAdapter - Downloaded https://repo.maven.apache.org/maven2/io/netty/netty-transport-classes-epoll/4.1.116.Final/netty-transport-classes-epoll-4.1.116.Final.jar
2025-01-13 18:04:58,931 [BasicRepositoryConnector-repo.maven.apache.org-1-1] INFO  o.e.m.c.i.e.AbstractTransferListenerAdapter - Downloaded https://repo.maven.apache.org/maven2/io/projectreactor/netty/reactor-netty-core/1.2.1/reactor-netty-core-1.2.1.jar
2025-01-13 18:04:58,984 [BasicRepositoryConnector-repo.maven.apache.org-1-2] INFO  o.e.m.c.i.e.AbstractTransferListenerAdapter - Downloaded https://repo.maven.apache.org/maven2/org/springframework/spring-webflux/6.2.1/spring-webflux-6.2.1.jar
2025-01-13 18:04:59,224 [BasicRepositoryConnector-repo.maven.apache.org-1-4] INFO  o.e.m.c.i.e.AbstractTransferListenerAdapter - Downloaded https://repo.maven.apache.org/maven2/io/projectreactor/reactor-core/3.7.1/reactor-core-3.7.1.jar
2025-01-13 18:04:59,658 [Worker-180: Building] INFO  o.a.m.s.f.DefaultMavenResourcesFiltering - Copying 0 resource from src\main\resources to target\classes
2025-01-13 18:04:59,659 [Worker-180: Building] INFO  o.a.m.s.f.DefaultMavenResourcesFiltering - Copying 0 resource from src\main\resources to target\classes
2025-01-13 18:04:59,662 [Worker-180: Building] INFO  o.a.m.s.f.DefaultMavenResourcesFiltering - skip non existing resourceDirectory C:\Users\surajendra\Work_Requests\Eclipse_Workspace\Spring\Test\demo\src\test\resources
2025-01-13 18:04:59,937 [Worker-181: Building] INFO  o.a.m.s.f.DefaultMavenResourcesFiltering - Copying 2 resources from src\main\resources to target\classes
2025-01-13 18:04:59,958 [Worker-181: Building] INFO  o.a.m.s.f.DefaultMavenResourcesFiltering - Copying 1 resource from src\main\resources to target\classes
2025-01-13 18:04:59,964 [Worker-181: Building] INFO  o.a.m.s.f.DefaultMavenResourcesFiltering - skip non existing resourceDirectory C:\Users\surajendra\Work_Requests\Eclipse_Workspace\Spring\Test\demo\src\test\resources
2025-01-13 18:05:00,514 [Worker-169: Download sources and javadoc] INFO  o.e.m.c.i.e.AbstractTransferListenerAdapter - Downloading https://repo.maven.apache.org/maven2/org/springframework/boot/spring-boot-starter-webflux/3.4.1/spring-boot-starter-webflux-3.4.1-sources.jar
2025-01-13 18:05:00,525 [Worker-169: Download sources and javadoc] INFO  o.e.m.c.i.e.AbstractTransferListenerAdapter - Downloaded https://repo.maven.apache.org/maven2/org/springframework/boot/spring-boot-starter-webflux/3.4.1/spring-boot-starter-webflux-3.4.1-sources.jar
2025-01-13 18:05:00,534 [Worker-169: Download sources and javadoc] INFO  o.e.m.j.internal.DownloadSourcesJob - Downloaded sources for org.springframework.boot:spring-boot-starter-webflux:3.4.1
2025-01-13 18:05:00,620 [Worker-169: Download sources and javadoc] INFO  o.e.m.c.i.e.AbstractTransferListenerAdapter - Downloading https://repo.maven.apache.org/maven2/org/springframework/boot/spring-boot-starter-reactor-netty/3.4.1/spring-boot-starter-reactor-netty-3.4.1-sources.jar
2025-01-13 18:05:00,633 [Worker-169: Download sources and javadoc] INFO  o.e.m.c.i.e.AbstractTransferListenerAdapter - Downloaded https://repo.maven.apache.org/maven2/org/springframework/boot/spring-boot-starter-reactor-netty/3.4.1/spring-boot-starter-reactor-netty-3.4.1-sources.jar
2025-01-13 18:05:00,641 [Worker-169: Download sources and javadoc] INFO  o.e.m.j.internal.DownloadSourcesJob - Downloaded sources for org.springframework.boot:spring-boot-starter-reactor-netty:3.4.1
2025-01-13 18:05:00,746 [Worker-169: Download sources and javadoc] INFO  o.e.m.c.i.e.AbstractTransferListenerAdapter - Downloading https://repo.maven.apache.org/maven2/io/projectreactor/netty/reactor-netty-http/1.2.1/reactor-netty-http-1.2.1-sources.jar
2025-01-13 18:05:00,937 [Worker-169: Download sources and javadoc] INFO  o.e.m.c.i.e.AbstractTransferListenerAdapter - Downloaded https://repo.maven.apache.org/maven2/io/projectreactor/netty/reactor-netty-http/1.2.1/reactor-netty-http-1.2.1-sources.jar
2025-01-13 18:05:00,947 [Worker-169: Download sources and javadoc] INFO  o.e.m.j.internal.DownloadSourcesJob - Downloaded sources for io.projectreactor.netty:reactor-netty-http:1.2.1
2025-01-13 18:05:01,036 [Worker-169: Download sources and javadoc] INFO  o.e.m.c.i.e.AbstractTransferListenerAdapter - Downloading https://repo.maven.apache.org/maven2/io/netty/netty-codec-http/4.1.116.Final/netty-codec-http-4.1.116.Final-sources.jar
2025-01-13 18:05:01,661 [Worker-169: Download sources and javadoc] INFO  o.e.m.c.i.e.AbstractTransferListenerAdapter - Downloaded https://repo.maven.apache.org/maven2/io/netty/netty-codec-http/4.1.116.Final/netty-codec-http-4.1.116.Final-sources.jar
2025-01-13 18:05:01,666 [Worker-169: Download sources and javadoc] INFO  o.e.m.j.internal.DownloadSourcesJob - Downloaded sources for io.netty:netty-codec-http:4.1.116.Final
2025-01-13 18:05:01,784 [Worker-169: Download sources and javadoc] INFO  o.e.m.c.i.e.AbstractTransferListenerAdapter - Downloading https://repo.maven.apache.org/maven2/io/netty/netty-common/4.1.116.Final/netty-common-4.1.116.Final-sources.jar
2025-01-13 18:05:02,318 [Worker-169: Download sources and javadoc] INFO  o.e.m.c.i.e.AbstractTransferListenerAdapter - Downloaded https://repo.maven.apache.org/maven2/io/netty/netty-common/4.1.116.Final/netty-common-4.1.116.Final-sources.jar
2025-01-13 18:05:02,324 [Worker-169: Download sources and javadoc] INFO  o.e.m.j.internal.DownloadSourcesJob - Downloaded sources for io.netty:netty-common:4.1.116.Final
2025-01-13 18:05:02,498 [Worker-169: Download sources and javadoc] INFO  o.e.m.c.i.e.AbstractTransferListenerAdapter - Downloading https://repo.maven.apache.org/maven2/io/netty/netty-buffer/4.1.116.Final/netty-buffer-4.1.116.Final-sources.jar
2025-01-13 18:05:03,251 [Worker-169: Download sources and javadoc] INFO  o.e.m.c.i.e.AbstractTransferListenerAdapter - Downloaded https://repo.maven.apache.org/maven2/io/netty/netty-buffer/4.1.116.Final/netty-buffer-4.1.116.Final-sources.jar
2025-01-13 18:05:03,262 [Worker-169: Download sources and javadoc] INFO  o.e.m.j.internal.DownloadSourcesJob - Downloaded sources for io.netty:netty-buffer:4.1.116.Final
2025-01-13 18:05:03,443 [Worker-169: Download sources and javadoc] INFO  o.e.m.c.i.e.AbstractTransferListenerAdapter - Downloading https://repo.maven.apache.org/maven2/io/netty/netty-transport/4.1.116.Final/netty-transport-4.1.116.Final-sources.jar
2025-01-13 18:05:04,096 [Worker-169: Download sources and javadoc] INFO  o.e.m.c.i.e.AbstractTransferListenerAdapter - Downloaded https://repo.maven.apache.org/maven2/io/netty/netty-transport/4.1.116.Final/netty-transport-4.1.116.Final-sources.jar
2025-01-13 18:05:04,100 [Worker-169: Download sources and javadoc] INFO  o.e.m.j.internal.DownloadSourcesJob - Downloaded sources for io.netty:netty-transport:4.1.116.Final
2025-01-13 18:05:04,410 [Worker-169: Download sources and javadoc] INFO  o.e.m.c.i.e.AbstractTransferListenerAdapter - Downloading https://repo.maven.apache.org/maven2/io/netty/netty-codec/4.1.116.Final/netty-codec-4.1.116.Final-sources.jar
2025-01-13 18:05:04,587 [Worker-169: Download sources and javadoc] INFO  o.e.m.c.i.e.AbstractTransferListenerAdapter - Downloaded https://repo.maven.apache.org/maven2/io/netty/netty-codec/4.1.116.Final/netty-codec-4.1.116.Final-sources.jar
2025-01-13 18:05:04,592 [Worker-169: Download sources and javadoc] INFO  o.e.m.j.internal.DownloadSourcesJob - Downloaded sources for io.netty:netty-codec:4.1.116.Final
2025-01-13 18:05:04,653 [Worker-169: Download sources and javadoc] INFO  o.e.m.c.i.e.AbstractTransferListenerAdapter - Downloading https://repo.maven.apache.org/maven2/io/netty/netty-handler/4.1.116.Final/netty-handler-4.1.116.Final-sources.jar
2025-01-13 18:05:04,941 [Worker-169: Download sources and javadoc] INFO  o.e.m.c.i.e.AbstractTransferListenerAdapter - Downloaded https://repo.maven.apache.org/maven2/io/netty/netty-handler/4.1.116.Final/netty-handler-4.1.116.Final-sources.jar
2025-01-13 18:05:04,950 [Worker-169: Download sources and javadoc] INFO  o.e.m.j.internal.DownloadSourcesJob - Downloaded sources for io.netty:netty-handler:4.1.116.Final
2025-01-13 18:05:05,252 [Worker-169: Download sources and javadoc] INFO  o.e.m.c.i.e.AbstractTransferListenerAdapter - Downloading https://repo.maven.apache.org/maven2/io/netty/netty-codec-http2/4.1.116.Final/netty-codec-http2-4.1.116.Final-sources.jar
2025-01-13 18:05:05,531 [Worker-169: Download sources and javadoc] INFO  o.e.m.c.i.e.AbstractTransferListenerAdapter - Downloaded https://repo.maven.apache.org/maven2/io/netty/netty-codec-http2/4.1.116.Final/netty-codec-http2-4.1.116.Final-sources.jar
2025-01-13 18:05:05,537 [Worker-169: Download sources and javadoc] INFO  o.e.m.j.internal.DownloadSourcesJob - Downloaded sources for io.netty:netty-codec-http2:4.1.116.Final
2025-01-13 18:05:05,598 [Worker-169: Download sources and javadoc] INFO  o.e.m.c.i.e.AbstractTransferListenerAdapter - Downloading https://repo.maven.apache.org/maven2/io/netty/netty-resolver-dns/4.1.116.Final/netty-resolver-dns-4.1.116.Final-sources.jar
2025-01-13 18:05:05,675 [Worker-169: Download sources and javadoc] INFO  o.e.m.c.i.e.AbstractTransferListenerAdapter - Downloaded https://repo.maven.apache.org/maven2/io/netty/netty-resolver-dns/4.1.116.Final/netty-resolver-dns-4.1.116.Final-sources.jar
2025-01-13 18:05:05,681 [Worker-169: Download sources and javadoc] INFO  o.e.m.j.internal.DownloadSourcesJob - Downloaded sources for io.netty:netty-resolver-dns:4.1.116.Final
2025-01-13 18:05:05,758 [Worker-169: Download sources and javadoc] INFO  o.e.m.c.i.e.AbstractTransferListenerAdapter - Downloading https://repo.maven.apache.org/maven2/io/netty/netty-resolver/4.1.116.Final/netty-resolver-4.1.116.Final-sources.jar
2025-01-13 18:05:05,774 [Worker-169: Download sources and javadoc] INFO  o.e.m.c.i.e.AbstractTransferListenerAdapter - Downloaded https://repo.maven.apache.org/maven2/io/netty/netty-resolver/4.1.116.Final/netty-resolver-4.1.116.Final-sources.jar
2025-01-13 18:05:05,779 [Worker-169: Download sources and javadoc] INFO  o.e.m.j.internal.DownloadSourcesJob - Downloaded sources for io.netty:netty-resolver:4.1.116.Final
2025-01-13 18:05:05,861 [Worker-169: Download sources and javadoc] INFO  o.e.m.c.i.e.AbstractTransferListenerAdapter - Downloading https://repo.maven.apache.org/maven2/io/netty/netty-codec-dns/4.1.116.Final/netty-codec-dns-4.1.116.Final-sources.jar
2025-01-13 18:05:05,900 [Worker-169: Download sources and javadoc] INFO  o.e.m.c.i.e.AbstractTransferListenerAdapter - Downloaded https://repo.maven.apache.org/maven2/io/netty/netty-codec-dns/4.1.116.Final/netty-codec-dns-4.1.116.Final-sources.jar
2025-01-13 18:05:05,906 [Worker-169: Download sources and javadoc] INFO  o.e.m.j.internal.DownloadSourcesJob - Downloaded sources for io.netty:netty-codec-dns:4.1.116.Final
2025-01-13 18:05:05,974 [Worker-169: Download sources and javadoc] INFO  o.e.m.c.i.e.AbstractTransferListenerAdapter - Downloading https://repo.maven.apache.org/maven2/io/netty/netty-resolver-dns-native-macos/4.1.116.Final/netty-resolver-dns-native-macos-4.1.116.Final-sources.jar
2025-01-13 18:05:05,984 [Worker-169: Download sources and javadoc] INFO  o.e.m.c.i.e.AbstractTransferListenerAdapter - Downloaded https://repo.maven.apache.org/maven2/io/netty/netty-resolver-dns-native-macos/4.1.116.Final/netty-resolver-dns-native-macos-4.1.116.Final-sources.jar
2025-01-13 18:05:05,990 [Worker-169: Download sources and javadoc] INFO  o.e.m.j.internal.DownloadSourcesJob - Downloaded sources for io.netty:netty-resolver-dns-native-macos:4.1.116.Finalosx-x86_64
2025-01-13 18:05:06,051 [Worker-169: Download sources and javadoc] INFO  o.e.m.c.i.e.AbstractTransferListenerAdapter - Downloading https://repo.maven.apache.org/maven2/io/netty/netty-resolver-dns-classes-macos/4.1.116.Final/netty-resolver-dns-classes-macos-4.1.116.Final-sources.jar
2025-01-13 18:05:06,070 [Worker-169: Download sources and javadoc] INFO  o.e.m.c.i.e.AbstractTransferListenerAdapter - Downloaded https://repo.maven.apache.org/maven2/io/netty/netty-resolver-dns-classes-macos/4.1.116.Final/netty-resolver-dns-classes-macos-4.1.116.Final-sources.jar
2025-01-13 18:05:06,078 [Worker-169: Download sources and javadoc] INFO  o.e.m.j.internal.DownloadSourcesJob - Downloaded sources for io.netty:netty-resolver-dns-classes-macos:4.1.116.Final
2025-01-13 18:05:06,140 [Worker-169: Download sources and javadoc] INFO  o.e.m.c.i.e.AbstractTransferListenerAdapter - Downloading https://repo.maven.apache.org/maven2/io/netty/netty-transport-native-epoll/4.1.116.Final/netty-transport-native-epoll-4.1.116.Final-sources.jar
2025-01-13 18:05:06,160 [Worker-169: Download sources and javadoc] INFO  o.e.m.c.i.e.AbstractTransferListenerAdapter - Downloaded https://repo.maven.apache.org/maven2/io/netty/netty-transport-native-epoll/4.1.116.Final/netty-transport-native-epoll-4.1.116.Final-sources.jar
2025-01-13 18:05:06,166 [Worker-169: Download sources and javadoc] INFO  o.e.m.j.internal.DownloadSourcesJob - Downloaded sources for io.netty:netty-transport-native-epoll:4.1.116.Finallinux-x86_64
2025-01-13 18:05:06,227 [Worker-169: Download sources and javadoc] INFO  o.e.m.c.i.e.AbstractTransferListenerAdapter - Downloading https://repo.maven.apache.org/maven2/io/netty/netty-transport-native-unix-common/4.1.116.Final/netty-transport-native-unix-common-4.1.116.Final-sources.jar
2025-01-13 18:05:06,265 [Worker-169: Download sources and javadoc] INFO  o.e.m.c.i.e.AbstractTransferListenerAdapter - Downloaded https://repo.maven.apache.org/maven2/io/netty/netty-transport-native-unix-common/4.1.116.Final/netty-transport-native-unix-common-4.1.116.Final-sources.jar
2025-01-13 18:05:06,272 [Worker-169: Download sources and javadoc] INFO  o.e.m.j.internal.DownloadSourcesJob - Downloaded sources for io.netty:netty-transport-native-unix-common:4.1.116.Final
2025-01-13 18:05:06,352 [Worker-169: Download sources and javadoc] INFO  o.e.m.c.i.e.AbstractTransferListenerAdapter - Downloading https://repo.maven.apache.org/maven2/io/netty/netty-transport-classes-epoll/4.1.116.Final/netty-transport-classes-epoll-4.1.116.Final-sources.jar
2025-01-13 18:05:06,387 [Worker-169: Download sources and javadoc] INFO  o.e.m.c.i.e.AbstractTransferListenerAdapter - Downloaded https://repo.maven.apache.org/maven2/io/netty/netty-transport-classes-epoll/4.1.116.Final/netty-transport-classes-epoll-4.1.116.Final-sources.jar
2025-01-13 18:05:06,393 [Worker-169: Download sources and javadoc] INFO  o.e.m.j.internal.DownloadSourcesJob - Downloaded sources for io.netty:netty-transport-classes-epoll:4.1.116.Final
2025-01-13 18:05:06,451 [Worker-169: Download sources and javadoc] INFO  o.e.m.c.i.e.AbstractTransferListenerAdapter - Downloading https://repo.maven.apache.org/maven2/io/projectreactor/netty/reactor-netty-core/1.2.1/reactor-netty-core-1.2.1-sources.jar
2025-01-13 18:05:06,575 [Worker-169: Download sources and javadoc] INFO  o.e.m.c.i.e.AbstractTransferListenerAdapter - Downloaded https://repo.maven.apache.org/maven2/io/projectreactor/netty/reactor-netty-core/1.2.1/reactor-netty-core-1.2.1-sources.jar
2025-01-13 18:05:06,581 [Worker-169: Download sources and javadoc] INFO  o.e.m.j.internal.DownloadSourcesJob - Downloaded sources for io.projectreactor.netty:reactor-netty-core:1.2.1
2025-01-13 18:05:06,643 [Worker-169: Download sources and javadoc] INFO  o.e.m.c.i.e.AbstractTransferListenerAdapter - Downloading https://repo.maven.apache.org/maven2/io/netty/netty-handler-proxy/4.1.116.Final/netty-handler-proxy-4.1.116.Final-sources.jar
2025-01-13 18:05:06,656 [Worker-169: Download sources and javadoc] INFO  o.e.m.c.i.e.AbstractTransferListenerAdapter - Downloaded https://repo.maven.apache.org/maven2/io/netty/netty-handler-proxy/4.1.116.Final/netty-handler-proxy-4.1.116.Final-sources.jar
2025-01-13 18:05:06,663 [Worker-169: Download sources and javadoc] INFO  o.e.m.j.internal.DownloadSourcesJob - Downloaded sources for io.netty:netty-handler-proxy:4.1.116.Final
2025-01-13 18:05:06,722 [Worker-169: Download sources and javadoc] INFO  o.e.m.c.i.e.AbstractTransferListenerAdapter - Downloading https://repo.maven.apache.org/maven2/io/netty/netty-codec-socks/4.1.116.Final/netty-codec-socks-4.1.116.Final-sources.jar
2025-01-13 18:05:06,777 [Worker-169: Download sources and javadoc] INFO  o.e.m.c.i.e.AbstractTransferListenerAdapter - Downloaded https://repo.maven.apache.org/maven2/io/netty/netty-codec-socks/4.1.116.Final/netty-codec-socks-4.1.116.Final-sources.jar
2025-01-13 18:05:06,783 [Worker-169: Download sources and javadoc] INFO  o.e.m.j.internal.DownloadSourcesJob - Downloaded sources for io.netty:netty-codec-socks:4.1.116.Final
2025-01-13 18:05:06,843 [Worker-169: Download sources and javadoc] INFO  o.e.m.c.i.e.AbstractTransferListenerAdapter - Downloading https://repo.maven.apache.org/maven2/org/springframework/spring-webflux/6.2.1/spring-webflux-6.2.1-sources.jar
2025-01-13 18:05:07,061 [Worker-169: Download sources and javadoc] INFO  o.e.m.c.i.e.AbstractTransferListenerAdapter - Downloaded https://repo.maven.apache.org/maven2/org/springframework/spring-webflux/6.2.1/spring-webflux-6.2.1-sources.jar
2025-01-13 18:05:07,066 [Worker-169: Download sources and javadoc] INFO  o.e.m.j.internal.DownloadSourcesJob - Downloaded sources for org.springframework:spring-webflux:6.2.1
2025-01-13 18:05:07,137 [Worker-169: Download sources and javadoc] INFO  o.e.m.c.i.e.AbstractTransferListenerAdapter - Downloading https://repo.maven.apache.org/maven2/io/projectreactor/reactor-core/3.7.1/reactor-core-3.7.1-sources.jar
2025-01-13 18:05:07,918 [Worker-169: Download sources and javadoc] INFO  o.e.m.c.i.e.AbstractTransferListenerAdapter - Downloaded https://repo.maven.apache.org/maven2/io/projectreactor/reactor-core/3.7.1/reactor-core-3.7.1-sources.jar
2025-01-13 18:05:07,925 [Worker-169: Download sources and javadoc] INFO  o.e.m.j.internal.DownloadSourcesJob - Downloaded sources for io.projectreactor:reactor-core:3.7.1
2025-01-13 18:05:07,984 [Worker-169: Download sources and javadoc] INFO  o.e.m.c.i.e.AbstractTransferListenerAdapter - Downloading https://repo.maven.apache.org/maven2/org/reactivestreams/reactive-streams/1.0.4/reactive-streams-1.0.4-sources.jar
2025-01-13 18:05:08,001 [Worker-169: Download sources and javadoc] INFO  o.e.m.c.i.e.AbstractTransferListenerAdapter - Downloaded https://repo.maven.apache.org/maven2/org/reactivestreams/reactive-streams/1.0.4/reactive-streams-1.0.4-sources.jar
2025-01-13 18:05:08,006 [Worker-169: Download sources and javadoc] INFO  o.e.m.j.internal.DownloadSourcesJob - Downloaded sources for org.reactivestreams:reactive-streams:1.0.4
2025-01-13 18:08:25,724 [Worker-177: Building] INFO  o.a.m.s.f.DefaultMavenResourcesFiltering - Copying 0 resource from src\main\resources to target\classes
2025-01-13 18:08:25,725 [Worker-177: Building] INFO  o.a.m.s.f.DefaultMavenResourcesFiltering - Copying 1 resource from src\main\resources to target\classes
2025-01-13 18:08:25,733 [Worker-177: Building] INFO  o.a.m.s.f.DefaultMavenResourcesFiltering - skip non existing resourceDirectory C:\Users\surajendra\Work_Requests\Eclipse_Workspace\Spring\Test\demo\src\test\resources
2025-01-13 18:10:37,372 [Worker-184: Building] INFO  o.a.m.s.f.DefaultMavenResourcesFiltering - Copying 2 resources from src\main\resources to target\classes
2025-01-13 18:10:37,396 [Worker-184: Building] INFO  o.a.m.s.f.DefaultMavenResourcesFiltering - Copying 1 resource from src\main\resources to target\classes
2025-01-13 18:10:37,399 [Worker-184: Building] INFO  o.a.m.s.f.DefaultMavenResourcesFiltering - skip non existing resourceDirectory C:\Users\surajendra\Work_Requests\Eclipse_Workspace\Spring\Test\demo\src\test\resources
2025-01-13 18:12:11,972 [Worker-183: Building] INFO  o.a.m.s.f.DefaultMavenResourcesFiltering - Copying 2 resources from src\main\resources to target\classes
2025-01-13 18:12:11,989 [Worker-183: Building] INFO  o.a.m.s.f.DefaultMavenResourcesFiltering - Copying 1 resource from src\main\resources to target\classes
2025-01-13 18:12:11,993 [Worker-183: Building] INFO  o.a.m.s.f.DefaultMavenResourcesFiltering - skip non existing resourceDirectory C:\Users\surajendra\Work_Requests\Eclipse_Workspace\Spring\Test\demo\src\test\resources
2025-01-13 18:12:54,364 [Worker-177: Building] INFO  o.e.m.c.i.l.LifecycleMappingFactory - Using org.eclipse.m2e.jdt.JarLifecycleMapping lifecycle mapping for MavenProject: com.example:demo:0.0.1-SNAPSHOT @ C:\Users\surajendra\Work_Requests\Eclipse_Workspace\Spring\Test\demo\pom.xml.
2025-01-13 18:12:54,835 [Worker-177: Building] INFO  o.a.m.s.f.DefaultMavenResourcesFiltering - Copying 0 resource from src\main\resources to target\classes
2025-01-13 18:12:54,836 [Worker-177: Building] INFO  o.a.m.s.f.DefaultMavenResourcesFiltering - Copying 0 resource from src\main\resources to target\classes
2025-01-13 18:12:54,839 [Worker-177: Building] INFO  o.a.m.s.f.DefaultMavenResourcesFiltering - skip non existing resourceDirectory C:\Users\surajendra\Work_Requests\Eclipse_Workspace\Spring\Test\demo\src\test\resources
2025-01-13 18:12:56,078 [Worker-181: Building] INFO  o.a.m.s.f.DefaultMavenResourcesFiltering - Copying 2 resources from src\main\resources to target\classes
2025-01-13 18:12:56,095 [Worker-181: Building] INFO  o.a.m.s.f.DefaultMavenResourcesFiltering - Copying 1 resource from src\main\resources to target\classes
2025-01-13 18:12:56,102 [Worker-181: Building] INFO  o.a.m.s.f.DefaultMavenResourcesFiltering - skip non existing resourceDirectory C:\Users\surajendra\Work_Requests\Eclipse_Workspace\Spring\Test\demo\src\test\resources
2025-01-13 18:13:16,987 [Worker-187: Building] INFO  o.a.m.s.f.DefaultMavenResourcesFiltering - Copying 2 resources from src\main\resources to target\classes
2025-01-13 18:13:16,996 [Worker-187: Building] INFO  o.a.m.s.f.DefaultMavenResourcesFiltering - Copying 1 resource from src\main\resources to target\classes
2025-01-13 18:13:16,998 [Worker-187: Building] INFO  o.a.m.s.f.DefaultMavenResourcesFiltering - skip non existing resourceDirectory C:\Users\surajendra\Work_Requests\Eclipse_Workspace\Spring\Test\demo\src\test\resources
2025-01-13 18:13:32,509 [Worker-181: Building] INFO  o.a.m.s.f.DefaultMavenResourcesFiltering - Copying 2 resources from src\main\resources to target\classes
2025-01-13 18:13:32,518 [Worker-181: Building] INFO  o.a.m.s.f.DefaultMavenResourcesFiltering - Copying 1 resource from src\main\resources to target\classes
2025-01-13 18:13:32,521 [Worker-181: Building] INFO  o.a.m.s.f.DefaultMavenResourcesFiltering - skip non existing resourceDirectory C:\Users\surajendra\Work_Requests\Eclipse_Workspace\Spring\Test\demo\src\test\resources
2025-01-13 18:13:48,754 [Worker-186: Building] INFO  o.a.m.s.f.DefaultMavenResourcesFiltering - Copying 2 resources from src\main\resources to target\classes
2025-01-13 18:13:48,775 [Worker-186: Building] INFO  o.a.m.s.f.DefaultMavenResourcesFiltering - Copying 1 resource from src\main\resources to target\classes
2025-01-13 18:13:48,782 [Worker-186: Building] INFO  o.a.m.s.f.DefaultMavenResourcesFiltering - skip non existing resourceDirectory C:\Users\surajendra\Work_Requests\Eclipse_Workspace\Spring\Test\demo\src\test\resources
2025-01-13 18:25:37,769 [Worker-189: Building] INFO  o.a.m.s.f.DefaultMavenResourcesFiltering - Copying 2 resources from src\main\resources to target\classes
2025-01-13 18:25:37,783 [Worker-189: Building] INFO  o.a.m.s.f.DefaultMavenResourcesFiltering - Copying 1 resource from src\main\resources to target\classes
2025-01-13 18:25:37,785 [Worker-189: Building] INFO  o.a.m.s.f.DefaultMavenResourcesFiltering - skip non existing resourceDirectory C:\Users\surajendra\Work_Requests\Eclipse_Workspace\Spring\Test\demo\src\test\resources
2025-01-13 18:27:19,767 [Worker-191: Building] INFO  o.a.m.s.f.DefaultMavenResourcesFiltering - Copying 2 resources from src\main\resources to target\classes
2025-01-13 18:27:19,777 [Worker-191: Building] INFO  o.a.m.s.f.DefaultMavenResourcesFiltering - Copying 1 resource from src\main\resources to target\classes
2025-01-13 18:27:19,780 [Worker-191: Building] INFO  o.a.m.s.f.DefaultMavenResourcesFiltering - skip non existing resourceDirectory C:\Users\surajendra\Work_Requests\Eclipse_Workspace\Spring\Test\demo\src\test\resources
2025-01-13 18:28:02,823 [Worker-190: Building] INFO  o.e.m.c.i.l.LifecycleMappingFactory - Using org.eclipse.m2e.jdt.JarLifecycleMapping lifecycle mapping for MavenProject: com.example:demo:0.0.1-SNAPSHOT @ C:\Users\surajendra\Work_Requests\Eclipse_Workspace\Spring\Test\demo\pom.xml.
2025-01-13 18:28:03,303 [Worker-190: Building] INFO  o.a.m.s.f.DefaultMavenResourcesFiltering - Copying 0 resource from src\main\resources to target\classes
2025-01-13 18:28:03,303 [Worker-190: Building] INFO  o.a.m.s.f.DefaultMavenResourcesFiltering - Copying 0 resource from src\main\resources to target\classes
2025-01-13 18:28:03,307 [Worker-190: Building] INFO  o.a.m.s.f.DefaultMavenResourcesFiltering - skip non existing resourceDirectory C:\Users\surajendra\Work_Requests\Eclipse_Workspace\Spring\Test\demo\src\test\resources
2025-01-13 18:28:04,422 [Worker-191: Building] INFO  o.a.m.s.f.DefaultMavenResourcesFiltering - Copying 2 resources from src\main\resources to target\classes
2025-01-13 18:28:04,443 [Worker-191: Building] INFO  o.a.m.s.f.DefaultMavenResourcesFiltering - Copying 1 resource from src\main\resources to target\classes
2025-01-13 18:28:04,451 [Worker-191: Building] INFO  o.a.m.s.f.DefaultMavenResourcesFiltering - skip non existing resourceDirectory C:\Users\surajendra\Work_Requests\Eclipse_Workspace\Spring\Test\demo\src\test\resources
2025-01-13 18:28:43,946 [Worker-192: Building] INFO  o.a.m.s.f.DefaultMavenResourcesFiltering - Copying 2 resources from src\main\resources to target\classes
2025-01-13 18:28:43,955 [Worker-192: Building] INFO  o.a.m.s.f.DefaultMavenResourcesFiltering - Copying 1 resource from src\main\resources to target\classes
2025-01-13 18:28:43,957 [Worker-192: Building] INFO  o.a.m.s.f.DefaultMavenResourcesFiltering - skip non existing resourceDirectory C:\Users\surajendra\Work_Requests\Eclipse_Workspace\Spring\Test\demo\src\test\resources
2025-01-13 18:30:41,095 [Worker-193: Building] INFO  o.a.m.s.f.DefaultMavenResourcesFiltering - Copying 2 resources from src\main\resources to target\classes
2025-01-13 18:30:41,102 [Worker-193: Building] INFO  o.a.m.s.f.DefaultMavenResourcesFiltering - Copying 1 resource from src\main\resources to target\classes
2025-01-13 18:30:41,104 [Worker-193: Building] INFO  o.a.m.s.f.DefaultMavenResourcesFiltering - skip non existing resourceDirectory C:\Users\surajendra\Work_Requests\Eclipse_Workspace\Spring\Test\demo\src\test\resources
2025-01-13 18:31:03,926 [Worker-192: Building] INFO  o.a.m.s.f.DefaultMavenResourcesFiltering - Copying 2 resources from src\main\resources to target\classes
2025-01-13 18:31:03,934 [Worker-192: Building] INFO  o.a.m.s.f.DefaultMavenResourcesFiltering - Copying 1 resource from src\main\resources to target\classes
2025-01-13 18:31:03,937 [Worker-192: Building] INFO  o.a.m.s.f.DefaultMavenResourcesFiltering - skip non existing resourceDirectory C:\Users\surajendra\Work_Requests\Eclipse_Workspace\Spring\Test\demo\src\test\resources
2025-01-13 18:31:14,264 [Worker-189: Building] INFO  o.a.m.s.f.DefaultMavenResourcesFiltering - Copying 2 resources from src\main\resources to target\classes
2025-01-13 18:31:14,274 [Worker-189: Building] INFO  o.a.m.s.f.DefaultMavenResourcesFiltering - Copying 1 resource from src\main\resources to target\classes
2025-01-13 18:31:14,276 [Worker-189: Building] INFO  o.a.m.s.f.DefaultMavenResourcesFiltering - skip non existing resourceDirectory C:\Users\surajendra\Work_Requests\Eclipse_Workspace\Spring\Test\demo\src\test\resources
2025-01-13 18:40:20,189 [Worker-193: Building] INFO  o.a.m.s.f.DefaultMavenResourcesFiltering - Copying 2 resources from src\main\resources to target\classes
2025-01-13 18:40:20,216 [Worker-193: Building] INFO  o.a.m.s.f.DefaultMavenResourcesFiltering - Copying 1 resource from src\main\resources to target\classes
2025-01-13 18:40:20,222 [Worker-193: Building] INFO  o.a.m.s.f.DefaultMavenResourcesFiltering - skip non existing resourceDirectory C:\Users\surajendra\Work_Requests\Eclipse_Workspace\Spring\Test\demo\src\test\resources
2025-01-13 18:41:26,991 [Worker-194: Launching demo - DemoApplication] INFO  o.a.m.s.f.DefaultMavenResourcesFiltering - Copying 2 resources from src\main\resources to target\classes
2025-01-13 18:41:27,008 [Worker-194: Launching demo - DemoApplication] INFO  o.a.m.s.f.DefaultMavenResourcesFiltering - Copying 1 resource from src\main\resources to target\classes
2025-01-13 18:41:27,011 [Worker-194: Launching demo - DemoApplication] INFO  o.a.m.s.f.DefaultMavenResourcesFiltering - skip non existing resourceDirectory C:\Users\surajendra\Work_Requests\Eclipse_Workspace\Spring\Test\demo\src\test\resources
2025-01-13 18:48:05,334 [Worker-194: Building] INFO  o.e.m.c.i.l.LifecycleMappingFactory - Using org.eclipse.m2e.jdt.JarLifecycleMapping lifecycle mapping for MavenProject: com.example:demo:0.0.1-SNAPSHOT @ C:\Users\surajendra\Work_Requests\Eclipse_Workspace\Spring\Test\demo\pom.xml.
2025-01-13 18:48:05,616 [Worker-194: Building] INFO  o.a.m.s.f.DefaultMavenResourcesFiltering - Copying 0 resource from src\main\resources to target\classes
2025-01-13 18:48:05,617 [Worker-194: Building] INFO  o.a.m.s.f.DefaultMavenResourcesFiltering - Copying 0 resource from src\main\resources to target\classes
2025-01-13 18:48:05,620 [Worker-194: Building] INFO  o.a.m.s.f.DefaultMavenResourcesFiltering - skip non existing resourceDirectory C:\Users\surajendra\Work_Requests\Eclipse_Workspace\Spring\Test\demo\src\test\resources
2025-01-13 18:48:06,927 [Worker-182: Building] INFO  o.a.m.s.f.DefaultMavenResourcesFiltering - Copying 2 resources from src\main\resources to target\classes
2025-01-13 18:48:06,937 [Worker-182: Building] INFO  o.a.m.s.f.DefaultMavenResourcesFiltering - Copying 1 resource from src\main\resources to target\classes
2025-01-13 18:48:06,941 [Worker-182: Building] INFO  o.a.m.s.f.DefaultMavenResourcesFiltering - skip non existing resourceDirectory C:\Users\surajendra\Work_Requests\Eclipse_Workspace\Spring\Test\demo\src\test\resources
2025-01-13 18:48:38,458 [Worker-181: Building] INFO  o.a.m.s.f.DefaultMavenResourcesFiltering - Copying 2 resources from src\main\resources to target\classes
2025-01-13 18:48:38,477 [Worker-181: Building] INFO  o.a.m.s.f.DefaultMavenResourcesFiltering - Copying 1 resource from src\main\resources to target\classes
2025-01-13 18:48:38,480 [Worker-181: Building] INFO  o.a.m.s.f.DefaultMavenResourcesFiltering - skip non existing resourceDirectory C:\Users\surajendra\Work_Requests\Eclipse_Workspace\Spring\Test\demo\src\test\resources
2025-01-13 18:49:07,885 [Worker-193: Building] INFO  o.e.m.c.i.l.LifecycleMappingFactory - Using org.eclipse.m2e.jdt.JarLifecycleMapping lifecycle mapping for MavenProject: com.example:demo:0.0.1-SNAPSHOT @ C:\Users\surajendra\Work_Requests\Eclipse_Workspace\Spring\Test\demo\pom.xml.
2025-01-13 18:49:08,156 [Worker-193: Building] INFO  o.a.m.s.f.DefaultMavenResourcesFiltering - Copying 0 resource from src\main\resources to target\classes
2025-01-13 18:49:08,157 [Worker-193: Building] INFO  o.a.m.s.f.DefaultMavenResourcesFiltering - Copying 0 resource from src\main\resources to target\classes
2025-01-13 18:49:08,161 [Worker-193: Building] INFO  o.a.m.s.f.DefaultMavenResourcesFiltering - skip non existing resourceDirectory C:\Users\surajendra\Work_Requests\Eclipse_Workspace\Spring\Test\demo\src\test\resources
2025-01-13 18:49:14,426 [Worker-182: Building] INFO  o.e.m.c.i.l.LifecycleMappingFactory - Using org.eclipse.m2e.jdt.JarLifecycleMapping lifecycle mapping for MavenProject: com.example:demo:0.0.1-SNAPSHOT @ C:\Users\surajendra\Work_Requests\Eclipse_Workspace\Spring\Test\demo\pom.xml.
2025-01-13 18:49:38,142 [Worker-190: Building] INFO  o.e.m.c.i.l.LifecycleMappingFactory - Using org.eclipse.m2e.jdt.JarLifecycleMapping lifecycle mapping for MavenProject: com.example:demo:0.0.1-SNAPSHOT @ C:\Users\surajendra\Work_Requests\Eclipse_Workspace\Spring\Test\demo\pom.xml.
2025-01-13 18:49:38,425 [Worker-190: Building] INFO  o.a.m.s.f.DefaultMavenResourcesFiltering - Copying 0 resource from src\main\resources to target\classes
2025-01-13 18:49:38,426 [Worker-190: Building] INFO  o.a.m.s.f.DefaultMavenResourcesFiltering - Copying 0 resource from src\main\resources to target\classes
2025-01-13 18:49:38,429 [Worker-190: Building] INFO  o.a.m.s.f.DefaultMavenResourcesFiltering - skip non existing resourceDirectory C:\Users\surajendra\Work_Requests\Eclipse_Workspace\Spring\Test\demo\src\test\resources
2025-01-13 18:49:39,525 [Worker-192: Building] INFO  o.a.m.s.f.DefaultMavenResourcesFiltering - Copying 2 resources from src\main\resources to target\classes
2025-01-13 18:49:39,536 [Worker-192: Building] INFO  o.a.m.s.f.DefaultMavenResourcesFiltering - Copying 1 resource from src\main\resources to target\classes
2025-01-13 18:49:39,539 [Worker-192: Building] INFO  o.a.m.s.f.DefaultMavenResourcesFiltering - skip non existing resourceDirectory C:\Users\surajendra\Work_Requests\Eclipse_Workspace\Spring\Test\demo\src\test\resources
2025-01-13 22:11:06,573 [Worker-214: Import Getting Started Content] INFO  o.e.m.c.i.l.LifecycleMappingFactory - Using org.eclipse.m2e.jdt.JarLifecycleMapping lifecycle mapping for MavenProject: com.akshay:01-Spring-ComponentScan:0.0.1-SNAPSHOT @ C:\Users\surajendra\Work_Requests\Eclipse_Workspace\Spring\Test\01-Spring-ComponentScan\pom.xml.
2025-01-13 22:11:07,375 [Worker-214: Import Getting Started Content] INFO  o.e.m.j.i.AbstractJavaProjectConfigurator - Adding source folder /01-Spring-ComponentScan/src/main/java
2025-01-13 22:11:07,377 [Worker-214: Import Getting Started Content] INFO  o.e.m.j.i.AbstractJavaProjectConfigurator - Adding resource folder /01-Spring-ComponentScan/src/main/resources
2025-01-13 22:11:07,381 [Worker-214: Import Getting Started Content] INFO  o.e.m.j.i.AbstractJavaProjectConfigurator - Adding resource folder /01-Spring-ComponentScan/src/main/resources
2025-01-13 22:11:07,386 [Worker-214: Import Getting Started Content] INFO  o.e.m.j.i.AbstractJavaProjectConfigurator - Adding source folder /01-Spring-ComponentScan/src/test/java
2025-01-13 22:11:07,388 [Worker-214: Import Getting Started Content] INFO  o.e.m.j.i.AbstractJavaProjectConfigurator - Adding resource folder /01-Spring-ComponentScan/src/test/resources
2025-01-13 22:11:07,849 [Worker-214: Import Getting Started Content] INFO  o.e.m.c.i.p.ProjectConfigurationManager - Imported and configured 1 project(s) in 1 sec
2025-01-13 22:11:07,855 [Worker-214: Import Getting Started Content] INFO  o.e.m.c.i.p.ProjectConfigurationManager - Update started
2025-01-13 22:11:08,283 [Worker-214: Import Getting Started Content] INFO  o.e.m.c.i.l.LifecycleMappingFactory - Using org.eclipse.m2e.jdt.JarLifecycleMapping lifecycle mapping for MavenProject: com.akshay:01-Spring-ComponentScan:0.0.1-SNAPSHOT @ C:\Users\surajendra\Work_Requests\Eclipse_Workspace\Spring\Test\01-Spring-ComponentScan\pom.xml.
2025-01-13 22:11:08,609 [Worker-214: Import Getting Started Content] INFO  o.e.m.j.i.AbstractJavaProjectConfigurator - Adding source folder /01-Spring-ComponentScan/src/main/java
2025-01-13 22:11:08,609 [Worker-214: Import Getting Started Content] INFO  o.e.m.j.i.AbstractJavaProjectConfigurator - Adding resource folder /01-Spring-ComponentScan/src/main/resources
2025-01-13 22:11:08,610 [Worker-214: Import Getting Started Content] INFO  o.e.m.j.i.AbstractJavaProjectConfigurator - Adding resource folder /01-Spring-ComponentScan/src/main/resources
2025-01-13 22:11:08,610 [Worker-214: Import Getting Started Content] INFO  o.e.m.j.i.AbstractJavaProjectConfigurator - Adding source folder /01-Spring-ComponentScan/src/test/java
2025-01-13 22:11:08,611 [Worker-214: Import Getting Started Content] INFO  o.e.m.j.i.AbstractJavaProjectConfigurator - Adding resource folder /01-Spring-ComponentScan/src/test/resources
2025-01-13 22:11:08,740 [Worker-214: Import Getting Started Content] INFO  o.e.m.c.i.p.ProjectConfigurationManager - Update completed for 1 poms: local refresh takes 0.00 sec, refresh facades takes 0.00 sec, update config takes 0.00 sec 
2025-01-13 22:11:09,021 [Worker-214: Building] INFO  o.a.m.s.f.DefaultMavenResourcesFiltering - Copying 1 resource from src\main\resources to target\classes
2025-01-13 22:11:09,031 [Worker-214: Building] INFO  o.a.m.s.f.DefaultMavenResourcesFiltering - Copying 0 resource from src\main\resources to target\classes
2025-01-13 22:11:09,034 [Worker-214: Building] INFO  o.a.m.s.f.DefaultMavenResourcesFiltering - skip non existing resourceDirectory C:\Users\surajendra\Work_Requests\Eclipse_Workspace\Spring\Test\01-Spring-ComponentScan\src\test\resources
2025-01-13 22:12:18,633 [Worker-220: Building] INFO  o.a.m.s.f.DefaultMavenResourcesFiltering - Copying 1 resource from src\main\resources to target\classes
2025-01-13 22:12:18,647 [Worker-220: Building] INFO  o.a.m.s.f.DefaultMavenResourcesFiltering - Copying 0 resource from src\main\resources to target\classes
2025-01-13 22:12:18,649 [Worker-220: Building] INFO  o.a.m.s.f.DefaultMavenResourcesFiltering - skip non existing resourceDirectory C:\Users\surajendra\Work_Requests\Eclipse_Workspace\Spring\Test\01-Spring-ComponentScan\src\test\resources
2025-01-13 22:13:11,060 [Worker-214: Building] INFO  o.a.m.s.f.DefaultMavenResourcesFiltering - Copying 1 resource from src\main\resources to target\classes
2025-01-13 22:13:11,065 [Worker-214: Building] INFO  o.a.m.s.f.DefaultMavenResourcesFiltering - Copying 0 resource from src\main\resources to target\classes
2025-01-13 22:13:11,067 [Worker-214: Building] INFO  o.a.m.s.f.DefaultMavenResourcesFiltering - skip non existing resourceDirectory C:\Users\surajendra\Work_Requests\Eclipse_Workspace\Spring\Test\01-Spring-ComponentScan\src\test\resources
2025-01-13 22:13:41,265 [Worker-217: Building] INFO  o.a.m.s.f.DefaultMavenResourcesFiltering - Copying 1 resource from src\main\resources to target\classes
2025-01-13 22:13:41,269 [Worker-217: Building] INFO  o.a.m.s.f.DefaultMavenResourcesFiltering - Copying 0 resource from src\main\resources to target\classes
2025-01-13 22:13:41,271 [Worker-217: Building] INFO  o.a.m.s.f.DefaultMavenResourcesFiltering - skip non existing resourceDirectory C:\Users\surajendra\Work_Requests\Eclipse_Workspace\Spring\Test\01-Spring-ComponentScan\src\test\resources
2025-01-13 22:14:04,922 [Worker-220: Building] INFO  o.a.m.s.f.DefaultMavenResourcesFiltering - Copying 1 resource from src\main\resources to target\classes
2025-01-13 22:14:04,927 [Worker-220: Building] INFO  o.a.m.s.f.DefaultMavenResourcesFiltering - Copying 0 resource from src\main\resources to target\classes
2025-01-13 22:14:04,929 [Worker-220: Building] INFO  o.a.m.s.f.DefaultMavenResourcesFiltering - skip non existing resourceDirectory C:\Users\surajendra\Work_Requests\Eclipse_Workspace\Spring\Test\01-Spring-ComponentScan\src\test\resources
2025-01-13 22:15:21,584 [Worker-215: Updating Maven Project] INFO  o.e.m.c.i.p.ProjectConfigurationManager - Update started
2025-01-13 22:15:21,831 [Worker-215: Updating Maven Project] INFO  o.e.m.c.i.l.LifecycleMappingFactory - Using org.eclipse.m2e.jdt.JarLifecycleMapping lifecycle mapping for MavenProject: com.akshay:01-Spring-ComponentScan:0.0.1-SNAPSHOT @ C:\Users\surajendra\Work_Requests\Eclipse_Workspace\Spring\Test\01-Spring-ComponentScan\pom.xml.
2025-01-13 22:15:22,130 [Worker-215: Updating Maven Project] INFO  o.e.m.j.i.AbstractJavaProjectConfigurator - Adding source folder /01-Spring-ComponentScan/src/main/java
2025-01-13 22:15:22,130 [Worker-215: Updating Maven Project] INFO  o.e.m.j.i.AbstractJavaProjectConfigurator - Adding resource folder /01-Spring-ComponentScan/src/main/resources
2025-01-13 22:15:22,131 [Worker-215: Updating Maven Project] INFO  o.e.m.j.i.AbstractJavaProjectConfigurator - Adding resource folder /01-Spring-ComponentScan/src/main/resources
2025-01-13 22:15:22,131 [Worker-215: Updating Maven Project] INFO  o.e.m.j.i.AbstractJavaProjectConfigurator - Adding source folder /01-Spring-ComponentScan/src/test/java
2025-01-13 22:15:22,131 [Worker-215: Updating Maven Project] INFO  o.e.m.j.i.AbstractJavaProjectConfigurator - Adding resource folder /01-Spring-ComponentScan/src/test/resources
2025-01-13 22:15:22,247 [Worker-215: Updating Maven Project] INFO  o.e.m.c.i.p.ProjectConfigurationManager - Update completed for 1 poms: local refresh takes 0.00 sec, refresh facades takes 0.00 sec, update config takes 0.00 sec 
2025-01-13 22:15:22,456 [Worker-219: Building] INFO  o.a.m.s.f.DefaultMavenResourcesFiltering - Copying 1 resource from src\main\resources to target\classes
2025-01-13 22:15:22,463 [Worker-219: Building] INFO  o.a.m.s.f.DefaultMavenResourcesFiltering - Copying 0 resource from src\main\resources to target\classes
2025-01-13 22:15:22,467 [Worker-219: Building] INFO  o.a.m.s.f.DefaultMavenResourcesFiltering - skip non existing resourceDirectory C:\Users\surajendra\Work_Requests\Eclipse_Workspace\Spring\Test\01-Spring-ComponentScan\src\test\resources
2025-01-13 22:16:46,280 [Worker-219: Building] INFO  o.a.m.s.f.DefaultMavenResourcesFiltering - Copying 1 resource from src\main\resources to target\classes
2025-01-13 22:16:46,287 [Worker-219: Building] INFO  o.a.m.s.f.DefaultMavenResourcesFiltering - Copying 0 resource from src\main\resources to target\classes
2025-01-13 22:16:46,289 [Worker-219: Building] INFO  o.a.m.s.f.DefaultMavenResourcesFiltering - skip non existing resourceDirectory C:\Users\surajendra\Work_Requests\Eclipse_Workspace\Spring\Test\01-Spring-ComponentScan\src\test\resources
2025-01-13 22:19:09,307 [Worker-218: Building] INFO  o.a.m.s.f.DefaultMavenResourcesFiltering - Copying 1 resource from src\main\resources to target\classes
2025-01-13 22:19:09,311 [Worker-218: Building] INFO  o.a.m.s.f.DefaultMavenResourcesFiltering - Copying 0 resource from src\main\resources to target\classes
2025-01-13 22:19:09,312 [Worker-218: Building] INFO  o.a.m.s.f.DefaultMavenResourcesFiltering - skip non existing resourceDirectory C:\Users\surajendra\Work_Requests\Eclipse_Workspace\Spring\Test\01-Spring-ComponentScan\src\test\resources
2025-01-13 22:19:31,688 [Worker-215: Building] INFO  o.a.m.s.f.DefaultMavenResourcesFiltering - Copying 1 resource from src\main\resources to target\classes
2025-01-13 22:19:31,692 [Worker-215: Building] INFO  o.a.m.s.f.DefaultMavenResourcesFiltering - Copying 0 resource from src\main\resources to target\classes
2025-01-13 22:19:31,694 [Worker-215: Building] INFO  o.a.m.s.f.DefaultMavenResourcesFiltering - skip non existing resourceDirectory C:\Users\surajendra\Work_Requests\Eclipse_Workspace\Spring\Test\01-Spring-ComponentScan\src\test\resources
2025-01-13 22:20:20,521 [Worker-221: Building] INFO  o.a.m.s.f.DefaultMavenResourcesFiltering - Copying 1 resource from src\main\resources to target\classes
2025-01-13 22:20:20,524 [Worker-221: Building] INFO  o.a.m.s.f.DefaultMavenResourcesFiltering - Copying 0 resource from src\main\resources to target\classes
2025-01-13 22:20:20,525 [Worker-221: Building] INFO  o.a.m.s.f.DefaultMavenResourcesFiltering - skip non existing resourceDirectory C:\Users\surajendra\Work_Requests\Eclipse_Workspace\Spring\Test\01-Spring-ComponentScan\src\test\resources
2025-01-13 22:20:50,551 [Worker-215: Launching 01-Spring-ComponentScan - Application] INFO  o.a.m.s.f.DefaultMavenResourcesFiltering - Copying 1 resource from src\main\resources to target\classes
2025-01-13 22:20:50,559 [Worker-215: Launching 01-Spring-ComponentScan - Application] INFO  o.a.m.s.f.DefaultMavenResourcesFiltering - Copying 0 resource from src\main\resources to target\classes
2025-01-13 22:20:50,561 [Worker-215: Launching 01-Spring-ComponentScan - Application] INFO  o.a.m.s.f.DefaultMavenResourcesFiltering - skip non existing resourceDirectory C:\Users\surajendra\Work_Requests\Eclipse_Workspace\Spring\Test\01-Spring-ComponentScan\src\test\resources
2025-01-13 22:21:09,062 [Worker-215: Launching 01-Spring-ComponentScan - Application] INFO  o.a.m.s.f.DefaultMavenResourcesFiltering - Copying 1 resource from src\main\resources to target\classes
2025-01-13 22:21:09,074 [Worker-215: Launching 01-Spring-ComponentScan - Application] INFO  o.a.m.s.f.DefaultMavenResourcesFiltering - Copying 0 resource from src\main\resources to target\classes
2025-01-13 22:21:09,076 [Worker-215: Launching 01-Spring-ComponentScan - Application] INFO  o.a.m.s.f.DefaultMavenResourcesFiltering - skip non existing resourceDirectory C:\Users\surajendra\Work_Requests\Eclipse_Workspace\Spring\Test\01-Spring-ComponentScan\src\test\resources
2025-01-13 22:24:14,585 [Worker-224: Building] INFO  o.a.m.s.f.DefaultMavenResourcesFiltering - Copying 1 resource from src\main\resources to target\classes
2025-01-13 22:24:14,591 [Worker-224: Building] INFO  o.a.m.s.f.DefaultMavenResourcesFiltering - Copying 0 resource from src\main\resources to target\classes
2025-01-13 22:24:14,593 [Worker-224: Building] INFO  o.a.m.s.f.DefaultMavenResourcesFiltering - skip non existing resourceDirectory C:\Users\surajendra\Work_Requests\Eclipse_Workspace\Spring\Test\01-Spring-ComponentScan\src\test\resources
2025-01-13 22:24:27,651 [Worker-223: Building] INFO  o.a.m.s.f.DefaultMavenResourcesFiltering - Copying 1 resource from src\main\resources to target\classes
2025-01-13 22:24:27,657 [Worker-223: Building] INFO  o.a.m.s.f.DefaultMavenResourcesFiltering - Copying 0 resource from src\main\resources to target\classes
2025-01-13 22:24:27,658 [Worker-223: Building] INFO  o.a.m.s.f.DefaultMavenResourcesFiltering - skip non existing resourceDirectory C:\Users\surajendra\Work_Requests\Eclipse_Workspace\Spring\Test\01-Spring-ComponentScan\src\test\resources
2025-01-13 22:24:47,013 [Worker-226: Launching 01-Spring-ComponentScan - Application] INFO  o.a.m.s.f.DefaultMavenResourcesFiltering - Copying 1 resource from src\main\resources to target\classes
2025-01-13 22:24:47,022 [Worker-226: Launching 01-Spring-ComponentScan - Application] INFO  o.a.m.s.f.DefaultMavenResourcesFiltering - Copying 0 resource from src\main\resources to target\classes
2025-01-13 22:24:47,026 [Worker-226: Launching 01-Spring-ComponentScan - Application] INFO  o.a.m.s.f.DefaultMavenResourcesFiltering - skip non existing resourceDirectory C:\Users\surajendra\Work_Requests\Eclipse_Workspace\Spring\Test\01-Spring-ComponentScan\src\test\resources
2025-01-13 22:25:01,574 [Worker-219: Building] INFO  o.a.m.s.f.DefaultMavenResourcesFiltering - Copying 1 resource from src\main\resources to target\classes
2025-01-13 22:25:01,578 [Worker-219: Building] INFO  o.a.m.s.f.DefaultMavenResourcesFiltering - Copying 0 resource from src\main\resources to target\classes
2025-01-13 22:25:01,579 [Worker-219: Building] INFO  o.a.m.s.f.DefaultMavenResourcesFiltering - skip non existing resourceDirectory C:\Users\surajendra\Work_Requests\Eclipse_Workspace\Spring\Test\01-Spring-ComponentScan\src\test\resources
2025-01-13 22:25:31,156 [Worker-224: Building] INFO  o.a.m.s.f.DefaultMavenResourcesFiltering - Copying 0 resource from src\main\resources to target\classes
2025-01-13 22:25:31,156 [Worker-224: Building] INFO  o.a.m.s.f.DefaultMavenResourcesFiltering - Copying 0 resource from src\main\resources to target\classes
2025-01-13 22:25:31,158 [Worker-224: Building] INFO  o.a.m.s.f.DefaultMavenResourcesFiltering - skip non existing resourceDirectory C:\Users\surajendra\Work_Requests\Eclipse_Workspace\Spring\Test\01-Spring-ComponentScan\src\test\resources
2025-01-13 22:26:04,205 [Worker-223: Building] INFO  o.a.m.s.f.DefaultMavenResourcesFiltering - Copying 0 resource from src\main\resources to target\classes
2025-01-13 22:26:04,205 [Worker-223: Building] INFO  o.a.m.s.f.DefaultMavenResourcesFiltering - Copying 0 resource from src\main\resources to target\classes
2025-01-13 22:26:04,207 [Worker-223: Building] INFO  o.a.m.s.f.DefaultMavenResourcesFiltering - skip non existing resourceDirectory C:\Users\surajendra\Work_Requests\Eclipse_Workspace\Spring\Test\01-Spring-ComponentScan\src\test\resources
2025-01-13 22:27:06,995 [Worker-223: Launching 01-Spring-ComponentScan - Application] INFO  o.a.m.s.f.DefaultMavenResourcesFiltering - Copying 1 resource from src\main\resources to target\classes
2025-01-13 22:27:07,002 [Worker-223: Launching 01-Spring-ComponentScan - Application] INFO  o.a.m.s.f.DefaultMavenResourcesFiltering - Copying 0 resource from src\main\resources to target\classes
2025-01-13 22:27:07,005 [Worker-223: Launching 01-Spring-ComponentScan - Application] INFO  o.a.m.s.f.DefaultMavenResourcesFiltering - skip non existing resourceDirectory C:\Users\surajendra\Work_Requests\Eclipse_Workspace\Spring\Test\01-Spring-ComponentScan\src\test\resources
2025-01-13 22:28:13,650 [Worker-226: Building] INFO  o.a.m.s.f.DefaultMavenResourcesFiltering - Copying 1 resource from src\main\resources to target\classes
2025-01-13 22:28:13,657 [Worker-226: Building] INFO  o.a.m.s.f.DefaultMavenResourcesFiltering - Copying 0 resource from src\main\resources to target\classes
2025-01-13 22:28:13,658 [Worker-226: Building] INFO  o.a.m.s.f.DefaultMavenResourcesFiltering - skip non existing resourceDirectory C:\Users\surajendra\Work_Requests\Eclipse_Workspace\Spring\Test\01-Spring-ComponentScan\src\test\resources
2025-01-13 22:28:53,212 [Worker-219: Building] INFO  o.a.m.s.f.DefaultMavenResourcesFiltering - Copying 1 resource from src\main\resources to target\classes
2025-01-13 22:28:53,216 [Worker-219: Building] INFO  o.a.m.s.f.DefaultMavenResourcesFiltering - Copying 0 resource from src\main\resources to target\classes
2025-01-13 22:28:53,218 [Worker-219: Building] INFO  o.a.m.s.f.DefaultMavenResourcesFiltering - skip non existing resourceDirectory C:\Users\surajendra\Work_Requests\Eclipse_Workspace\Spring\Test\01-Spring-ComponentScan\src\test\resources
2025-01-13 22:30:51,480 [Worker-225: Building] INFO  o.a.m.s.f.DefaultMavenResourcesFiltering - Copying 1 resource from src\main\resources to target\classes
2025-01-13 22:30:51,493 [Worker-225: Building] INFO  o.a.m.s.f.DefaultMavenResourcesFiltering - Copying 0 resource from src\main\resources to target\classes
2025-01-13 22:30:51,497 [Worker-225: Building] INFO  o.a.m.s.f.DefaultMavenResourcesFiltering - skip non existing resourceDirectory C:\Users\surajendra\Work_Requests\Eclipse_Workspace\Spring\Test\01-Spring-ComponentScan\src\test\resources
2025-01-13 22:31:26,993 [Worker-219: Building] INFO  o.a.m.s.f.DefaultMavenResourcesFiltering - Copying 1 resource from src\main\resources to target\classes
2025-01-13 22:31:26,996 [Worker-219: Building] INFO  o.a.m.s.f.DefaultMavenResourcesFiltering - Copying 0 resource from src\main\resources to target\classes
2025-01-13 22:31:26,998 [Worker-219: Building] INFO  o.a.m.s.f.DefaultMavenResourcesFiltering - skip non existing resourceDirectory C:\Users\surajendra\Work_Requests\Eclipse_Workspace\Spring\Test\01-Spring-ComponentScan\src\test\resources
2025-01-13 22:32:40,752 [Worker-227: Building] INFO  o.a.m.s.f.DefaultMavenResourcesFiltering - Copying 1 resource from src\main\resources to target\classes
2025-01-13 22:32:40,759 [Worker-227: Building] INFO  o.a.m.s.f.DefaultMavenResourcesFiltering - Copying 0 resource from src\main\resources to target\classes
2025-01-13 22:32:40,763 [Worker-227: Building] INFO  o.a.m.s.f.DefaultMavenResourcesFiltering - skip non existing resourceDirectory C:\Users\surajendra\Work_Requests\Eclipse_Workspace\Spring\Test\01-Spring-ComponentScan\src\test\resources
2025-01-13 22:32:55,356 [Worker-226: Building] INFO  o.a.m.s.f.DefaultMavenResourcesFiltering - Copying 1 resource from src\main\resources to target\classes
2025-01-13 22:32:55,363 [Worker-226: Building] INFO  o.a.m.s.f.DefaultMavenResourcesFiltering - Copying 0 resource from src\main\resources to target\classes
2025-01-13 22:32:55,364 [Worker-226: Building] INFO  o.a.m.s.f.DefaultMavenResourcesFiltering - skip non existing resourceDirectory C:\Users\surajendra\Work_Requests\Eclipse_Workspace\Spring\Test\01-Spring-ComponentScan\src\test\resources
2025-01-13 22:33:28,492 [Worker-227: Building] INFO  o.a.m.s.f.DefaultMavenResourcesFiltering - Copying 1 resource from src\main\resources to target\classes
2025-01-13 22:33:28,504 [Worker-227: Building] INFO  o.a.m.s.f.DefaultMavenResourcesFiltering - Copying 0 resource from src\main\resources to target\classes
2025-01-13 22:33:28,508 [Worker-227: Building] INFO  o.a.m.s.f.DefaultMavenResourcesFiltering - skip non existing resourceDirectory C:\Users\surajendra\Work_Requests\Eclipse_Workspace\Spring\Test\01-Spring-ComponentScan\src\test\resources
2025-01-13 22:33:32,430 [Worker-218: Building] INFO  o.a.m.s.f.DefaultMavenResourcesFiltering - Copying 1 resource from src\main\resources to target\classes
2025-01-13 22:33:32,434 [Worker-218: Building] INFO  o.a.m.s.f.DefaultMavenResourcesFiltering - Copying 0 resource from src\main\resources to target\classes
2025-01-13 22:33:32,435 [Worker-218: Building] INFO  o.a.m.s.f.DefaultMavenResourcesFiltering - skip non existing resourceDirectory C:\Users\surajendra\Work_Requests\Eclipse_Workspace\Spring\Test\01-Spring-ComponentScan\src\test\resources
2025-01-13 22:34:39,271 [Worker-225: Building] INFO  o.a.m.s.f.DefaultMavenResourcesFiltering - Copying 1 resource from src\main\resources to target\classes
2025-01-13 22:34:39,276 [Worker-225: Building] INFO  o.a.m.s.f.DefaultMavenResourcesFiltering - Copying 0 resource from src\main\resources to target\classes
2025-01-13 22:34:39,278 [Worker-225: Building] INFO  o.a.m.s.f.DefaultMavenResourcesFiltering - skip non existing resourceDirectory C:\Users\surajendra\Work_Requests\Eclipse_Workspace\Spring\Test\01-Spring-ComponentScan\src\test\resources
2025-01-13 22:35:22,733 [Worker-225: Building] INFO  o.a.m.s.f.DefaultMavenResourcesFiltering - Copying 1 resource from src\main\resources to target\classes
2025-01-13 22:35:22,737 [Worker-225: Building] INFO  o.a.m.s.f.DefaultMavenResourcesFiltering - Copying 0 resource from src\main\resources to target\classes
2025-01-13 22:35:22,738 [Worker-225: Building] INFO  o.a.m.s.f.DefaultMavenResourcesFiltering - skip non existing resourceDirectory C:\Users\surajendra\Work_Requests\Eclipse_Workspace\Spring\Test\01-Spring-ComponentScan\src\test\resources
2025-01-13 22:36:00,826 [Worker-223: Building] INFO  o.a.m.s.f.DefaultMavenResourcesFiltering - Copying 1 resource from src\main\resources to target\classes
2025-01-13 22:36:00,830 [Worker-223: Building] INFO  o.a.m.s.f.DefaultMavenResourcesFiltering - Copying 0 resource from src\main\resources to target\classes
2025-01-13 22:36:00,832 [Worker-223: Building] INFO  o.a.m.s.f.DefaultMavenResourcesFiltering - skip non existing resourceDirectory C:\Users\surajendra\Work_Requests\Eclipse_Workspace\Spring\Test\01-Spring-ComponentScan\src\test\resources
2025-01-13 22:36:49,630 [Worker-227: Building] INFO  o.a.m.s.f.DefaultMavenResourcesFiltering - Copying 1 resource from src\main\resources to target\classes
2025-01-13 22:36:49,634 [Worker-227: Building] INFO  o.a.m.s.f.DefaultMavenResourcesFiltering - Copying 0 resource from src\main\resources to target\classes
2025-01-13 22:36:49,636 [Worker-227: Building] INFO  o.a.m.s.f.DefaultMavenResourcesFiltering - skip non existing resourceDirectory C:\Users\surajendra\Work_Requests\Eclipse_Workspace\Spring\Test\01-Spring-ComponentScan\src\test\resources
2025-01-13 22:37:51,568 [Worker-218: Building] INFO  o.a.m.s.f.DefaultMavenResourcesFiltering - Copying 1 resource from src\main\resources to target\classes
2025-01-13 22:37:51,573 [Worker-218: Building] INFO  o.a.m.s.f.DefaultMavenResourcesFiltering - Copying 0 resource from src\main\resources to target\classes
2025-01-13 22:37:51,575 [Worker-218: Building] INFO  o.a.m.s.f.DefaultMavenResourcesFiltering - skip non existing resourceDirectory C:\Users\surajendra\Work_Requests\Eclipse_Workspace\Spring\Test\01-Spring-ComponentScan\src\test\resources
2025-01-13 22:39:41,161 [Worker-225: Building] INFO  o.a.m.s.f.DefaultMavenResourcesFiltering - Copying 1 resource from src\main\resources to target\classes
2025-01-13 22:39:41,167 [Worker-225: Building] INFO  o.a.m.s.f.DefaultMavenResourcesFiltering - Copying 0 resource from src\main\resources to target\classes
2025-01-13 22:39:41,169 [Worker-225: Building] INFO  o.a.m.s.f.DefaultMavenResourcesFiltering - skip non existing resourceDirectory C:\Users\surajendra\Work_Requests\Eclipse_Workspace\Spring\Test\01-Spring-ComponentScan\src\test\resources
2025-01-13 22:40:18,771 [Worker-219: Building] INFO  o.a.m.s.f.DefaultMavenResourcesFiltering - Copying 1 resource from src\main\resources to target\classes
2025-01-13 22:40:18,777 [Worker-219: Building] INFO  o.a.m.s.f.DefaultMavenResourcesFiltering - Copying 0 resource from src\main\resources to target\classes
2025-01-13 22:40:18,778 [Worker-219: Building] INFO  o.a.m.s.f.DefaultMavenResourcesFiltering - skip non existing resourceDirectory C:\Users\surajendra\Work_Requests\Eclipse_Workspace\Spring\Test\01-Spring-ComponentScan\src\test\resources
2025-01-13 22:40:29,998 [Worker-225: Building] INFO  o.a.m.s.f.DefaultMavenResourcesFiltering - Copying 1 resource from src\main\resources to target\classes
2025-01-13 22:40:30,002 [Worker-225: Building] INFO  o.a.m.s.f.DefaultMavenResourcesFiltering - Copying 0 resource from src\main\resources to target\classes
2025-01-13 22:40:30,004 [Worker-225: Building] INFO  o.a.m.s.f.DefaultMavenResourcesFiltering - skip non existing resourceDirectory C:\Users\surajendra\Work_Requests\Eclipse_Workspace\Spring\Test\01-Spring-ComponentScan\src\test\resources
2025-01-13 22:41:07,434 [Worker-227: Building] INFO  o.a.m.s.f.DefaultMavenResourcesFiltering - Copying 1 resource from src\main\resources to target\classes
2025-01-13 22:41:07,438 [Worker-227: Building] INFO  o.a.m.s.f.DefaultMavenResourcesFiltering - Copying 0 resource from src\main\resources to target\classes
2025-01-13 22:41:07,440 [Worker-227: Building] INFO  o.a.m.s.f.DefaultMavenResourcesFiltering - skip non existing resourceDirectory C:\Users\surajendra\Work_Requests\Eclipse_Workspace\Spring\Test\01-Spring-ComponentScan\src\test\resources
2025-01-13 22:41:40,695 [Worker-225: Building] INFO  o.a.m.s.f.DefaultMavenResourcesFiltering - Copying 1 resource from src\main\resources to target\classes
2025-01-13 22:41:40,698 [Worker-225: Building] INFO  o.a.m.s.f.DefaultMavenResourcesFiltering - Copying 0 resource from src\main\resources to target\classes
2025-01-13 22:41:40,700 [Worker-225: Building] INFO  o.a.m.s.f.DefaultMavenResourcesFiltering - skip non existing resourceDirectory C:\Users\surajendra\Work_Requests\Eclipse_Workspace\Spring\Test\01-Spring-ComponentScan\src\test\resources
2025-01-13 22:41:56,362 [Worker-227: Building] INFO  o.a.m.s.f.DefaultMavenResourcesFiltering - Copying 1 resource from src\main\resources to target\classes
2025-01-13 22:41:56,366 [Worker-227: Building] INFO  o.a.m.s.f.DefaultMavenResourcesFiltering - Copying 0 resource from src\main\resources to target\classes
2025-01-13 22:41:56,368 [Worker-227: Building] INFO  o.a.m.s.f.DefaultMavenResourcesFiltering - skip non existing resourceDirectory C:\Users\surajendra\Work_Requests\Eclipse_Workspace\Spring\Test\01-Spring-ComponentScan\src\test\resources
2025-01-13 22:43:07,926 [Worker-228: Building] INFO  o.a.m.s.f.DefaultMavenResourcesFiltering - Copying 1 resource from src\main\resources to target\classes
2025-01-13 22:43:07,930 [Worker-228: Building] INFO  o.a.m.s.f.DefaultMavenResourcesFiltering - Copying 0 resource from src\main\resources to target\classes
2025-01-13 22:43:07,932 [Worker-228: Building] INFO  o.a.m.s.f.DefaultMavenResourcesFiltering - skip non existing resourceDirectory C:\Users\surajendra\Work_Requests\Eclipse_Workspace\Spring\Test\01-Spring-ComponentScan\src\test\resources
2025-01-13 22:43:32,380 [Worker-228: Building] INFO  o.a.m.s.f.DefaultMavenResourcesFiltering - Copying 1 resource from src\main\resources to target\classes
2025-01-13 22:43:32,385 [Worker-228: Building] INFO  o.a.m.s.f.DefaultMavenResourcesFiltering - Copying 0 resource from src\main\resources to target\classes
2025-01-13 22:43:32,387 [Worker-228: Building] INFO  o.a.m.s.f.DefaultMavenResourcesFiltering - skip non existing resourceDirectory C:\Users\surajendra\Work_Requests\Eclipse_Workspace\Spring\Test\01-Spring-ComponentScan\src\test\resources
2025-01-13 22:43:50,098 [Worker-229: Building] INFO  o.a.m.s.f.DefaultMavenResourcesFiltering - Copying 1 resource from src\main\resources to target\classes
2025-01-13 22:43:50,105 [Worker-229: Building] INFO  o.a.m.s.f.DefaultMavenResourcesFiltering - Copying 0 resource from src\main\resources to target\classes
2025-01-13 22:43:50,106 [Worker-229: Building] INFO  o.a.m.s.f.DefaultMavenResourcesFiltering - skip non existing resourceDirectory C:\Users\surajendra\Work_Requests\Eclipse_Workspace\Spring\Test\01-Spring-ComponentScan\src\test\resources
2025-01-13 22:44:06,221 [Worker-219: Building] INFO  o.a.m.s.f.DefaultMavenResourcesFiltering - Copying 1 resource from src\main\resources to target\classes
2025-01-13 22:44:06,227 [Worker-219: Building] INFO  o.a.m.s.f.DefaultMavenResourcesFiltering - Copying 0 resource from src\main\resources to target\classes
2025-01-13 22:44:06,229 [Worker-219: Building] INFO  o.a.m.s.f.DefaultMavenResourcesFiltering - skip non existing resourceDirectory C:\Users\surajendra\Work_Requests\Eclipse_Workspace\Spring\Test\01-Spring-ComponentScan\src\test\resources
2025-01-13 22:55:09,071 [Worker-231: Building] INFO  o.a.m.s.f.DefaultMavenResourcesFiltering - Copying 1 resource from src\main\resources to target\classes
2025-01-13 22:55:09,084 [Worker-231: Building] INFO  o.a.m.s.f.DefaultMavenResourcesFiltering - Copying 0 resource from src\main\resources to target\classes
2025-01-13 22:55:09,086 [Worker-231: Building] INFO  o.a.m.s.f.DefaultMavenResourcesFiltering - skip non existing resourceDirectory C:\Users\surajendra\Work_Requests\Eclipse_Workspace\Spring\Test\01-Spring-ComponentScan\src\test\resources
2025-01-13 22:57:50,561 [Worker-235: Building] INFO  o.a.m.s.f.DefaultMavenResourcesFiltering - Copying 1 resource from src\main\resources to target\classes
2025-01-13 22:57:50,566 [Worker-235: Building] INFO  o.a.m.s.f.DefaultMavenResourcesFiltering - Copying 0 resource from src\main\resources to target\classes
2025-01-13 22:57:50,568 [Worker-235: Building] INFO  o.a.m.s.f.DefaultMavenResourcesFiltering - skip non existing resourceDirectory C:\Users\surajendra\Work_Requests\Eclipse_Workspace\Spring\Test\01-Spring-ComponentScan\src\test\resources
2025-01-13 22:58:16,924 [Worker-235: Building] INFO  o.a.m.s.f.DefaultMavenResourcesFiltering - Copying 1 resource from src\main\resources to target\classes
2025-01-13 22:58:16,930 [Worker-235: Building] INFO  o.a.m.s.f.DefaultMavenResourcesFiltering - Copying 0 resource from src\main\resources to target\classes
2025-01-13 22:58:16,932 [Worker-235: Building] INFO  o.a.m.s.f.DefaultMavenResourcesFiltering - skip non existing resourceDirectory C:\Users\surajendra\Work_Requests\Eclipse_Workspace\Spring\Test\01-Spring-ComponentScan\src\test\resources
2025-01-13 22:59:21,110 [Worker-234: Updating Maven Project] INFO  o.e.m.c.i.p.ProjectConfigurationManager - Update started
2025-01-13 22:59:21,593 [Worker-234: Updating Maven Project] INFO  o.e.m.c.i.l.LifecycleMappingFactory - Using org.eclipse.m2e.jdt.JarLifecycleMapping lifecycle mapping for MavenProject: com.akshay:01-Spring-ComponentScan:0.0.1-SNAPSHOT @ C:\Users\surajendra\Work_Requests\Eclipse_Workspace\Spring\Test\01-Spring-ComponentScan\pom.xml.
2025-01-13 22:59:22,006 [Worker-234: Updating Maven Project] INFO  o.e.m.j.i.AbstractJavaProjectConfigurator - Adding source folder /01-Spring-ComponentScan/src/main/java
2025-01-13 22:59:22,008 [Worker-234: Updating Maven Project] INFO  o.e.m.j.i.AbstractJavaProjectConfigurator - Adding resource folder /01-Spring-ComponentScan/src/main/resources
2025-01-13 22:59:22,008 [Worker-234: Updating Maven Project] INFO  o.e.m.j.i.AbstractJavaProjectConfigurator - Adding resource folder /01-Spring-ComponentScan/src/main/resources
2025-01-13 22:59:22,009 [Worker-234: Updating Maven Project] INFO  o.e.m.j.i.AbstractJavaProjectConfigurator - Adding source folder /01-Spring-ComponentScan/src/test/java
2025-01-13 22:59:22,010 [Worker-234: Updating Maven Project] INFO  o.e.m.j.i.AbstractJavaProjectConfigurator - Adding resource folder /01-Spring-ComponentScan/src/test/resources
2025-01-13 22:59:22,136 [Worker-234: Updating Maven Project] INFO  o.e.m.c.i.p.ProjectConfigurationManager - Update completed for 1 poms: local refresh takes 0.00 sec, refresh facades takes 0.00 sec, update config takes 0.00 sec 
2025-01-13 22:59:22,463 [Worker-239: Building] INFO  o.a.m.s.f.DefaultMavenResourcesFiltering - Copying 1 resource from src\main\resources to target\classes
2025-01-13 22:59:22,488 [Worker-239: Building] INFO  o.a.m.s.f.DefaultMavenResourcesFiltering - Copying 0 resource from src\main\resources to target\classes
2025-01-13 22:59:22,492 [Worker-239: Building] INFO  o.a.m.s.f.DefaultMavenResourcesFiltering - skip non existing resourceDirectory C:\Users\surajendra\Work_Requests\Eclipse_Workspace\Spring\Test\01-Spring-ComponentScan\src\test\resources
2025-01-13 23:00:14,759 [Worker-236: Building] INFO  o.a.m.s.f.DefaultMavenResourcesFiltering - Copying 1 resource from src\main\resources to target\classes
2025-01-13 23:00:14,765 [Worker-236: Building] INFO  o.a.m.s.f.DefaultMavenResourcesFiltering - Copying 0 resource from src\main\resources to target\classes
2025-01-13 23:00:14,767 [Worker-236: Building] INFO  o.a.m.s.f.DefaultMavenResourcesFiltering - skip non existing resourceDirectory C:\Users\surajendra\Work_Requests\Eclipse_Workspace\Spring\Test\01-Spring-ComponentScan\src\test\resources
2025-01-13 23:02:34,344 [Worker-236: Building] INFO  o.a.m.s.f.DefaultMavenResourcesFiltering - Copying 1 resource from src\main\resources to target\classes
2025-01-13 23:02:34,349 [Worker-236: Building] INFO  o.a.m.s.f.DefaultMavenResourcesFiltering - Copying 0 resource from src\main\resources to target\classes
2025-01-13 23:02:34,350 [Worker-236: Building] INFO  o.a.m.s.f.DefaultMavenResourcesFiltering - skip non existing resourceDirectory C:\Users\surajendra\Work_Requests\Eclipse_Workspace\Spring\Test\01-Spring-ComponentScan\src\test\resources
2025-01-13 23:02:53,704 [Worker-234: Building] INFO  o.a.m.s.f.DefaultMavenResourcesFiltering - Copying 1 resource from src\main\resources to target\classes
2025-01-13 23:02:53,707 [Worker-234: Building] INFO  o.a.m.s.f.DefaultMavenResourcesFiltering - Copying 0 resource from src\main\resources to target\classes
2025-01-13 23:02:53,708 [Worker-234: Building] INFO  o.a.m.s.f.DefaultMavenResourcesFiltering - skip non existing resourceDirectory C:\Users\surajendra\Work_Requests\Eclipse_Workspace\Spring\Test\01-Spring-ComponentScan\src\test\resources
2025-01-13 23:03:45,498 [Worker-240: Building] INFO  o.a.m.s.f.DefaultMavenResourcesFiltering - Copying 1 resource from src\main\resources to target\classes
2025-01-13 23:03:45,502 [Worker-240: Building] INFO  o.a.m.s.f.DefaultMavenResourcesFiltering - Copying 0 resource from src\main\resources to target\classes
2025-01-13 23:03:45,505 [Worker-240: Building] INFO  o.a.m.s.f.DefaultMavenResourcesFiltering - skip non existing resourceDirectory C:\Users\surajendra\Work_Requests\Eclipse_Workspace\Spring\Test\01-Spring-ComponentScan\src\test\resources
2025-01-13 23:04:34,250 [Worker-238: Building] INFO  o.a.m.s.f.DefaultMavenResourcesFiltering - Copying 1 resource from src\main\resources to target\classes
2025-01-13 23:04:34,254 [Worker-238: Building] INFO  o.a.m.s.f.DefaultMavenResourcesFiltering - Copying 0 resource from src\main\resources to target\classes
2025-01-13 23:04:34,255 [Worker-238: Building] INFO  o.a.m.s.f.DefaultMavenResourcesFiltering - skip non existing resourceDirectory C:\Users\surajendra\Work_Requests\Eclipse_Workspace\Spring\Test\01-Spring-ComponentScan\src\test\resources
2025-01-13 23:04:55,454 [Worker-243: Building] INFO  o.a.m.s.f.DefaultMavenResourcesFiltering - Copying 1 resource from src\main\resources to target\classes
2025-01-13 23:04:55,460 [Worker-243: Building] INFO  o.a.m.s.f.DefaultMavenResourcesFiltering - Copying 0 resource from src\main\resources to target\classes
2025-01-13 23:04:55,461 [Worker-243: Building] INFO  o.a.m.s.f.DefaultMavenResourcesFiltering - skip non existing resourceDirectory C:\Users\surajendra\Work_Requests\Eclipse_Workspace\Spring\Test\01-Spring-ComponentScan\src\test\resources
2025-01-13 23:09:48,240 [Worker-240: Building] INFO  o.a.m.s.f.DefaultMavenResourcesFiltering - Copying 1 resource from src\main\resources to target\classes
2025-01-13 23:09:48,245 [Worker-240: Building] INFO  o.a.m.s.f.DefaultMavenResourcesFiltering - Copying 0 resource from src\main\resources to target\classes
2025-01-13 23:09:48,247 [Worker-240: Building] INFO  o.a.m.s.f.DefaultMavenResourcesFiltering - skip non existing resourceDirectory C:\Users\surajendra\Work_Requests\Eclipse_Workspace\Spring\Test\01-Spring-ComponentScan\src\test\resources
2025-01-13 23:10:16,824 [Worker-241: Building] INFO  o.a.m.s.f.DefaultMavenResourcesFiltering - Copying 1 resource from src\main\resources to target\classes
2025-01-13 23:10:16,830 [Worker-241: Building] INFO  o.a.m.s.f.DefaultMavenResourcesFiltering - Copying 0 resource from src\main\resources to target\classes
2025-01-13 23:10:16,832 [Worker-241: Building] INFO  o.a.m.s.f.DefaultMavenResourcesFiltering - skip non existing resourceDirectory C:\Users\surajendra\Work_Requests\Eclipse_Workspace\Spring\Test\01-Spring-ComponentScan\src\test\resources
2025-01-13 23:11:10,668 [Worker-244: Building] INFO  o.a.m.s.f.DefaultMavenResourcesFiltering - Copying 1 resource from src\main\resources to target\classes
2025-01-13 23:11:10,674 [Worker-244: Building] INFO  o.a.m.s.f.DefaultMavenResourcesFiltering - Copying 0 resource from src\main\resources to target\classes
2025-01-13 23:11:10,676 [Worker-244: Building] INFO  o.a.m.s.f.DefaultMavenResourcesFiltering - skip non existing resourceDirectory C:\Users\surajendra\Work_Requests\Eclipse_Workspace\Spring\Test\01-Spring-ComponentScan\src\test\resources
2025-01-14 01:42:08,962 [Worker-258: Building] INFO  o.e.m.c.i.l.LifecycleMappingFactory - Using org.eclipse.m2e.jdt.JarLifecycleMapping lifecycle mapping for MavenProject: com.example:demo:0.0.1-SNAPSHOT @ C:\Users\surajendra\Work_Requests\Eclipse_Workspace\Spring\Test\demo\pom.xml.
2025-01-14 01:42:09,559 [Worker-258: Building] INFO  o.a.m.s.f.DefaultMavenResourcesFiltering - Copying 0 resource from src\main\resources to target\classes
2025-01-14 01:42:09,560 [Worker-258: Building] INFO  o.a.m.s.f.DefaultMavenResourcesFiltering - Copying 0 resource from src\main\resources to target\classes
2025-01-14 01:42:09,574 [Worker-258: Building] INFO  o.a.m.s.f.DefaultMavenResourcesFiltering - skip non existing resourceDirectory C:\Users\surajendra\Work_Requests\Eclipse_Workspace\Spring\Test\demo\src\test\resources
2025-01-14 01:42:10,721 [Worker-261: Building] INFO  o.a.m.s.f.DefaultMavenResourcesFiltering - Copying 2 resources from src\main\resources to target\classes
2025-01-14 01:42:10,743 [Worker-261: Building] INFO  o.a.m.s.f.DefaultMavenResourcesFiltering - Copying 1 resource from src\main\resources to target\classes
2025-01-14 01:42:10,751 [Worker-261: Building] INFO  o.a.m.s.f.DefaultMavenResourcesFiltering - skip non existing resourceDirectory C:\Users\surajendra\Work_Requests\Eclipse_Workspace\Spring\Test\demo\src\test\resources
2025-01-14 01:42:28,144 [Worker-253: Launching demo - DemoApplication] INFO  o.a.m.s.f.DefaultMavenResourcesFiltering - Copying 2 resources from src\main\resources to target\classes
2025-01-14 01:42:28,179 [Worker-253: Launching demo - DemoApplication] INFO  o.a.m.s.f.DefaultMavenResourcesFiltering - Copying 1 resource from src\main\resources to target\classes
2025-01-14 01:42:28,182 [Worker-253: Launching demo - DemoApplication] INFO  o.a.m.s.f.DefaultMavenResourcesFiltering - skip non existing resourceDirectory C:\Users\surajendra\Work_Requests\Eclipse_Workspace\Spring\Test\demo\src\test\resources
2025-01-14 01:43:32,517 [Worker-261: Building] INFO  o.a.m.s.f.DefaultMavenResourcesFiltering - Copying 2 resources from src\main\resources to target\classes
2025-01-14 01:43:32,542 [Worker-261: Building] INFO  o.a.m.s.f.DefaultMavenResourcesFiltering - Copying 1 resource from src\main\resources to target\classes
2025-01-14 01:43:32,545 [Worker-261: Building] INFO  o.a.m.s.f.DefaultMavenResourcesFiltering - skip non existing resourceDirectory C:\Users\surajendra\Work_Requests\Eclipse_Workspace\Spring\Test\demo\src\test\resources
2025-01-14 13:00:27,849 [ModalContext] INFO  o.e.m.c.i.e.AbstractTransferListenerAdapter - Downloading https://repo.maven.apache.org/maven2/am/ik/archetype/elm-spring-boot-blank-archetype/0.0.3/elm-spring-boot-blank-archetype-0.0.3.pom
2025-01-14 13:00:27,861 [ModalContext] INFO  o.e.m.c.i.e.AbstractTransferListenerAdapter - Downloaded https://repo.maven.apache.org/maven2/am/ik/archetype/elm-spring-boot-blank-archetype/0.0.3/elm-spring-boot-blank-archetype-0.0.3.pom
2025-01-14 13:00:27,896 [ModalContext] INFO  o.e.m.c.i.e.AbstractTransferListenerAdapter - Downloading https://repo.maven.apache.org/maven2/am/ik/archetype/elm-spring-boot-blank-archetype/0.0.3/elm-spring-boot-blank-archetype-0.0.3.jar
2025-01-14 13:00:27,923 [ModalContext] INFO  o.e.m.c.i.e.AbstractTransferListenerAdapter - Downloaded https://repo.maven.apache.org/maven2/am/ik/archetype/elm-spring-boot-blank-archetype/0.0.3/elm-spring-boot-blank-archetype-0.0.3.jar
2025-01-14 13:01:08,714 [Worker-275: Launching mavenrun-9da9c4e2-5012-4b69-8257-565503e0f9da] INFO  o.eclipse.m2e.core.internal.Bundles - getClasspathEntries(Bundle=org.eclipse.m2e.maven.runtime_3.9.900.20240824-1409 [364])
2025-01-14 13:01:08,719 [Worker-275: Launching mavenrun-9da9c4e2-5012-4b69-8257-565503e0f9da] INFO  o.eclipse.m2e.core.internal.Bundles - 	Entry: C:\Users\surajendra\Work_Requests\Apps\spring-tool-suite-4\sts-4.27.0.RELEASE\plugins\org.eclipse.m2e.maven.runtime_3.9.900.20240824-1409
2025-01-14 13:01:08,720 [Worker-275: Launching mavenrun-9da9c4e2-5012-4b69-8257-565503e0f9da] INFO  o.eclipse.m2e.core.internal.Bundles - 	Entry: C:\Users\surajendra\Work_Requests\Apps\spring-tool-suite-4\sts-4.27.0.RELEASE\plugins\org.eclipse.m2e.maven.runtime_3.9.900.20240824-1409\jars\aopalliance-1.0.jar
2025-01-14 13:01:08,721 [Worker-275: Launching mavenrun-9da9c4e2-5012-4b69-8257-565503e0f9da] INFO  o.eclipse.m2e.core.internal.Bundles - 	Entry: C:\Users\surajendra\Work_Requests\Apps\spring-tool-suite-4\sts-4.27.0.RELEASE\plugins\org.eclipse.m2e.maven.runtime_3.9.900.20240824-1409\jars\guice-5.1.0.jar
2025-01-14 13:01:08,721 [Worker-275: Launching mavenrun-9da9c4e2-5012-4b69-8257-565503e0f9da] INFO  o.eclipse.m2e.core.internal.Bundles - 	Entry: C:\Users\surajendra\Work_Requests\Apps\spring-tool-suite-4\sts-4.27.0.RELEASE\plugins\org.eclipse.m2e.maven.runtime_3.9.900.20240824-1409\jars\httpclient-4.5.14.jar
2025-01-14 13:01:08,722 [Worker-275: Launching mavenrun-9da9c4e2-5012-4b69-8257-565503e0f9da] INFO  o.eclipse.m2e.core.internal.Bundles - 	Entry: C:\Users\surajendra\Work_Requests\Apps\spring-tool-suite-4\sts-4.27.0.RELEASE\plugins\org.eclipse.m2e.maven.runtime_3.9.900.20240824-1409\jars\httpcore-4.4.16.jar
2025-01-14 13:01:08,722 [Worker-275: Launching mavenrun-9da9c4e2-5012-4b69-8257-565503e0f9da] INFO  o.eclipse.m2e.core.internal.Bundles - 	Entry: C:\Users\surajendra\Work_Requests\Apps\spring-tool-suite-4\sts-4.27.0.RELEASE\plugins\org.eclipse.m2e.maven.runtime_3.9.900.20240824-1409\jars\jansi-2.4.1.jar
2025-01-14 13:01:08,722 [Worker-275: Launching mavenrun-9da9c4e2-5012-4b69-8257-565503e0f9da] INFO  o.eclipse.m2e.core.internal.Bundles - 	Entry: C:\Users\surajendra\Work_Requests\Apps\spring-tool-suite-4\sts-4.27.0.RELEASE\plugins\org.eclipse.m2e.maven.runtime_3.9.900.20240824-1409\jars\jcl-over-slf4j-1.7.36.jar
2025-01-14 13:01:08,722 [Worker-275: Launching mavenrun-9da9c4e2-5012-4b69-8257-565503e0f9da] INFO  o.eclipse.m2e.core.internal.Bundles - 	Entry: C:\Users\surajendra\Work_Requests\Apps\spring-tool-suite-4\sts-4.27.0.RELEASE\plugins\org.eclipse.m2e.maven.runtime_3.9.900.20240824-1409\jars\maven-artifact-3.9.9.jar
2025-01-14 13:01:08,722 [Worker-275: Launching mavenrun-9da9c4e2-5012-4b69-8257-565503e0f9da] INFO  o.eclipse.m2e.core.internal.Bundles - 	Entry: C:\Users\surajendra\Work_Requests\Apps\spring-tool-suite-4\sts-4.27.0.RELEASE\plugins\org.eclipse.m2e.maven.runtime_3.9.900.20240824-1409\jars\maven-builder-support-3.9.9.jar
2025-01-14 13:01:08,722 [Worker-275: Launching mavenrun-9da9c4e2-5012-4b69-8257-565503e0f9da] INFO  o.eclipse.m2e.core.internal.Bundles - 	Entry: C:\Users\surajendra\Work_Requests\Apps\spring-tool-suite-4\sts-4.27.0.RELEASE\plugins\org.eclipse.m2e.maven.runtime_3.9.900.20240824-1409\jars\maven-compat-3.9.9.jar
2025-01-14 13:01:08,723 [Worker-275: Launching mavenrun-9da9c4e2-5012-4b69-8257-565503e0f9da] INFO  o.eclipse.m2e.core.internal.Bundles - 	Entry: C:\Users\surajendra\Work_Requests\Apps\spring-tool-suite-4\sts-4.27.0.RELEASE\plugins\org.eclipse.m2e.maven.runtime_3.9.900.20240824-1409\jars\maven-core-3.9.9.jar
2025-01-14 13:01:08,723 [Worker-275: Launching mavenrun-9da9c4e2-5012-4b69-8257-565503e0f9da] INFO  o.eclipse.m2e.core.internal.Bundles - 	Entry: C:\Users\surajendra\Work_Requests\Apps\spring-tool-suite-4\sts-4.27.0.RELEASE\plugins\org.eclipse.m2e.maven.runtime_3.9.900.20240824-1409\jars\maven-embedder-3.9.9.jar
2025-01-14 13:01:08,723 [Worker-275: Launching mavenrun-9da9c4e2-5012-4b69-8257-565503e0f9da] INFO  o.eclipse.m2e.core.internal.Bundles - 	Entry: C:\Users\surajendra\Work_Requests\Apps\spring-tool-suite-4\sts-4.27.0.RELEASE\plugins\org.eclipse.m2e.maven.runtime_3.9.900.20240824-1409\jars\maven-model-3.9.9.jar
2025-01-14 13:01:08,723 [Worker-275: Launching mavenrun-9da9c4e2-5012-4b69-8257-565503e0f9da] INFO  o.eclipse.m2e.core.internal.Bundles - 	Entry: C:\Users\surajendra\Work_Requests\Apps\spring-tool-suite-4\sts-4.27.0.RELEASE\plugins\org.eclipse.m2e.maven.runtime_3.9.900.20240824-1409\jars\maven-model-builder-3.9.9.jar
2025-01-14 13:01:08,723 [Worker-275: Launching mavenrun-9da9c4e2-5012-4b69-8257-565503e0f9da] INFO  o.eclipse.m2e.core.internal.Bundles - 	Entry: C:\Users\surajendra\Work_Requests\Apps\spring-tool-suite-4\sts-4.27.0.RELEASE\plugins\org.eclipse.m2e.maven.runtime_3.9.900.20240824-1409\jars\maven-plugin-api-3.9.9.jar
2025-01-14 13:01:08,723 [Worker-275: Launching mavenrun-9da9c4e2-5012-4b69-8257-565503e0f9da] INFO  o.eclipse.m2e.core.internal.Bundles - 	Entry: C:\Users\surajendra\Work_Requests\Apps\spring-tool-suite-4\sts-4.27.0.RELEASE\plugins\org.eclipse.m2e.maven.runtime_3.9.900.20240824-1409\jars\maven-repository-metadata-3.9.9.jar
2025-01-14 13:01:08,723 [Worker-275: Launching mavenrun-9da9c4e2-5012-4b69-8257-565503e0f9da] INFO  o.eclipse.m2e.core.internal.Bundles - 	Entry: C:\Users\surajendra\Work_Requests\Apps\spring-tool-suite-4\sts-4.27.0.RELEASE\plugins\org.eclipse.m2e.maven.runtime_3.9.900.20240824-1409\jars\maven-resolver-api-1.9.22.jar
2025-01-14 13:01:08,724 [Worker-275: Launching mavenrun-9da9c4e2-5012-4b69-8257-565503e0f9da] INFO  o.eclipse.m2e.core.internal.Bundles - 	Entry: C:\Users\surajendra\Work_Requests\Apps\spring-tool-suite-4\sts-4.27.0.RELEASE\plugins\org.eclipse.m2e.maven.runtime_3.9.900.20240824-1409\jars\maven-resolver-connector-basic-1.9.22.jar
2025-01-14 13:01:08,724 [Worker-275: Launching mavenrun-9da9c4e2-5012-4b69-8257-565503e0f9da] INFO  o.eclipse.m2e.core.internal.Bundles - 	Entry: C:\Users\surajendra\Work_Requests\Apps\spring-tool-suite-4\sts-4.27.0.RELEASE\plugins\org.eclipse.m2e.maven.runtime_3.9.900.20240824-1409\jars\maven-resolver-impl-1.9.22.jar
2025-01-14 13:01:08,724 [Worker-275: Launching mavenrun-9da9c4e2-5012-4b69-8257-565503e0f9da] INFO  o.eclipse.m2e.core.internal.Bundles - 	Entry: C:\Users\surajendra\Work_Requests\Apps\spring-tool-suite-4\sts-4.27.0.RELEASE\plugins\org.eclipse.m2e.maven.runtime_3.9.900.20240824-1409\jars\maven-resolver-named-locks-1.9.22.jar
2025-01-14 13:01:08,724 [Worker-275: Launching mavenrun-9da9c4e2-5012-4b69-8257-565503e0f9da] INFO  o.eclipse.m2e.core.internal.Bundles - 	Entry: C:\Users\surajendra\Work_Requests\Apps\spring-tool-suite-4\sts-4.27.0.RELEASE\plugins\org.eclipse.m2e.maven.runtime_3.9.900.20240824-1409\jars\maven-resolver-provider-3.9.9.jar
2025-01-14 13:01:08,724 [Worker-275: Launching mavenrun-9da9c4e2-5012-4b69-8257-565503e0f9da] INFO  o.eclipse.m2e.core.internal.Bundles - 	Entry: C:\Users\surajendra\Work_Requests\Apps\spring-tool-suite-4\sts-4.27.0.RELEASE\plugins\org.eclipse.m2e.maven.runtime_3.9.900.20240824-1409\jars\maven-resolver-spi-1.9.22.jar
2025-01-14 13:01:08,724 [Worker-275: Launching mavenrun-9da9c4e2-5012-4b69-8257-565503e0f9da] INFO  o.eclipse.m2e.core.internal.Bundles - 	Entry: C:\Users\surajendra\Work_Requests\Apps\spring-tool-suite-4\sts-4.27.0.RELEASE\plugins\org.eclipse.m2e.maven.runtime_3.9.900.20240824-1409\jars\maven-resolver-transport-file-1.9.22.jar
2025-01-14 13:01:08,725 [Worker-275: Launching mavenrun-9da9c4e2-5012-4b69-8257-565503e0f9da] INFO  o.eclipse.m2e.core.internal.Bundles - 	Entry: C:\Users\surajendra\Work_Requests\Apps\spring-tool-suite-4\sts-4.27.0.RELEASE\plugins\org.eclipse.m2e.maven.runtime_3.9.900.20240824-1409\jars\maven-resolver-transport-http-1.9.22.jar
2025-01-14 13:01:08,725 [Worker-275: Launching mavenrun-9da9c4e2-5012-4b69-8257-565503e0f9da] INFO  o.eclipse.m2e.core.internal.Bundles - 	Entry: C:\Users\surajendra\Work_Requests\Apps\spring-tool-suite-4\sts-4.27.0.RELEASE\plugins\org.eclipse.m2e.maven.runtime_3.9.900.20240824-1409\jars\maven-resolver-transport-wagon-1.9.22.jar
2025-01-14 13:01:08,725 [Worker-275: Launching mavenrun-9da9c4e2-5012-4b69-8257-565503e0f9da] INFO  o.eclipse.m2e.core.internal.Bundles - 	Entry: C:\Users\surajendra\Work_Requests\Apps\spring-tool-suite-4\sts-4.27.0.RELEASE\plugins\org.eclipse.m2e.maven.runtime_3.9.900.20240824-1409\jars\maven-resolver-util-1.9.22.jar
2025-01-14 13:01:08,725 [Worker-275: Launching mavenrun-9da9c4e2-5012-4b69-8257-565503e0f9da] INFO  o.eclipse.m2e.core.internal.Bundles - 	Entry: C:\Users\surajendra\Work_Requests\Apps\spring-tool-suite-4\sts-4.27.0.RELEASE\plugins\org.eclipse.m2e.maven.runtime_3.9.900.20240824-1409\jars\maven-settings-3.9.9.jar
2025-01-14 13:01:08,725 [Worker-275: Launching mavenrun-9da9c4e2-5012-4b69-8257-565503e0f9da] INFO  o.eclipse.m2e.core.internal.Bundles - 	Entry: C:\Users\surajendra\Work_Requests\Apps\spring-tool-suite-4\sts-4.27.0.RELEASE\plugins\org.eclipse.m2e.maven.runtime_3.9.900.20240824-1409\jars\maven-settings-builder-3.9.9.jar
2025-01-14 13:01:08,725 [Worker-275: Launching mavenrun-9da9c4e2-5012-4b69-8257-565503e0f9da] INFO  o.eclipse.m2e.core.internal.Bundles - 	Entry: C:\Users\surajendra\Work_Requests\Apps\spring-tool-suite-4\sts-4.27.0.RELEASE\plugins\org.eclipse.m2e.maven.runtime_3.9.900.20240824-1409\jars\maven-shared-utils-3.4.2.jar
2025-01-14 13:01:08,725 [Worker-275: Launching mavenrun-9da9c4e2-5012-4b69-8257-565503e0f9da] INFO  o.eclipse.m2e.core.internal.Bundles - 	Entry: C:\Users\surajendra\Work_Requests\Apps\spring-tool-suite-4\sts-4.27.0.RELEASE\plugins\org.eclipse.m2e.maven.runtime_3.9.900.20240824-1409\jars\org.eclipse.sisu.inject-0.9.0.M3.jar
2025-01-14 13:01:08,726 [Worker-275: Launching mavenrun-9da9c4e2-5012-4b69-8257-565503e0f9da] INFO  o.eclipse.m2e.core.internal.Bundles - 	Entry: C:\Users\surajendra\Work_Requests\Apps\spring-tool-suite-4\sts-4.27.0.RELEASE\plugins\org.eclipse.m2e.maven.runtime_3.9.900.20240824-1409\jars\org.eclipse.sisu.plexus-0.9.0.M3.jar
2025-01-14 13:01:08,726 [Worker-275: Launching mavenrun-9da9c4e2-5012-4b69-8257-565503e0f9da] INFO  o.eclipse.m2e.core.internal.Bundles - 	Entry: C:\Users\surajendra\Work_Requests\Apps\spring-tool-suite-4\sts-4.27.0.RELEASE\plugins\org.eclipse.m2e.maven.runtime_3.9.900.20240824-1409\jars\plexus-build-api-0.0.7.jar
2025-01-14 13:01:08,726 [Worker-275: Launching mavenrun-9da9c4e2-5012-4b69-8257-565503e0f9da] INFO  o.eclipse.m2e.core.internal.Bundles - 	Entry: C:\Users\surajendra\Work_Requests\Apps\spring-tool-suite-4\sts-4.27.0.RELEASE\plugins\org.eclipse.m2e.maven.runtime_3.9.900.20240824-1409\jars\plexus-build-api-1.2.0.jar
2025-01-14 13:01:08,726 [Worker-275: Launching mavenrun-9da9c4e2-5012-4b69-8257-565503e0f9da] INFO  o.eclipse.m2e.core.internal.Bundles - 	Entry: C:\Users\surajendra\Work_Requests\Apps\spring-tool-suite-4\sts-4.27.0.RELEASE\plugins\org.eclipse.m2e.maven.runtime_3.9.900.20240824-1409\jars\plexus-cipher-2.0.jar
2025-01-14 13:01:08,726 [Worker-275: Launching mavenrun-9da9c4e2-5012-4b69-8257-565503e0f9da] INFO  o.eclipse.m2e.core.internal.Bundles - 	Entry: C:\Users\surajendra\Work_Requests\Apps\spring-tool-suite-4\sts-4.27.0.RELEASE\plugins\org.eclipse.m2e.maven.runtime_3.9.900.20240824-1409\jars\plexus-classworlds-2.8.0.jar
2025-01-14 13:01:08,727 [Worker-275: Launching mavenrun-9da9c4e2-5012-4b69-8257-565503e0f9da] INFO  o.eclipse.m2e.core.internal.Bundles - 	Entry: C:\Users\surajendra\Work_Requests\Apps\spring-tool-suite-4\sts-4.27.0.RELEASE\plugins\org.eclipse.m2e.maven.runtime_3.9.900.20240824-1409\jars\plexus-component-annotations-2.1.0.jar
2025-01-14 13:01:08,727 [Worker-275: Launching mavenrun-9da9c4e2-5012-4b69-8257-565503e0f9da] INFO  o.eclipse.m2e.core.internal.Bundles - 	Entry: C:\Users\surajendra\Work_Requests\Apps\spring-tool-suite-4\sts-4.27.0.RELEASE\plugins\org.eclipse.m2e.maven.runtime_3.9.900.20240824-1409\jars\plexus-interpolation-1.27.jar
2025-01-14 13:01:08,727 [Worker-275: Launching mavenrun-9da9c4e2-5012-4b69-8257-565503e0f9da] INFO  o.eclipse.m2e.core.internal.Bundles - 	Entry: C:\Users\surajendra\Work_Requests\Apps\spring-tool-suite-4\sts-4.27.0.RELEASE\plugins\org.eclipse.m2e.maven.runtime_3.9.900.20240824-1409\jars\plexus-sec-dispatcher-2.0.jar
2025-01-14 13:01:08,727 [Worker-275: Launching mavenrun-9da9c4e2-5012-4b69-8257-565503e0f9da] INFO  o.eclipse.m2e.core.internal.Bundles - 	Entry: C:\Users\surajendra\Work_Requests\Apps\spring-tool-suite-4\sts-4.27.0.RELEASE\plugins\org.eclipse.m2e.maven.runtime_3.9.900.20240824-1409\jars\plexus-utils-3.5.1.jar
2025-01-14 13:01:08,727 [Worker-275: Launching mavenrun-9da9c4e2-5012-4b69-8257-565503e0f9da] INFO  o.eclipse.m2e.core.internal.Bundles - 	Entry: C:\Users\surajendra\Work_Requests\Apps\spring-tool-suite-4\sts-4.27.0.RELEASE\plugins\org.eclipse.m2e.maven.runtime_3.9.900.20240824-1409\jars\plexus-xml-3.0.1.jar
2025-01-14 13:01:08,727 [Worker-275: Launching mavenrun-9da9c4e2-5012-4b69-8257-565503e0f9da] INFO  o.eclipse.m2e.core.internal.Bundles - 	Entry: C:\Users\surajendra\Work_Requests\Apps\spring-tool-suite-4\sts-4.27.0.RELEASE\plugins\org.eclipse.m2e.maven.runtime_3.9.900.20240824-1409\jars\wagon-file-3.5.3.jar
2025-01-14 13:01:08,728 [Worker-275: Launching mavenrun-9da9c4e2-5012-4b69-8257-565503e0f9da] INFO  o.eclipse.m2e.core.internal.Bundles - 	Entry: C:\Users\surajendra\Work_Requests\Apps\spring-tool-suite-4\sts-4.27.0.RELEASE\plugins\org.eclipse.m2e.maven.runtime_3.9.900.20240824-1409\jars\wagon-http-3.5.3.jar
2025-01-14 13:01:08,728 [Worker-275: Launching mavenrun-9da9c4e2-5012-4b69-8257-565503e0f9da] INFO  o.eclipse.m2e.core.internal.Bundles - 	Entry: C:\Users\surajendra\Work_Requests\Apps\spring-tool-suite-4\sts-4.27.0.RELEASE\plugins\org.eclipse.m2e.maven.runtime_3.9.900.20240824-1409\jars\wagon-http-shared-3.5.3.jar
2025-01-14 13:01:08,728 [Worker-275: Launching mavenrun-9da9c4e2-5012-4b69-8257-565503e0f9da] INFO  o.eclipse.m2e.core.internal.Bundles - 	Entry: C:\Users\surajendra\Work_Requests\Apps\spring-tool-suite-4\sts-4.27.0.RELEASE\plugins\org.eclipse.m2e.maven.runtime_3.9.900.20240824-1409\jars\wagon-provider-api-3.5.3.jar
2025-01-14 13:01:08,729 [Worker-275: Launching mavenrun-9da9c4e2-5012-4b69-8257-565503e0f9da] INFO  o.eclipse.m2e.core.internal.Bundles - getClasspathEntries(Bundle=com.google.guava_33.3.1.jre [29])
2025-01-14 13:01:08,730 [Worker-275: Launching mavenrun-9da9c4e2-5012-4b69-8257-565503e0f9da] INFO  o.eclipse.m2e.core.internal.Bundles - 	Entry: C:\Users\surajendra\Work_Requests\Apps\spring-tool-suite-4\sts-4.27.0.RELEASE\plugins\com.google.guava_33.3.1.jre.jar
2025-01-14 13:01:08,730 [Worker-275: Launching mavenrun-9da9c4e2-5012-4b69-8257-565503e0f9da] INFO  o.eclipse.m2e.core.internal.Bundles - getClasspathEntries(Bundle=slf4j.api_2.0.16 [615])
2025-01-14 13:01:08,731 [Worker-275: Launching mavenrun-9da9c4e2-5012-4b69-8257-565503e0f9da] INFO  o.eclipse.m2e.core.internal.Bundles - 	Entry: C:\Users\surajendra\Work_Requests\Apps\spring-tool-suite-4\sts-4.27.0.RELEASE\plugins\slf4j.api_2.0.16.jar
2025-01-14 13:01:08,731 [Worker-275: Launching mavenrun-9da9c4e2-5012-4b69-8257-565503e0f9da] INFO  o.eclipse.m2e.core.internal.Bundles - getClasspathEntries(Bundle=jakarta.inject.jakarta.inject-api_1.0.5 [45])
2025-01-14 13:01:08,731 [Worker-275: Launching mavenrun-9da9c4e2-5012-4b69-8257-565503e0f9da] INFO  o.eclipse.m2e.core.internal.Bundles - 	Entry: C:\Users\surajendra\Work_Requests\Apps\spring-tool-suite-4\sts-4.27.0.RELEASE\plugins\jakarta.inject.jakarta.inject-api_1.0.5.jar
2025-01-14 13:01:08,731 [Worker-275: Launching mavenrun-9da9c4e2-5012-4b69-8257-565503e0f9da] INFO  o.eclipse.m2e.core.internal.Bundles - getClasspathEntries(Bundle=jakarta.annotation-api_1.3.5 [41])
2025-01-14 13:01:08,733 [Worker-275: Launching mavenrun-9da9c4e2-5012-4b69-8257-565503e0f9da] INFO  o.eclipse.m2e.core.internal.Bundles - 	Entry: C:\Users\surajendra\Work_Requests\Apps\spring-tool-suite-4\sts-4.27.0.RELEASE\plugins\jakarta.annotation-api_1.3.5.jar
2025-01-14 13:01:08,733 [Worker-275: Launching mavenrun-9da9c4e2-5012-4b69-8257-565503e0f9da] INFO  o.eclipse.m2e.core.internal.Bundles - getClasspathEntries(Bundle=org.apache.commons.cli_1.9.0 [78])
2025-01-14 13:01:08,734 [Worker-275: Launching mavenrun-9da9c4e2-5012-4b69-8257-565503e0f9da] INFO  o.eclipse.m2e.core.internal.Bundles - 	Entry: C:\Users\surajendra\Work_Requests\Apps\spring-tool-suite-4\sts-4.27.0.RELEASE\plugins\org.apache.commons.cli_1.9.0.jar
2025-01-14 13:01:08,734 [Worker-275: Launching mavenrun-9da9c4e2-5012-4b69-8257-565503e0f9da] INFO  o.eclipse.m2e.core.internal.Bundles - getClasspathEntries(Bundle=org.apache.commons.commons-codec_1.16.0 [81])
2025-01-14 13:01:08,736 [Worker-275: Launching mavenrun-9da9c4e2-5012-4b69-8257-565503e0f9da] INFO  o.eclipse.m2e.core.internal.Bundles - 	Entry: C:\Users\surajendra\Work_Requests\Apps\spring-tool-suite-4\sts-4.27.0.RELEASE\plugins\org.apache.commons.commons-codec_1.16.0.jar
2025-01-14 13:01:08,736 [Worker-275: Launching mavenrun-9da9c4e2-5012-4b69-8257-565503e0f9da] INFO  o.eclipse.m2e.core.internal.Bundles - getClasspathEntries(Bundle=com.google.guava.failureaccess_1.0.2 [30])
2025-01-14 13:01:08,737 [Worker-275: Launching mavenrun-9da9c4e2-5012-4b69-8257-565503e0f9da] INFO  o.eclipse.m2e.core.internal.Bundles - 	Entry: C:\Users\surajendra\Work_Requests\Apps\spring-tool-suite-4\sts-4.27.0.RELEASE\plugins\com.google.guava.failureaccess_1.0.2.jar
2025-01-14 13:01:08,745 [Worker-275: Launching mavenrun-9da9c4e2-5012-4b69-8257-565503e0f9da] INFO  o.e.m.i.launch.MavenLaunchDelegate - Run build in "C:\Users\SURAJE~1\AppData\Local\Temp\m2e-archetypeGenerator6173511788996212989":
2025-01-14 13:01:08,746 [Worker-275: Launching mavenrun-9da9c4e2-5012-4b69-8257-565503e0f9da] INFO  o.e.m.i.launch.MavenLaunchDelegate -  mvn  -DarchetypeGroupId=am.ik.archetype -DarchetypeArtifactId=elm-spring-boot-blank-archetype -DarchetypeVersion=0.0.3 -DgroupId=com.in.akshay -DartifactId=02-Spring-Autowiring -Dversion=0.0.1-SNAPSHOT -Dpackage=com.in.akshay._Spring_Autowiring -DoutputDirectory=C:\Users\surajendra\Work_Requests\Eclipse_Workspace\Spring\Test -Dstyle.color=always -U archetype:generate
2025-01-14 13:01:38,429 [Worker-274: Creating elm-spring-boot-blank-archetype] INFO  o.e.m.c.i.p.ProjectConfigurationManager - Collecting project info '/pom.xml' C:\Users\surajendra\Work_Requests\Eclipse_Workspace\Spring\Test\02-Spring-Autowiring\pom.xml
2025-01-14 13:01:38,430 [Worker-274: Creating elm-spring-boot-blank-archetype] INFO  o.e.m.c.i.p.ProjectConfigurationManager - Collecting project info '02-Spring-Autowiring-frontend/pom.xml' C:\Users\surajendra\Work_Requests\Eclipse_Workspace\Spring\Test\02-Spring-Autowiring\02-Spring-Autowiring-frontend\pom.xml
2025-01-14 13:01:38,430 [Worker-274: Creating elm-spring-boot-blank-archetype] INFO  o.e.m.c.i.p.ProjectConfigurationManager - Collecting project info '02-Spring-Autowiring-backend/pom.xml' C:\Users\surajendra\Work_Requests\Eclipse_Workspace\Spring\Test\02-Spring-Autowiring\02-Spring-Autowiring-backend\pom.xml
2025-01-14 13:01:39,695 [Worker-274: Creating elm-spring-boot-blank-archetype] INFO  o.e.m.c.i.e.AbstractTransferListenerAdapter - Downloaded https://repo.spring.io/snapshot/org/springframework/boot/spring-boot-starter-parent/2.2.0.M5/spring-boot-starter-parent-2.2.0.M5.pom
2025-01-14 13:01:39,950 [Worker-274: Creating elm-spring-boot-blank-archetype] INFO  o.e.m.c.i.e.AbstractTransferListenerAdapter - Downloading https://repo.spring.io/milestone/org/springframework/boot/spring-boot-starter-parent/2.2.0.M5/spring-boot-starter-parent-2.2.0.M5.pom
2025-01-14 13:01:39,965 [Worker-274: Creating elm-spring-boot-blank-archetype] INFO  o.e.m.c.i.e.AbstractTransferListenerAdapter - Downloaded https://repo.spring.io/milestone/org/springframework/boot/spring-boot-starter-parent/2.2.0.M5/spring-boot-starter-parent-2.2.0.M5.pom
2025-01-14 13:01:40,202 [Worker-274: Creating elm-spring-boot-blank-archetype] INFO  o.e.m.c.i.e.AbstractTransferListenerAdapter - Downloaded https://repo.spring.io/snapshot/org/springframework/boot/spring-boot-dependencies/2.2.0.M5/spring-boot-dependencies-2.2.0.M5.pom
2025-01-14 13:01:40,451 [Worker-274: Creating elm-spring-boot-blank-archetype] INFO  o.e.m.c.i.e.AbstractTransferListenerAdapter - Downloading https://repo.spring.io/milestone/org/springframework/boot/spring-boot-dependencies/2.2.0.M5/spring-boot-dependencies-2.2.0.M5.pom
2025-01-14 13:01:41,295 [Worker-274: Creating elm-spring-boot-blank-archetype] INFO  o.e.m.c.i.e.AbstractTransferListenerAdapter - Downloaded https://repo.spring.io/milestone/org/springframework/boot/spring-boot-dependencies/2.2.0.M5/spring-boot-dependencies-2.2.0.M5.pom
2025-01-14 13:01:41,629 [Worker-274: Creating elm-spring-boot-blank-archetype] INFO  o.e.m.c.i.e.AbstractTransferListenerAdapter - Downloaded https://repo.spring.io/snapshot/com/fasterxml/jackson/jackson-bom/2.9.9/jackson-bom-2.9.9.pom
2025-01-14 13:01:41,895 [Worker-274: Creating elm-spring-boot-blank-archetype] INFO  o.e.m.c.i.e.AbstractTransferListenerAdapter - Downloaded https://repo.spring.io/milestone/com/fasterxml/jackson/jackson-bom/2.9.9/jackson-bom-2.9.9.pom
2025-01-14 13:01:41,983 [Worker-274: Creating elm-spring-boot-blank-archetype] INFO  o.e.m.c.i.e.AbstractTransferListenerAdapter - Downloading https://repo.maven.apache.org/maven2/com/fasterxml/jackson/jackson-bom/2.9.9/jackson-bom-2.9.9.pom
2025-01-14 13:01:41,994 [Worker-274: Creating elm-spring-boot-blank-archetype] INFO  o.e.m.c.i.e.AbstractTransferListenerAdapter - Downloaded https://repo.maven.apache.org/maven2/com/fasterxml/jackson/jackson-bom/2.9.9/jackson-bom-2.9.9.pom
2025-01-14 13:01:42,243 [Worker-274: Creating elm-spring-boot-blank-archetype] INFO  o.e.m.c.i.e.AbstractTransferListenerAdapter - Downloaded https://repo.spring.io/snapshot/com/fasterxml/jackson/jackson-parent/2.9.1.2/jackson-parent-2.9.1.2.pom
2025-01-14 13:01:42,481 [Worker-274: Creating elm-spring-boot-blank-archetype] INFO  o.e.m.c.i.e.AbstractTransferListenerAdapter - Downloaded https://repo.spring.io/milestone/com/fasterxml/jackson/jackson-parent/2.9.1.2/jackson-parent-2.9.1.2.pom
2025-01-14 13:01:42,518 [Worker-274: Creating elm-spring-boot-blank-archetype] INFO  o.e.m.c.i.e.AbstractTransferListenerAdapter - Downloading https://repo.maven.apache.org/maven2/com/fasterxml/jackson/jackson-parent/2.9.1.2/jackson-parent-2.9.1.2.pom
2025-01-14 13:01:42,528 [Worker-274: Creating elm-spring-boot-blank-archetype] INFO  o.e.m.c.i.e.AbstractTransferListenerAdapter - Downloaded https://repo.maven.apache.org/maven2/com/fasterxml/jackson/jackson-parent/2.9.1.2/jackson-parent-2.9.1.2.pom
2025-01-14 13:01:42,766 [Worker-274: Creating elm-spring-boot-blank-archetype] INFO  o.e.m.c.i.e.AbstractTransferListenerAdapter - Downloaded https://repo.spring.io/snapshot/com/fasterxml/oss-parent/34/oss-parent-34.pom
2025-01-14 13:01:43,025 [Worker-274: Creating elm-spring-boot-blank-archetype] INFO  o.e.m.c.i.e.AbstractTransferListenerAdapter - Downloaded https://repo.spring.io/milestone/com/fasterxml/oss-parent/34/oss-parent-34.pom
2025-01-14 13:01:43,056 [Worker-274: Creating elm-spring-boot-blank-archetype] INFO  o.e.m.c.i.e.AbstractTransferListenerAdapter - Downloading https://repo.maven.apache.org/maven2/com/fasterxml/oss-parent/34/oss-parent-34.pom
2025-01-14 13:01:43,082 [Worker-274: Creating elm-spring-boot-blank-archetype] INFO  o.e.m.c.i.e.AbstractTransferListenerAdapter - Downloaded https://repo.maven.apache.org/maven2/com/fasterxml/oss-parent/34/oss-parent-34.pom
2025-01-14 13:01:43,369 [Worker-274: Creating elm-spring-boot-blank-archetype] INFO  o.e.m.c.i.e.AbstractTransferListenerAdapter - Downloaded https://repo.spring.io/snapshot/io/netty/netty-bom/4.1.38.Final/netty-bom-4.1.38.Final.pom
2025-01-14 13:01:43,678 [Worker-274: Creating elm-spring-boot-blank-archetype] INFO  o.e.m.c.i.e.AbstractTransferListenerAdapter - Downloaded https://repo.spring.io/milestone/io/netty/netty-bom/4.1.38.Final/netty-bom-4.1.38.Final.pom
2025-01-14 13:01:43,710 [Worker-274: Creating elm-spring-boot-blank-archetype] INFO  o.e.m.c.i.e.AbstractTransferListenerAdapter - Downloading https://repo.maven.apache.org/maven2/io/netty/netty-bom/4.1.38.Final/netty-bom-4.1.38.Final.pom
2025-01-14 13:01:43,722 [Worker-274: Creating elm-spring-boot-blank-archetype] INFO  o.e.m.c.i.e.AbstractTransferListenerAdapter - Downloaded https://repo.maven.apache.org/maven2/io/netty/netty-bom/4.1.38.Final/netty-bom-4.1.38.Final.pom
2025-01-14 13:01:43,984 [Worker-274: Creating elm-spring-boot-blank-archetype] INFO  o.e.m.c.i.e.AbstractTransferListenerAdapter - Downloaded https://repo.spring.io/snapshot/io/projectreactor/reactor-bom/Dysprosium-M3/reactor-bom-Dysprosium-M3.pom
2025-01-14 13:01:44,305 [Worker-274: Creating elm-spring-boot-blank-archetype] INFO  o.e.m.c.i.e.AbstractTransferListenerAdapter - Downloading https://repo.spring.io/milestone/io/projectreactor/reactor-bom/Dysprosium-M3/reactor-bom-Dysprosium-M3.pom
2025-01-14 13:01:44,323 [Worker-274: Creating elm-spring-boot-blank-archetype] INFO  o.e.m.c.i.e.AbstractTransferListenerAdapter - Downloaded https://repo.spring.io/milestone/io/projectreactor/reactor-bom/Dysprosium-M3/reactor-bom-Dysprosium-M3.pom
2025-01-14 13:01:44,597 [Worker-274: Creating elm-spring-boot-blank-archetype] INFO  o.e.m.c.i.e.AbstractTransferListenerAdapter - Downloaded https://repo.spring.io/snapshot/org/apache/logging/log4j/log4j-bom/2.12.0/log4j-bom-2.12.0.pom
2025-01-14 13:01:44,837 [Worker-274: Creating elm-spring-boot-blank-archetype] INFO  o.e.m.c.i.e.AbstractTransferListenerAdapter - Downloaded https://repo.spring.io/milestone/org/apache/logging/log4j/log4j-bom/2.12.0/log4j-bom-2.12.0.pom
2025-01-14 13:01:44,874 [Worker-274: Creating elm-spring-boot-blank-archetype] INFO  o.e.m.c.i.e.AbstractTransferListenerAdapter - Downloading https://repo.maven.apache.org/maven2/org/apache/logging/log4j/log4j-bom/2.12.0/log4j-bom-2.12.0.pom
2025-01-14 13:01:44,884 [Worker-274: Creating elm-spring-boot-blank-archetype] INFO  o.e.m.c.i.e.AbstractTransferListenerAdapter - Downloaded https://repo.maven.apache.org/maven2/org/apache/logging/log4j/log4j-bom/2.12.0/log4j-bom-2.12.0.pom
2025-01-14 13:01:45,129 [Worker-274: Creating elm-spring-boot-blank-archetype] INFO  o.e.m.c.i.e.AbstractTransferListenerAdapter - Downloaded https://repo.spring.io/snapshot/org/eclipse/jetty/jetty-bom/9.4.19.v20190610/jetty-bom-9.4.19.v20190610.pom
2025-01-14 13:01:45,369 [Worker-274: Creating elm-spring-boot-blank-archetype] INFO  o.e.m.c.i.e.AbstractTransferListenerAdapter - Downloaded https://repo.spring.io/milestone/org/eclipse/jetty/jetty-bom/9.4.19.v20190610/jetty-bom-9.4.19.v20190610.pom
2025-01-14 13:01:45,395 [Worker-274: Creating elm-spring-boot-blank-archetype] INFO  o.e.m.c.i.e.AbstractTransferListenerAdapter - Downloading https://repo.maven.apache.org/maven2/org/eclipse/jetty/jetty-bom/9.4.19.v20190610/jetty-bom-9.4.19.v20190610.pom
2025-01-14 13:01:45,414 [Worker-274: Creating elm-spring-boot-blank-archetype] INFO  o.e.m.c.i.e.AbstractTransferListenerAdapter - Downloaded https://repo.maven.apache.org/maven2/org/eclipse/jetty/jetty-bom/9.4.19.v20190610/jetty-bom-9.4.19.v20190610.pom
2025-01-14 13:01:45,651 [Worker-274: Creating elm-spring-boot-blank-archetype] INFO  o.e.m.c.i.e.AbstractTransferListenerAdapter - Downloaded https://repo.spring.io/snapshot/org/glassfish/jersey/jersey-bom/2.29/jersey-bom-2.29.pom
2025-01-14 13:01:45,929 [Worker-274: Creating elm-spring-boot-blank-archetype] INFO  o.e.m.c.i.e.AbstractTransferListenerAdapter - Downloaded https://repo.spring.io/milestone/org/glassfish/jersey/jersey-bom/2.29/jersey-bom-2.29.pom
2025-01-14 13:01:45,953 [Worker-274: Creating elm-spring-boot-blank-archetype] INFO  o.e.m.c.i.e.AbstractTransferListenerAdapter - Downloading https://repo.maven.apache.org/maven2/org/glassfish/jersey/jersey-bom/2.29/jersey-bom-2.29.pom
2025-01-14 13:01:45,979 [Worker-274: Creating elm-spring-boot-blank-archetype] INFO  o.e.m.c.i.e.AbstractTransferListenerAdapter - Downloaded https://repo.maven.apache.org/maven2/org/glassfish/jersey/jersey-bom/2.29/jersey-bom-2.29.pom
2025-01-14 13:01:46,235 [Worker-274: Creating elm-spring-boot-blank-archetype] INFO  o.e.m.c.i.e.AbstractTransferListenerAdapter - Downloaded https://repo.spring.io/snapshot/org/eclipse/ee4j/project/1.0.5/project-1.0.5.pom
2025-01-14 13:01:46,543 [Worker-274: Creating elm-spring-boot-blank-archetype] INFO  o.e.m.c.i.e.AbstractTransferListenerAdapter - Downloaded https://repo.spring.io/milestone/org/eclipse/ee4j/project/1.0.5/project-1.0.5.pom
2025-01-14 13:01:46,579 [Worker-274: Creating elm-spring-boot-blank-archetype] INFO  o.e.m.c.i.e.AbstractTransferListenerAdapter - Downloading https://repo.maven.apache.org/maven2/org/eclipse/ee4j/project/1.0.5/project-1.0.5.pom
2025-01-14 13:01:46,599 [Worker-274: Creating elm-spring-boot-blank-archetype] INFO  o.e.m.c.i.e.AbstractTransferListenerAdapter - Downloaded https://repo.maven.apache.org/maven2/org/eclipse/ee4j/project/1.0.5/project-1.0.5.pom
2025-01-14 13:01:46,876 [Worker-274: Creating elm-spring-boot-blank-archetype] INFO  o.e.m.c.i.e.AbstractTransferListenerAdapter - Downloaded https://repo.spring.io/snapshot/org/jetbrains/kotlin/kotlin-bom/1.3.41/kotlin-bom-1.3.41.pom
2025-01-14 13:01:47,121 [Worker-274: Creating elm-spring-boot-blank-archetype] INFO  o.e.m.c.i.e.AbstractTransferListenerAdapter - Downloaded https://repo.spring.io/milestone/org/jetbrains/kotlin/kotlin-bom/1.3.41/kotlin-bom-1.3.41.pom
2025-01-14 13:01:47,160 [Worker-274: Creating elm-spring-boot-blank-archetype] INFO  o.e.m.c.i.e.AbstractTransferListenerAdapter - Downloading https://repo.maven.apache.org/maven2/org/jetbrains/kotlin/kotlin-bom/1.3.41/kotlin-bom-1.3.41.pom
2025-01-14 13:01:47,174 [Worker-274: Creating elm-spring-boot-blank-archetype] INFO  o.e.m.c.i.e.AbstractTransferListenerAdapter - Downloaded https://repo.maven.apache.org/maven2/org/jetbrains/kotlin/kotlin-bom/1.3.41/kotlin-bom-1.3.41.pom
2025-01-14 13:01:47,465 [Worker-274: Creating elm-spring-boot-blank-archetype] INFO  o.e.m.c.i.e.AbstractTransferListenerAdapter - Downloaded https://repo.spring.io/snapshot/org/jetbrains/kotlinx/kotlinx-coroutines-bom/1.3.0-RC/kotlinx-coroutines-bom-1.3.0-RC.pom
2025-01-14 13:01:47,773 [Worker-274: Creating elm-spring-boot-blank-archetype] INFO  o.e.m.c.i.e.AbstractTransferListenerAdapter - Downloaded https://repo.spring.io/milestone/org/jetbrains/kotlinx/kotlinx-coroutines-bom/1.3.0-RC/kotlinx-coroutines-bom-1.3.0-RC.pom
2025-01-14 13:01:47,830 [Worker-274: Creating elm-spring-boot-blank-archetype] INFO  o.e.m.c.i.e.AbstractTransferListenerAdapter - Downloading https://repo.maven.apache.org/maven2/org/jetbrains/kotlinx/kotlinx-coroutines-bom/1.3.0-RC/kotlinx-coroutines-bom-1.3.0-RC.pom
2025-01-14 13:01:47,843 [Worker-274: Creating elm-spring-boot-blank-archetype] INFO  o.e.m.c.i.e.AbstractTransferListenerAdapter - Downloaded https://repo.maven.apache.org/maven2/org/jetbrains/kotlinx/kotlinx-coroutines-bom/1.3.0-RC/kotlinx-coroutines-bom-1.3.0-RC.pom
2025-01-14 13:01:48,094 [Worker-274: Creating elm-spring-boot-blank-archetype] INFO  o.e.m.c.i.e.AbstractTransferListenerAdapter - Downloaded https://repo.spring.io/snapshot/org/junit/junit-bom/5.5.1/junit-bom-5.5.1.pom
2025-01-14 13:01:48,329 [Worker-274: Creating elm-spring-boot-blank-archetype] INFO  o.e.m.c.i.e.AbstractTransferListenerAdapter - Downloaded https://repo.spring.io/milestone/org/junit/junit-bom/5.5.1/junit-bom-5.5.1.pom
2025-01-14 13:01:48,362 [Worker-274: Creating elm-spring-boot-blank-archetype] INFO  o.e.m.c.i.e.AbstractTransferListenerAdapter - Downloading https://repo.maven.apache.org/maven2/org/junit/junit-bom/5.5.1/junit-bom-5.5.1.pom
2025-01-14 13:01:48,374 [Worker-274: Creating elm-spring-boot-blank-archetype] INFO  o.e.m.c.i.e.AbstractTransferListenerAdapter - Downloaded https://repo.maven.apache.org/maven2/org/junit/junit-bom/5.5.1/junit-bom-5.5.1.pom
2025-01-14 13:01:48,693 [Worker-274: Creating elm-spring-boot-blank-archetype] INFO  o.e.m.c.i.e.AbstractTransferListenerAdapter - Downloaded https://repo.spring.io/snapshot/org/springframework/spring-framework-bom/5.2.0.RC1/spring-framework-bom-5.2.0.RC1.pom
2025-01-14 13:01:49,007 [Worker-274: Creating elm-spring-boot-blank-archetype] INFO  o.e.m.c.i.e.AbstractTransferListenerAdapter - Downloading https://repo.spring.io/milestone/org/springframework/spring-framework-bom/5.2.0.RC1/spring-framework-bom-5.2.0.RC1.pom
2025-01-14 13:01:49,016 [Worker-274: Creating elm-spring-boot-blank-archetype] INFO  o.e.m.c.i.e.AbstractTransferListenerAdapter - Downloaded https://repo.spring.io/milestone/org/springframework/spring-framework-bom/5.2.0.RC1/spring-framework-bom-5.2.0.RC1.pom
2025-01-14 13:01:49,308 [Worker-274: Creating elm-spring-boot-blank-archetype] INFO  o.e.m.c.i.e.AbstractTransferListenerAdapter - Downloaded https://repo.spring.io/snapshot/org/springframework/data/spring-data-releasetrain/Moore-RC2/spring-data-releasetrain-Moore-RC2.pom
2025-01-14 13:01:49,626 [Worker-274: Creating elm-spring-boot-blank-archetype] INFO  o.e.m.c.i.e.AbstractTransferListenerAdapter - Downloading https://repo.spring.io/milestone/org/springframework/data/spring-data-releasetrain/Moore-RC2/spring-data-releasetrain-Moore-RC2.pom
2025-01-14 13:01:49,640 [Worker-274: Creating elm-spring-boot-blank-archetype] INFO  o.e.m.c.i.e.AbstractTransferListenerAdapter - Downloaded https://repo.spring.io/milestone/org/springframework/data/spring-data-releasetrain/Moore-RC2/spring-data-releasetrain-Moore-RC2.pom
2025-01-14 13:01:49,876 [Worker-274: Creating elm-spring-boot-blank-archetype] INFO  o.e.m.c.i.e.AbstractTransferListenerAdapter - Downloaded https://repo.spring.io/snapshot/org/springframework/data/build/spring-data-build/2.2.0.RC2/spring-data-build-2.2.0.RC2.pom
2025-01-14 13:01:50,129 [Worker-274: Creating elm-spring-boot-blank-archetype] INFO  o.e.m.c.i.e.AbstractTransferListenerAdapter - Downloading https://repo.spring.io/milestone/org/springframework/data/build/spring-data-build/2.2.0.RC2/spring-data-build-2.2.0.RC2.pom
2025-01-14 13:01:50,147 [Worker-274: Creating elm-spring-boot-blank-archetype] INFO  o.e.m.c.i.e.AbstractTransferListenerAdapter - Downloaded https://repo.spring.io/milestone/org/springframework/data/build/spring-data-build/2.2.0.RC2/spring-data-build-2.2.0.RC2.pom
2025-01-14 13:01:50,437 [Worker-274: Creating elm-spring-boot-blank-archetype] INFO  o.e.m.c.i.e.AbstractTransferListenerAdapter - Downloaded https://repo.spring.io/snapshot/org/springframework/integration/spring-integration-bom/5.2.0.M4/spring-integration-bom-5.2.0.M4.pom
2025-01-14 13:01:50,754 [Worker-274: Creating elm-spring-boot-blank-archetype] INFO  o.e.m.c.i.e.AbstractTransferListenerAdapter - Downloading https://repo.spring.io/milestone/org/springframework/integration/spring-integration-bom/5.2.0.M4/spring-integration-bom-5.2.0.M4.pom
2025-01-14 13:01:50,768 [Worker-274: Creating elm-spring-boot-blank-archetype] INFO  o.e.m.c.i.e.AbstractTransferListenerAdapter - Downloaded https://repo.spring.io/milestone/org/springframework/integration/spring-integration-bom/5.2.0.M4/spring-integration-bom-5.2.0.M4.pom
2025-01-14 13:01:51,049 [Worker-274: Creating elm-spring-boot-blank-archetype] INFO  o.e.m.c.i.e.AbstractTransferListenerAdapter - Downloaded https://repo.spring.io/snapshot/org/springframework/security/spring-security-bom/5.2.0.M4/spring-security-bom-5.2.0.M4.pom
2025-01-14 13:01:51,309 [Worker-274: Creating elm-spring-boot-blank-archetype] INFO  o.e.m.c.i.e.AbstractTransferListenerAdapter - Downloading https://repo.spring.io/milestone/org/springframework/security/spring-security-bom/5.2.0.M4/spring-security-bom-5.2.0.M4.pom
2025-01-14 13:01:51,323 [Worker-274: Creating elm-spring-boot-blank-archetype] INFO  o.e.m.c.i.e.AbstractTransferListenerAdapter - Downloaded https://repo.spring.io/milestone/org/springframework/security/spring-security-bom/5.2.0.M4/spring-security-bom-5.2.0.M4.pom
2025-01-14 13:01:51,636 [Worker-274: Creating elm-spring-boot-blank-archetype] INFO  o.e.m.c.i.e.AbstractTransferListenerAdapter - Downloaded https://repo.spring.io/snapshot/org/springframework/session/spring-session-bom/Corn-M3/spring-session-bom-Corn-M3.pom
2025-01-14 13:01:51,907 [Worker-274: Creating elm-spring-boot-blank-archetype] INFO  o.e.m.c.i.e.AbstractTransferListenerAdapter - Downloading https://repo.spring.io/milestone/org/springframework/session/spring-session-bom/Corn-M3/spring-session-bom-Corn-M3.pom
2025-01-14 13:01:51,932 [Worker-274: Creating elm-spring-boot-blank-archetype] INFO  o.e.m.c.i.e.AbstractTransferListenerAdapter - Downloaded https://repo.spring.io/milestone/org/springframework/session/spring-session-bom/Corn-M3/spring-session-bom-Corn-M3.pom
2025-01-14 13:01:53,072 [Worker-274: Creating elm-spring-boot-blank-archetype] INFO  o.e.m.c.i.l.LifecycleMappingFactory - Using NULL lifecycle mapping for MavenProject: com.in.akshay:02-Spring-Autowiring:0.0.1-SNAPSHOT @ C:\Users\surajendra\Work_Requests\Eclipse_Workspace\Spring\Test\02-Spring-Autowiring\pom.xml.
2025-01-14 13:01:53,405 [Worker-274: Creating elm-spring-boot-blank-archetype] INFO  o.e.m.c.i.e.AbstractTransferListenerAdapter - Downloaded https://repo.spring.io/snapshot/net/unit8/maven/plugins/elm-maven-plugin/0.1.0/elm-maven-plugin-0.1.0.pom
2025-01-14 13:01:53,711 [Worker-274: Creating elm-spring-boot-blank-archetype] INFO  o.e.m.c.i.e.AbstractTransferListenerAdapter - Downloaded https://repo.spring.io/milestone/net/unit8/maven/plugins/elm-maven-plugin/0.1.0/elm-maven-plugin-0.1.0.pom
2025-01-14 13:01:53,745 [Worker-274: Creating elm-spring-boot-blank-archetype] INFO  o.e.m.c.i.e.AbstractTransferListenerAdapter - Downloading https://repo.maven.apache.org/maven2/net/unit8/maven/plugins/elm-maven-plugin/0.1.0/elm-maven-plugin-0.1.0.pom
2025-01-14 13:01:53,754 [Worker-274: Creating elm-spring-boot-blank-archetype] INFO  o.e.m.c.i.e.AbstractTransferListenerAdapter - Downloaded https://repo.maven.apache.org/maven2/net/unit8/maven/plugins/elm-maven-plugin/0.1.0/elm-maven-plugin-0.1.0.pom
2025-01-14 13:01:54,018 [Worker-274: Creating elm-spring-boot-blank-archetype] INFO  o.e.m.c.i.e.AbstractTransferListenerAdapter - Downloaded https://repo.spring.io/snapshot/net/unit8/maven/plugins/elm-maven-plugin/0.1.0/elm-maven-plugin-0.1.0.jar
2025-01-14 13:01:54,326 [Worker-274: Creating elm-spring-boot-blank-archetype] INFO  o.e.m.c.i.e.AbstractTransferListenerAdapter - Downloaded https://repo.spring.io/milestone/net/unit8/maven/plugins/elm-maven-plugin/0.1.0/elm-maven-plugin-0.1.0.jar
2025-01-14 13:01:54,636 [Worker-274: Creating elm-spring-boot-blank-archetype] INFO  o.e.m.c.i.e.AbstractTransferListenerAdapter - Downloading https://repo.maven.apache.org/maven2/net/unit8/maven/plugins/elm-maven-plugin/0.1.0/elm-maven-plugin-0.1.0.jar
2025-01-14 13:01:54,664 [Worker-274: Creating elm-spring-boot-blank-archetype] INFO  o.e.m.c.i.e.AbstractTransferListenerAdapter - Downloaded https://repo.maven.apache.org/maven2/net/unit8/maven/plugins/elm-maven-plugin/0.1.0/elm-maven-plugin-0.1.0.jar
2025-01-14 13:01:54,939 [Worker-274: Creating elm-spring-boot-blank-archetype] INFO  o.e.m.c.i.e.AbstractTransferListenerAdapter - Downloaded https://repo.spring.io/snapshot/org/apache/maven/plugins/maven-clean-plugin/3.1.0/maven-clean-plugin-3.1.0.jar
2025-01-14 13:01:55,180 [Worker-274: Creating elm-spring-boot-blank-archetype] INFO  o.e.m.c.i.e.AbstractTransferListenerAdapter - Downloaded https://repo.spring.io/milestone/org/apache/maven/plugins/maven-clean-plugin/3.1.0/maven-clean-plugin-3.1.0.jar
2025-01-14 13:01:55,213 [Worker-274: Creating elm-spring-boot-blank-archetype] INFO  o.e.m.c.i.e.AbstractTransferListenerAdapter - Downloading https://repo.maven.apache.org/maven2/org/apache/maven/plugins/maven-clean-plugin/3.1.0/maven-clean-plugin-3.1.0.jar
2025-01-14 13:01:55,251 [Worker-274: Creating elm-spring-boot-blank-archetype] INFO  o.e.m.c.i.e.AbstractTransferListenerAdapter - Downloaded https://repo.maven.apache.org/maven2/org/apache/maven/plugins/maven-clean-plugin/3.1.0/maven-clean-plugin-3.1.0.jar
2025-01-14 13:01:55,497 [Worker-274: Creating elm-spring-boot-blank-archetype] INFO  o.e.m.c.i.e.AbstractTransferListenerAdapter - Downloaded https://repo.spring.io/snapshot/org/apache/maven/plugins/maven-resources-plugin/3.1.0/maven-resources-plugin-3.1.0.jar
2025-01-14 13:01:55,759 [Worker-274: Creating elm-spring-boot-blank-archetype] INFO  o.e.m.c.i.e.AbstractTransferListenerAdapter - Downloaded https://repo.spring.io/milestone/org/apache/maven/plugins/maven-resources-plugin/3.1.0/maven-resources-plugin-3.1.0.jar
2025-01-14 13:01:55,800 [Worker-274: Creating elm-spring-boot-blank-archetype] INFO  o.e.m.c.i.e.AbstractTransferListenerAdapter - Downloading https://repo.maven.apache.org/maven2/org/apache/maven/plugins/maven-resources-plugin/3.1.0/maven-resources-plugin-3.1.0.jar
2025-01-14 13:01:55,818 [Worker-274: Creating elm-spring-boot-blank-archetype] INFO  o.e.m.c.i.e.AbstractTransferListenerAdapter - Downloaded https://repo.maven.apache.org/maven2/org/apache/maven/plugins/maven-resources-plugin/3.1.0/maven-resources-plugin-3.1.0.jar
2025-01-14 13:01:56,067 [Worker-274: Creating elm-spring-boot-blank-archetype] INFO  o.e.m.c.i.e.AbstractTransferListenerAdapter - Downloaded https://repo.spring.io/snapshot/org/apache/maven/plugins/maven-compiler-plugin/3.8.1/maven-compiler-plugin-3.8.1.jar
2025-01-14 13:01:56,306 [Worker-274: Creating elm-spring-boot-blank-archetype] INFO  o.e.m.c.i.e.AbstractTransferListenerAdapter - Downloaded https://repo.spring.io/milestone/org/apache/maven/plugins/maven-compiler-plugin/3.8.1/maven-compiler-plugin-3.8.1.jar
2025-01-14 13:01:56,362 [Worker-274: Creating elm-spring-boot-blank-archetype] INFO  o.e.m.c.i.e.AbstractTransferListenerAdapter - Downloading https://repo.maven.apache.org/maven2/org/apache/maven/plugins/maven-compiler-plugin/3.8.1/maven-compiler-plugin-3.8.1.jar
2025-01-14 13:01:56,419 [Worker-274: Creating elm-spring-boot-blank-archetype] INFO  o.e.m.c.i.e.AbstractTransferListenerAdapter - Downloaded https://repo.maven.apache.org/maven2/org/apache/maven/plugins/maven-compiler-plugin/3.8.1/maven-compiler-plugin-3.8.1.jar
2025-01-14 13:01:56,787 [Worker-274: Creating elm-spring-boot-blank-archetype] INFO  o.e.m.c.i.e.AbstractTransferListenerAdapter - Downloaded https://repo.spring.io/snapshot/org/apache/maven/plugins/maven-jar-plugin/3.1.2/maven-jar-plugin-3.1.2.jar
2025-01-14 13:01:57,091 [Worker-274: Creating elm-spring-boot-blank-archetype] INFO  o.e.m.c.i.e.AbstractTransferListenerAdapter - Downloaded https://repo.spring.io/milestone/org/apache/maven/plugins/maven-jar-plugin/3.1.2/maven-jar-plugin-3.1.2.jar
2025-01-14 13:01:57,129 [Worker-274: Creating elm-spring-boot-blank-archetype] INFO  o.e.m.c.i.e.AbstractTransferListenerAdapter - Downloading https://repo.maven.apache.org/maven2/org/apache/maven/plugins/maven-jar-plugin/3.1.2/maven-jar-plugin-3.1.2.jar
2025-01-14 13:01:57,141 [Worker-274: Creating elm-spring-boot-blank-archetype] INFO  o.e.m.c.i.e.AbstractTransferListenerAdapter - Downloaded https://repo.maven.apache.org/maven2/org/apache/maven/plugins/maven-jar-plugin/3.1.2/maven-jar-plugin-3.1.2.jar
2025-01-14 13:01:57,398 [Worker-274: Creating elm-spring-boot-blank-archetype] INFO  o.e.m.c.i.e.AbstractTransferListenerAdapter - Downloaded https://repo.spring.io/snapshot/org/apache/maven/plugins/maven-site-plugin/3.7.1/maven-site-plugin-3.7.1.jar
2025-01-14 13:01:57,704 [Worker-274: Creating elm-spring-boot-blank-archetype] INFO  o.e.m.c.i.e.AbstractTransferListenerAdapter - Downloaded https://repo.spring.io/milestone/org/apache/maven/plugins/maven-site-plugin/3.7.1/maven-site-plugin-3.7.1.jar
2025-01-14 13:01:57,741 [Worker-274: Creating elm-spring-boot-blank-archetype] INFO  o.e.m.c.i.e.AbstractTransferListenerAdapter - Downloading https://repo.maven.apache.org/maven2/org/apache/maven/plugins/maven-site-plugin/3.7.1/maven-site-plugin-3.7.1.jar
2025-01-14 13:01:57,793 [Worker-274: Creating elm-spring-boot-blank-archetype] INFO  o.e.m.c.i.e.AbstractTransferListenerAdapter - Downloaded https://repo.maven.apache.org/maven2/org/apache/maven/plugins/maven-site-plugin/3.7.1/maven-site-plugin-3.7.1.jar
2025-01-14 13:01:58,035 [Worker-274: Creating elm-spring-boot-blank-archetype] INFO  o.e.m.c.i.e.AbstractTransferListenerAdapter - Downloaded https://repo.spring.io/snapshot/org/apache/maven/plugins/maven-compiler-plugin/3.8.1/maven-compiler-plugin-3.8.1.pom
2025-01-14 13:01:58,322 [Worker-274: Creating elm-spring-boot-blank-archetype] INFO  o.e.m.c.i.e.AbstractTransferListenerAdapter - Downloaded https://repo.spring.io/milestone/org/apache/maven/plugins/maven-compiler-plugin/3.8.1/maven-compiler-plugin-3.8.1.pom
2025-01-14 13:01:58,360 [Worker-274: Creating elm-spring-boot-blank-archetype] INFO  o.e.m.c.i.e.AbstractTransferListenerAdapter - Downloading https://repo.maven.apache.org/maven2/org/apache/maven/plugins/maven-compiler-plugin/3.8.1/maven-compiler-plugin-3.8.1.pom
2025-01-14 13:01:58,370 [Worker-274: Creating elm-spring-boot-blank-archetype] INFO  o.e.m.c.i.e.AbstractTransferListenerAdapter - Downloaded https://repo.maven.apache.org/maven2/org/apache/maven/plugins/maven-compiler-plugin/3.8.1/maven-compiler-plugin-3.8.1.pom
2025-01-14 13:01:58,625 [Worker-274: Creating elm-spring-boot-blank-archetype] INFO  o.e.m.c.i.e.AbstractTransferListenerAdapter - Downloaded https://repo.spring.io/snapshot/org/apache/maven/plugins/maven-plugins/33/maven-plugins-33.pom
2025-01-14 13:01:58,934 [Worker-274: Creating elm-spring-boot-blank-archetype] INFO  o.e.m.c.i.e.AbstractTransferListenerAdapter - Downloaded https://repo.spring.io/milestone/org/apache/maven/plugins/maven-plugins/33/maven-plugins-33.pom
2025-01-14 13:01:58,976 [Worker-274: Creating elm-spring-boot-blank-archetype] INFO  o.e.m.c.i.e.AbstractTransferListenerAdapter - Downloading https://repo.maven.apache.org/maven2/org/apache/maven/plugins/maven-plugins/33/maven-plugins-33.pom
2025-01-14 13:01:58,992 [Worker-274: Creating elm-spring-boot-blank-archetype] INFO  o.e.m.c.i.e.AbstractTransferListenerAdapter - Downloaded https://repo.maven.apache.org/maven2/org/apache/maven/plugins/maven-plugins/33/maven-plugins-33.pom
2025-01-14 13:01:59,344 [Worker-274: Creating elm-spring-boot-blank-archetype] INFO  o.e.m.c.i.e.AbstractTransferListenerAdapter - Downloaded https://repo.spring.io/snapshot/org/codehaus/plexus/plexus-component-annotations/1.7.1/plexus-component-annotations-1.7.1.pom
2025-01-14 13:01:59,654 [Worker-274: Creating elm-spring-boot-blank-archetype] INFO  o.e.m.c.i.e.AbstractTransferListenerAdapter - Downloaded https://repo.spring.io/milestone/org/codehaus/plexus/plexus-component-annotations/1.7.1/plexus-component-annotations-1.7.1.pom
2025-01-14 13:01:59,690 [Worker-274: Creating elm-spring-boot-blank-archetype] INFO  o.e.m.c.i.e.AbstractTransferListenerAdapter - Downloading https://repo.maven.apache.org/maven2/org/codehaus/plexus/plexus-component-annotations/1.7.1/plexus-component-annotations-1.7.1.pom
2025-01-14 13:01:59,703 [Worker-274: Creating elm-spring-boot-blank-archetype] INFO  o.e.m.c.i.e.AbstractTransferListenerAdapter - Downloaded https://repo.maven.apache.org/maven2/org/codehaus/plexus/plexus-component-annotations/1.7.1/plexus-component-annotations-1.7.1.pom
2025-01-14 13:01:59,958 [Worker-274: Creating elm-spring-boot-blank-archetype] INFO  o.e.m.c.i.e.AbstractTransferListenerAdapter - Downloaded https://repo.spring.io/snapshot/org/codehaus/plexus/plexus-containers/1.7.1/plexus-containers-1.7.1.pom
2025-01-14 13:02:00,265 [Worker-274: Creating elm-spring-boot-blank-archetype] INFO  o.e.m.c.i.e.AbstractTransferListenerAdapter - Downloaded https://repo.spring.io/milestone/org/codehaus/plexus/plexus-containers/1.7.1/plexus-containers-1.7.1.pom
2025-01-14 13:02:00,287 [Worker-274: Creating elm-spring-boot-blank-archetype] INFO  o.e.m.c.i.e.AbstractTransferListenerAdapter - Downloading https://repo.maven.apache.org/maven2/org/codehaus/plexus/plexus-containers/1.7.1/plexus-containers-1.7.1.pom
2025-01-14 13:02:00,300 [Worker-274: Creating elm-spring-boot-blank-archetype] INFO  o.e.m.c.i.e.AbstractTransferListenerAdapter - Downloaded https://repo.maven.apache.org/maven2/org/codehaus/plexus/plexus-containers/1.7.1/plexus-containers-1.7.1.pom
2025-01-14 13:02:00,675 [Worker-274: Creating elm-spring-boot-blank-archetype] INFO  o.e.m.c.i.e.AbstractTransferListenerAdapter - Downloaded https://repo.spring.io/snapshot/org/apache/maven/shared/maven-shared-utils/3.2.1/maven-shared-utils-3.2.1.pom
2025-01-14 13:02:00,942 [Worker-274: Creating elm-spring-boot-blank-archetype] INFO  o.e.m.c.i.e.AbstractTransferListenerAdapter - Downloaded https://repo.spring.io/milestone/org/apache/maven/shared/maven-shared-utils/3.2.1/maven-shared-utils-3.2.1.pom
2025-01-14 13:02:00,977 [Worker-274: Creating elm-spring-boot-blank-archetype] INFO  o.e.m.c.i.e.AbstractTransferListenerAdapter - Downloading https://repo.maven.apache.org/maven2/org/apache/maven/shared/maven-shared-utils/3.2.1/maven-shared-utils-3.2.1.pom
2025-01-14 13:02:00,989 [Worker-274: Creating elm-spring-boot-blank-archetype] INFO  o.e.m.c.i.e.AbstractTransferListenerAdapter - Downloaded https://repo.maven.apache.org/maven2/org/apache/maven/shared/maven-shared-utils/3.2.1/maven-shared-utils-3.2.1.pom
2025-01-14 13:02:01,390 [Worker-274: Creating elm-spring-boot-blank-archetype] INFO  o.e.m.c.i.e.AbstractTransferListenerAdapter - Downloaded https://repo.spring.io/snapshot/org/codehaus/plexus/plexus-java/0.9.10/plexus-java-0.9.10.pom
2025-01-14 13:02:01,698 [Worker-274: Creating elm-spring-boot-blank-archetype] INFO  o.e.m.c.i.e.AbstractTransferListenerAdapter - Downloaded https://repo.spring.io/milestone/org/codehaus/plexus/plexus-java/0.9.10/plexus-java-0.9.10.pom
2025-01-14 13:02:01,730 [Worker-274: Creating elm-spring-boot-blank-archetype] INFO  o.e.m.c.i.e.AbstractTransferListenerAdapter - Downloading https://repo.maven.apache.org/maven2/org/codehaus/plexus/plexus-java/0.9.10/plexus-java-0.9.10.pom
2025-01-14 13:02:01,742 [Worker-274: Creating elm-spring-boot-blank-archetype] INFO  o.e.m.c.i.e.AbstractTransferListenerAdapter - Downloaded https://repo.maven.apache.org/maven2/org/codehaus/plexus/plexus-java/0.9.10/plexus-java-0.9.10.pom
2025-01-14 13:02:01,981 [Worker-274: Creating elm-spring-boot-blank-archetype] INFO  o.e.m.c.i.e.AbstractTransferListenerAdapter - Downloaded https://repo.spring.io/snapshot/org/codehaus/plexus/plexus-languages/0.9.10/plexus-languages-0.9.10.pom
2025-01-14 13:02:02,313 [Worker-274: Creating elm-spring-boot-blank-archetype] INFO  o.e.m.c.i.e.AbstractTransferListenerAdapter - Downloaded https://repo.spring.io/milestone/org/codehaus/plexus/plexus-languages/0.9.10/plexus-languages-0.9.10.pom
2025-01-14 13:02:02,341 [Worker-274: Creating elm-spring-boot-blank-archetype] INFO  o.e.m.c.i.e.AbstractTransferListenerAdapter - Downloading https://repo.maven.apache.org/maven2/org/codehaus/plexus/plexus-languages/0.9.10/plexus-languages-0.9.10.pom
2025-01-14 13:02:02,352 [Worker-274: Creating elm-spring-boot-blank-archetype] INFO  o.e.m.c.i.e.AbstractTransferListenerAdapter - Downloaded https://repo.maven.apache.org/maven2/org/codehaus/plexus/plexus-languages/0.9.10/plexus-languages-0.9.10.pom
2025-01-14 13:02:02,619 [Worker-274: Creating elm-spring-boot-blank-archetype] INFO  o.e.m.c.i.e.AbstractTransferListenerAdapter - Downloaded https://repo.spring.io/snapshot/org/ow2/asm/asm/6.2/asm-6.2.pom
2025-01-14 13:02:02,926 [Worker-274: Creating elm-spring-boot-blank-archetype] INFO  o.e.m.c.i.e.AbstractTransferListenerAdapter - Downloaded https://repo.spring.io/milestone/org/ow2/asm/asm/6.2/asm-6.2.pom
2025-01-14 13:02:02,954 [Worker-274: Creating elm-spring-boot-blank-archetype] INFO  o.e.m.c.i.e.AbstractTransferListenerAdapter - Downloading https://repo.maven.apache.org/maven2/org/ow2/asm/asm/6.2/asm-6.2.pom
2025-01-14 13:02:02,971 [Worker-274: Creating elm-spring-boot-blank-archetype] INFO  o.e.m.c.i.e.AbstractTransferListenerAdapter - Downloaded https://repo.maven.apache.org/maven2/org/ow2/asm/asm/6.2/asm-6.2.pom
2025-01-14 13:02:03,237 [Worker-274: Creating elm-spring-boot-blank-archetype] INFO  o.e.m.c.i.e.AbstractTransferListenerAdapter - Downloaded https://repo.spring.io/snapshot/com/thoughtworks/qdox/qdox/2.0-M9/qdox-2.0-M9.pom
2025-01-14 13:02:03,540 [Worker-274: Creating elm-spring-boot-blank-archetype] INFO  o.e.m.c.i.e.AbstractTransferListenerAdapter - Downloaded https://repo.spring.io/milestone/com/thoughtworks/qdox/qdox/2.0-M9/qdox-2.0-M9.pom
2025-01-14 13:02:03,569 [Worker-274: Creating elm-spring-boot-blank-archetype] INFO  o.e.m.c.i.e.AbstractTransferListenerAdapter - Downloading https://repo.maven.apache.org/maven2/com/thoughtworks/qdox/qdox/2.0-M9/qdox-2.0-M9.pom
2025-01-14 13:02:03,583 [Worker-274: Creating elm-spring-boot-blank-archetype] INFO  o.e.m.c.i.e.AbstractTransferListenerAdapter - Downloaded https://repo.maven.apache.org/maven2/com/thoughtworks/qdox/qdox/2.0-M9/qdox-2.0-M9.pom
2025-01-14 13:02:03,849 [Worker-274: Creating elm-spring-boot-blank-archetype] INFO  o.e.m.c.i.e.AbstractTransferListenerAdapter - Downloaded https://repo.spring.io/snapshot/org/codehaus/plexus/plexus-compiler-api/2.8.4/plexus-compiler-api-2.8.4.pom
2025-01-14 13:02:04,155 [Worker-274: Creating elm-spring-boot-blank-archetype] INFO  o.e.m.c.i.e.AbstractTransferListenerAdapter - Downloaded https://repo.spring.io/milestone/org/codehaus/plexus/plexus-compiler-api/2.8.4/plexus-compiler-api-2.8.4.pom
2025-01-14 13:02:04,191 [Worker-274: Creating elm-spring-boot-blank-archetype] INFO  o.e.m.c.i.e.AbstractTransferListenerAdapter - Downloading https://repo.maven.apache.org/maven2/org/codehaus/plexus/plexus-compiler-api/2.8.4/plexus-compiler-api-2.8.4.pom
2025-01-14 13:02:04,206 [Worker-274: Creating elm-spring-boot-blank-archetype] INFO  o.e.m.c.i.e.AbstractTransferListenerAdapter - Downloaded https://repo.maven.apache.org/maven2/org/codehaus/plexus/plexus-compiler-api/2.8.4/plexus-compiler-api-2.8.4.pom
2025-01-14 13:02:04,467 [Worker-274: Creating elm-spring-boot-blank-archetype] INFO  o.e.m.c.i.e.AbstractTransferListenerAdapter - Downloaded https://repo.spring.io/snapshot/org/codehaus/plexus/plexus-compiler/2.8.4/plexus-compiler-2.8.4.pom
2025-01-14 13:02:04,723 [Worker-274: Creating elm-spring-boot-blank-archetype] INFO  o.e.m.c.i.e.AbstractTransferListenerAdapter - Downloaded https://repo.spring.io/milestone/org/codehaus/plexus/plexus-compiler/2.8.4/plexus-compiler-2.8.4.pom
2025-01-14 13:02:04,745 [Worker-274: Creating elm-spring-boot-blank-archetype] INFO  o.e.m.c.i.e.AbstractTransferListenerAdapter - Downloading https://repo.maven.apache.org/maven2/org/codehaus/plexus/plexus-compiler/2.8.4/plexus-compiler-2.8.4.pom
2025-01-14 13:02:04,761 [Worker-274: Creating elm-spring-boot-blank-archetype] INFO  o.e.m.c.i.e.AbstractTransferListenerAdapter - Downloaded https://repo.maven.apache.org/maven2/org/codehaus/plexus/plexus-compiler/2.8.4/plexus-compiler-2.8.4.pom
2025-01-14 13:02:05,077 [Worker-274: Creating elm-spring-boot-blank-archetype] INFO  o.e.m.c.i.e.AbstractTransferListenerAdapter - Downloaded https://repo.spring.io/snapshot/org/codehaus/plexus/plexus-compiler-manager/2.8.4/plexus-compiler-manager-2.8.4.pom
2025-01-14 13:02:05,386 [Worker-274: Creating elm-spring-boot-blank-archetype] INFO  o.e.m.c.i.e.AbstractTransferListenerAdapter - Downloaded https://repo.spring.io/milestone/org/codehaus/plexus/plexus-compiler-manager/2.8.4/plexus-compiler-manager-2.8.4.pom
2025-01-14 13:02:05,421 [Worker-274: Creating elm-spring-boot-blank-archetype] INFO  o.e.m.c.i.e.AbstractTransferListenerAdapter - Downloading https://repo.maven.apache.org/maven2/org/codehaus/plexus/plexus-compiler-manager/2.8.4/plexus-compiler-manager-2.8.4.pom
2025-01-14 13:02:05,432 [Worker-274: Creating elm-spring-boot-blank-archetype] INFO  o.e.m.c.i.e.AbstractTransferListenerAdapter - Downloaded https://repo.maven.apache.org/maven2/org/codehaus/plexus/plexus-compiler-manager/2.8.4/plexus-compiler-manager-2.8.4.pom
2025-01-14 13:02:05,691 [Worker-274: Creating elm-spring-boot-blank-archetype] INFO  o.e.m.c.i.e.AbstractTransferListenerAdapter - Downloaded https://repo.spring.io/snapshot/org/codehaus/plexus/plexus-compiler-javac/2.8.4/plexus-compiler-javac-2.8.4.pom
2025-01-14 13:02:06,000 [Worker-274: Creating elm-spring-boot-blank-archetype] INFO  o.e.m.c.i.e.AbstractTransferListenerAdapter - Downloaded https://repo.spring.io/milestone/org/codehaus/plexus/plexus-compiler-javac/2.8.4/plexus-compiler-javac-2.8.4.pom
2025-01-14 13:02:06,039 [Worker-274: Creating elm-spring-boot-blank-archetype] INFO  o.e.m.c.i.e.AbstractTransferListenerAdapter - Downloading https://repo.maven.apache.org/maven2/org/codehaus/plexus/plexus-compiler-javac/2.8.4/plexus-compiler-javac-2.8.4.pom
2025-01-14 13:02:06,050 [Worker-274: Creating elm-spring-boot-blank-archetype] INFO  o.e.m.c.i.e.AbstractTransferListenerAdapter - Downloaded https://repo.maven.apache.org/maven2/org/codehaus/plexus/plexus-compiler-javac/2.8.4/plexus-compiler-javac-2.8.4.pom
2025-01-14 13:02:06,293 [Worker-274: Creating elm-spring-boot-blank-archetype] INFO  o.e.m.c.i.e.AbstractTransferListenerAdapter - Downloaded https://repo.spring.io/snapshot/org/codehaus/plexus/plexus-compilers/2.8.4/plexus-compilers-2.8.4.pom
2025-01-14 13:02:06,619 [Worker-274: Creating elm-spring-boot-blank-archetype] INFO  o.e.m.c.i.e.AbstractTransferListenerAdapter - Downloaded https://repo.spring.io/milestone/org/codehaus/plexus/plexus-compilers/2.8.4/plexus-compilers-2.8.4.pom
2025-01-14 13:02:06,656 [Worker-274: Creating elm-spring-boot-blank-archetype] INFO  o.e.m.c.i.e.AbstractTransferListenerAdapter - Downloading https://repo.maven.apache.org/maven2/org/codehaus/plexus/plexus-compilers/2.8.4/plexus-compilers-2.8.4.pom
2025-01-14 13:02:06,671 [Worker-274: Creating elm-spring-boot-blank-archetype] INFO  o.e.m.c.i.e.AbstractTransferListenerAdapter - Downloaded https://repo.maven.apache.org/maven2/org/codehaus/plexus/plexus-compilers/2.8.4/plexus-compilers-2.8.4.pom
2025-01-14 13:02:06,960 [Worker-274: Creating elm-spring-boot-blank-archetype] INFO  o.e.m.c.i.e.AbstractTransferListenerAdapter - Downloaded https://repo.spring.io/snapshot/org/codehaus/plexus/plexus-component-annotations/1.7.1/plexus-component-annotations-1.7.1.jar
2025-01-14 13:02:07,228 [BasicRepositoryConnector-repo.spring.io-2-0] INFO  o.e.m.c.i.e.AbstractTransferListenerAdapter - Downloaded https://repo.spring.io/snapshot/org/apache/maven/shared/maven-shared-utils/3.2.1/maven-shared-utils-3.2.1.jar
2025-01-14 13:02:07,541 [BasicRepositoryConnector-repo.spring.io-2-0] INFO  o.e.m.c.i.e.AbstractTransferListenerAdapter - Downloaded https://repo.spring.io/snapshot/org/codehaus/plexus/plexus-compiler-manager/2.8.4/plexus-compiler-manager-2.8.4.jar
2025-01-14 13:02:07,842 [BasicRepositoryConnector-repo.spring.io-2-4] INFO  o.e.m.c.i.e.AbstractTransferListenerAdapter - Downloaded https://repo.spring.io/snapshot/org/codehaus/plexus/plexus-compiler-api/2.8.4/plexus-compiler-api-2.8.4.jar
2025-01-14 13:02:07,842 [BasicRepositoryConnector-repo.spring.io-2-0] INFO  o.e.m.c.i.e.AbstractTransferListenerAdapter - Downloaded https://repo.spring.io/snapshot/org/codehaus/plexus/plexus-compiler-javac/2.8.4/plexus-compiler-javac-2.8.4.jar
2025-01-14 13:02:07,843 [BasicRepositoryConnector-repo.spring.io-2-1] INFO  o.e.m.c.i.e.AbstractTransferListenerAdapter - Downloaded https://repo.spring.io/snapshot/org/codehaus/plexus/plexus-java/0.9.10/plexus-java-0.9.10.jar
2025-01-14 13:02:07,843 [BasicRepositoryConnector-repo.spring.io-2-3] INFO  o.e.m.c.i.e.AbstractTransferListenerAdapter - Downloaded https://repo.spring.io/snapshot/com/thoughtworks/qdox/qdox/2.0-M9/qdox-2.0-M9.jar
2025-01-14 13:02:08,149 [BasicRepositoryConnector-repo.spring.io-2-2] INFO  o.e.m.c.i.e.AbstractTransferListenerAdapter - Downloaded https://repo.spring.io/snapshot/org/ow2/asm/asm/6.2/asm-6.2.jar
2025-01-14 13:02:08,462 [Worker-274: Creating elm-spring-boot-blank-archetype] INFO  o.e.m.c.i.e.AbstractTransferListenerAdapter - Downloaded https://repo.spring.io/milestone/org/codehaus/plexus/plexus-component-annotations/1.7.1/plexus-component-annotations-1.7.1.jar
2025-01-14 13:02:08,689 [BasicRepositoryConnector-repo.spring.io-3-2] INFO  o.e.m.c.i.e.AbstractTransferListenerAdapter - Downloaded https://repo.spring.io/milestone/org/ow2/asm/asm/6.2/asm-6.2.jar
2025-01-14 13:02:08,693 [BasicRepositoryConnector-repo.spring.io-3-0] INFO  o.e.m.c.i.e.AbstractTransferListenerAdapter - Downloaded https://repo.spring.io/milestone/org/apache/maven/shared/maven-shared-utils/3.2.1/maven-shared-utils-3.2.1.jar
2025-01-14 13:02:08,699 [BasicRepositoryConnector-repo.spring.io-3-1] INFO  o.e.m.c.i.e.AbstractTransferListenerAdapter - Downloaded https://repo.spring.io/milestone/org/codehaus/plexus/plexus-java/0.9.10/plexus-java-0.9.10.jar
2025-01-14 13:02:08,700 [BasicRepositoryConnector-repo.spring.io-3-4] INFO  o.e.m.c.i.e.AbstractTransferListenerAdapter - Downloaded https://repo.spring.io/milestone/org/codehaus/plexus/plexus-compiler-api/2.8.4/plexus-compiler-api-2.8.4.jar
2025-01-14 13:02:08,703 [BasicRepositoryConnector-repo.spring.io-3-3] INFO  o.e.m.c.i.e.AbstractTransferListenerAdapter - Downloaded https://repo.spring.io/milestone/com/thoughtworks/qdox/qdox/2.0-M9/qdox-2.0-M9.jar
2025-01-14 13:02:08,970 [BasicRepositoryConnector-repo.spring.io-3-2] INFO  o.e.m.c.i.e.AbstractTransferListenerAdapter - Downloaded https://repo.spring.io/milestone/org/codehaus/plexus/plexus-compiler-manager/2.8.4/plexus-compiler-manager-2.8.4.jar
2025-01-14 13:02:08,970 [BasicRepositoryConnector-repo.spring.io-3-0] INFO  o.e.m.c.i.e.AbstractTransferListenerAdapter - Downloaded https://repo.spring.io/milestone/org/codehaus/plexus/plexus-compiler-javac/2.8.4/plexus-compiler-javac-2.8.4.jar
2025-01-14 13:02:09,029 [Worker-274: Creating elm-spring-boot-blank-archetype] INFO  o.e.m.c.i.e.AbstractTransferListenerAdapter - Downloading https://repo.maven.apache.org/maven2/org/codehaus/plexus/plexus-component-annotations/1.7.1/plexus-component-annotations-1.7.1.jar
2025-01-14 13:02:09,038 [Worker-274: Creating elm-spring-boot-blank-archetype] INFO  o.e.m.c.i.e.AbstractTransferListenerAdapter - Downloaded https://repo.maven.apache.org/maven2/org/codehaus/plexus/plexus-component-annotations/1.7.1/plexus-component-annotations-1.7.1.jar
2025-01-14 13:02:09,056 [BasicRepositoryConnector-repo.maven.apache.org-4-2] INFO  o.e.m.c.i.e.AbstractTransferListenerAdapter - Downloading https://repo.maven.apache.org/maven2/org/ow2/asm/asm/6.2/asm-6.2.jar
2025-01-14 13:02:09,091 [BasicRepositoryConnector-repo.maven.apache.org-4-0] INFO  o.e.m.c.i.e.AbstractTransferListenerAdapter - Downloading https://repo.maven.apache.org/maven2/org/apache/maven/shared/maven-shared-utils/3.2.1/maven-shared-utils-3.2.1.jar
2025-01-14 13:02:09,097 [BasicRepositoryConnector-repo.maven.apache.org-4-4] INFO  o.e.m.c.i.e.AbstractTransferListenerAdapter - Downloading https://repo.maven.apache.org/maven2/org/codehaus/plexus/plexus-compiler-api/2.8.4/plexus-compiler-api-2.8.4.jar
2025-01-14 13:02:09,098 [BasicRepositoryConnector-repo.maven.apache.org-4-1] INFO  o.e.m.c.i.e.AbstractTransferListenerAdapter - Downloading https://repo.maven.apache.org/maven2/org/codehaus/plexus/plexus-java/0.9.10/plexus-java-0.9.10.jar
2025-01-14 13:02:09,101 [BasicRepositoryConnector-repo.maven.apache.org-4-2] INFO  o.e.m.c.i.e.AbstractTransferListenerAdapter - Downloaded https://repo.maven.apache.org/maven2/org/ow2/asm/asm/6.2/asm-6.2.jar
2025-01-14 13:02:09,104 [BasicRepositoryConnector-repo.maven.apache.org-4-3] INFO  o.e.m.c.i.e.AbstractTransferListenerAdapter - Downloading https://repo.maven.apache.org/maven2/com/thoughtworks/qdox/qdox/2.0-M9/qdox-2.0-M9.jar
2025-01-14 13:02:09,110 [BasicRepositoryConnector-repo.maven.apache.org-4-4] INFO  o.e.m.c.i.e.AbstractTransferListenerAdapter - Downloaded https://repo.maven.apache.org/maven2/org/codehaus/plexus/plexus-compiler-api/2.8.4/plexus-compiler-api-2.8.4.jar
2025-01-14 13:02:09,113 [BasicRepositoryConnector-repo.maven.apache.org-4-1] INFO  o.e.m.c.i.e.AbstractTransferListenerAdapter - Downloaded https://repo.maven.apache.org/maven2/org/codehaus/plexus/plexus-java/0.9.10/plexus-java-0.9.10.jar
2025-01-14 13:02:09,119 [BasicRepositoryConnector-repo.maven.apache.org-4-2] INFO  o.e.m.c.i.e.AbstractTransferListenerAdapter - Downloading https://repo.maven.apache.org/maven2/org/codehaus/plexus/plexus-compiler-manager/2.8.4/plexus-compiler-manager-2.8.4.jar
2025-01-14 13:02:09,127 [BasicRepositoryConnector-repo.maven.apache.org-4-4] INFO  o.e.m.c.i.e.AbstractTransferListenerAdapter - Downloading https://repo.maven.apache.org/maven2/org/codehaus/plexus/plexus-compiler-javac/2.8.4/plexus-compiler-javac-2.8.4.jar
2025-01-14 13:02:09,130 [BasicRepositoryConnector-repo.maven.apache.org-4-2] INFO  o.e.m.c.i.e.AbstractTransferListenerAdapter - Downloaded https://repo.maven.apache.org/maven2/org/codehaus/plexus/plexus-compiler-manager/2.8.4/plexus-compiler-manager-2.8.4.jar
2025-01-14 13:02:09,140 [BasicRepositoryConnector-repo.maven.apache.org-4-4] INFO  o.e.m.c.i.e.AbstractTransferListenerAdapter - Downloaded https://repo.maven.apache.org/maven2/org/codehaus/plexus/plexus-compiler-javac/2.8.4/plexus-compiler-javac-2.8.4.jar
2025-01-14 13:02:09,146 [BasicRepositoryConnector-repo.maven.apache.org-4-0] INFO  o.e.m.c.i.e.AbstractTransferListenerAdapter - Downloaded https://repo.maven.apache.org/maven2/org/apache/maven/shared/maven-shared-utils/3.2.1/maven-shared-utils-3.2.1.jar
2025-01-14 13:02:09,169 [BasicRepositoryConnector-repo.maven.apache.org-4-3] INFO  o.e.m.c.i.e.AbstractTransferListenerAdapter - Downloaded https://repo.maven.apache.org/maven2/com/thoughtworks/qdox/qdox/2.0-M9/qdox-2.0-M9.jar
2025-01-14 13:02:09,275 [Worker-274: Creating elm-spring-boot-blank-archetype] INFO  o.e.m.c.i.l.LifecycleMappingFactory - Using org.eclipse.m2e.jdt.JarLifecycleMapping lifecycle mapping for MavenProject: com.in.akshay:02-Spring-Autowiring-frontend:0.0.1-SNAPSHOT @ C:\Users\surajendra\Work_Requests\Eclipse_Workspace\Spring\Test\02-Spring-Autowiring\02-Spring-Autowiring-frontend\pom.xml.
2025-01-14 13:02:09,587 [Worker-274: Creating elm-spring-boot-blank-archetype] INFO  o.e.m.c.i.e.AbstractTransferListenerAdapter - Downloaded https://repo.spring.io/snapshot/org/springframework/boot/spring-boot-maven-plugin/2.2.0.M5/spring-boot-maven-plugin-2.2.0.M5.pom
2025-01-14 13:02:10,003 [Worker-274: Creating elm-spring-boot-blank-archetype] INFO  o.e.m.c.i.e.AbstractTransferListenerAdapter - Downloading https://repo.spring.io/milestone/org/springframework/boot/spring-boot-maven-plugin/2.2.0.M5/spring-boot-maven-plugin-2.2.0.M5.pom
2025-01-14 13:02:10,021 [Worker-274: Creating elm-spring-boot-blank-archetype] INFO  o.e.m.c.i.e.AbstractTransferListenerAdapter - Downloaded https://repo.spring.io/milestone/org/springframework/boot/spring-boot-maven-plugin/2.2.0.M5/spring-boot-maven-plugin-2.2.0.M5.pom
2025-01-14 13:02:10,263 [Worker-274: Creating elm-spring-boot-blank-archetype] INFO  o.e.m.c.i.e.AbstractTransferListenerAdapter - Downloaded https://repo.spring.io/snapshot/org/springframework/boot/spring-boot-tools/2.2.0.M5/spring-boot-tools-2.2.0.M5.pom
2025-01-14 13:02:10,513 [Worker-274: Creating elm-spring-boot-blank-archetype] INFO  o.e.m.c.i.e.AbstractTransferListenerAdapter - Downloading https://repo.spring.io/milestone/org/springframework/boot/spring-boot-tools/2.2.0.M5/spring-boot-tools-2.2.0.M5.pom
2025-01-14 13:02:10,529 [Worker-274: Creating elm-spring-boot-blank-archetype] INFO  o.e.m.c.i.e.AbstractTransferListenerAdapter - Downloaded https://repo.spring.io/milestone/org/springframework/boot/spring-boot-tools/2.2.0.M5/spring-boot-tools-2.2.0.M5.pom
2025-01-14 13:02:10,813 [Worker-274: Creating elm-spring-boot-blank-archetype] INFO  o.e.m.c.i.e.AbstractTransferListenerAdapter - Downloaded https://repo.spring.io/snapshot/org/springframework/boot/spring-boot-parent/2.2.0.M5/spring-boot-parent-2.2.0.M5.pom
2025-01-14 13:02:11,089 [Worker-274: Creating elm-spring-boot-blank-archetype] INFO  o.e.m.c.i.e.AbstractTransferListenerAdapter - Downloading https://repo.spring.io/milestone/org/springframework/boot/spring-boot-parent/2.2.0.M5/spring-boot-parent-2.2.0.M5.pom
2025-01-14 13:02:11,099 [Worker-274: Creating elm-spring-boot-blank-archetype] INFO  o.e.m.c.i.e.AbstractTransferListenerAdapter - Downloaded https://repo.spring.io/milestone/org/springframework/boot/spring-boot-parent/2.2.0.M5/spring-boot-parent-2.2.0.M5.pom
2025-01-14 13:02:11,425 [Worker-274: Creating elm-spring-boot-blank-archetype] INFO  o.e.m.c.i.e.AbstractTransferListenerAdapter - Downloaded https://repo.spring.io/snapshot/org/springframework/boot/spring-boot-maven-plugin/2.2.0.M5/spring-boot-maven-plugin-2.2.0.M5.jar
2025-01-14 13:02:11,739 [Worker-274: Creating elm-spring-boot-blank-archetype] INFO  o.e.m.c.i.e.AbstractTransferListenerAdapter - Downloading https://repo.spring.io/milestone/org/springframework/boot/spring-boot-maven-plugin/2.2.0.M5/spring-boot-maven-plugin-2.2.0.M5.jar
2025-01-14 13:02:12,385 [Worker-274: Creating elm-spring-boot-blank-archetype] INFO  o.e.m.c.i.e.AbstractTransferListenerAdapter - Downloaded https://repo.spring.io/milestone/org/springframework/boot/spring-boot-maven-plugin/2.2.0.M5/spring-boot-maven-plugin-2.2.0.M5.jar
2025-01-14 13:02:12,439 [Worker-274: Creating elm-spring-boot-blank-archetype] INFO  o.e.m.c.i.l.LifecycleMappingFactory - Using org.eclipse.m2e.jdt.JarLifecycleMapping lifecycle mapping for MavenProject: com.in.akshay:02-Spring-Autowiring-backend:0.0.1-SNAPSHOT @ C:\Users\surajendra\Work_Requests\Eclipse_Workspace\Spring\Test\02-Spring-Autowiring\02-Spring-Autowiring-backend\pom.xml.
2025-01-14 13:02:12,680 [Worker-274: Creating elm-spring-boot-blank-archetype] INFO  o.e.m.c.i.e.AbstractTransferListenerAdapter - Downloaded https://repo.spring.io/snapshot/org/springframework/boot/spring-boot-starter-webflux/2.2.0.M5/spring-boot-starter-webflux-2.2.0.M5.pom
2025-01-14 13:02:12,974 [Worker-274: Creating elm-spring-boot-blank-archetype] INFO  o.e.m.c.i.e.AbstractTransferListenerAdapter - Downloading https://repo.spring.io/milestone/org/springframework/boot/spring-boot-starter-webflux/2.2.0.M5/spring-boot-starter-webflux-2.2.0.M5.pom
2025-01-14 13:02:12,984 [Worker-274: Creating elm-spring-boot-blank-archetype] INFO  o.e.m.c.i.e.AbstractTransferListenerAdapter - Downloaded https://repo.spring.io/milestone/org/springframework/boot/spring-boot-starter-webflux/2.2.0.M5/spring-boot-starter-webflux-2.2.0.M5.pom
2025-01-14 13:02:13,255 [Worker-274: Creating elm-spring-boot-blank-archetype] INFO  o.e.m.c.i.e.AbstractTransferListenerAdapter - Downloaded https://repo.spring.io/snapshot/org/springframework/boot/spring-boot-starters/2.2.0.M5/spring-boot-starters-2.2.0.M5.pom
2025-01-14 13:02:13,579 [Worker-274: Creating elm-spring-boot-blank-archetype] INFO  o.e.m.c.i.e.AbstractTransferListenerAdapter - Downloading https://repo.spring.io/milestone/org/springframework/boot/spring-boot-starters/2.2.0.M5/spring-boot-starters-2.2.0.M5.pom
2025-01-14 13:02:13,598 [Worker-274: Creating elm-spring-boot-blank-archetype] INFO  o.e.m.c.i.e.AbstractTransferListenerAdapter - Downloaded https://repo.spring.io/milestone/org/springframework/boot/spring-boot-starters/2.2.0.M5/spring-boot-starters-2.2.0.M5.pom
2025-01-14 13:02:13,834 [Worker-274: Creating elm-spring-boot-blank-archetype] INFO  o.e.m.c.i.e.AbstractTransferListenerAdapter - Downloaded https://repo.spring.io/snapshot/org/springframework/boot/spring-boot-starter/2.2.0.M5/spring-boot-starter-2.2.0.M5.pom
2025-01-14 13:02:14,103 [Worker-274: Creating elm-spring-boot-blank-archetype] INFO  o.e.m.c.i.e.AbstractTransferListenerAdapter - Downloading https://repo.spring.io/milestone/org/springframework/boot/spring-boot-starter/2.2.0.M5/spring-boot-starter-2.2.0.M5.pom
2025-01-14 13:02:14,118 [Worker-274: Creating elm-spring-boot-blank-archetype] INFO  o.e.m.c.i.e.AbstractTransferListenerAdapter - Downloaded https://repo.spring.io/milestone/org/springframework/boot/spring-boot-starter/2.2.0.M5/spring-boot-starter-2.2.0.M5.pom
2025-01-14 13:02:14,394 [Worker-274: Creating elm-spring-boot-blank-archetype] INFO  o.e.m.c.i.e.AbstractTransferListenerAdapter - Downloaded https://repo.spring.io/snapshot/org/springframework/boot/spring-boot/2.2.0.M5/spring-boot-2.2.0.M5.pom
2025-01-14 13:02:14,714 [Worker-274: Creating elm-spring-boot-blank-archetype] INFO  o.e.m.c.i.e.AbstractTransferListenerAdapter - Downloading https://repo.spring.io/milestone/org/springframework/boot/spring-boot/2.2.0.M5/spring-boot-2.2.0.M5.pom
2025-01-14 13:02:14,734 [Worker-274: Creating elm-spring-boot-blank-archetype] INFO  o.e.m.c.i.e.AbstractTransferListenerAdapter - Downloaded https://repo.spring.io/milestone/org/springframework/boot/spring-boot/2.2.0.M5/spring-boot-2.2.0.M5.pom
2025-01-14 13:02:15,010 [Worker-274: Creating elm-spring-boot-blank-archetype] INFO  o.e.m.c.i.e.AbstractTransferListenerAdapter - Downloaded https://repo.spring.io/snapshot/org/springframework/spring-core/5.2.0.RC1/spring-core-5.2.0.RC1.pom
2025-01-14 13:02:15,322 [Worker-274: Creating elm-spring-boot-blank-archetype] INFO  o.e.m.c.i.e.AbstractTransferListenerAdapter - Downloading https://repo.spring.io/milestone/org/springframework/spring-core/5.2.0.RC1/spring-core-5.2.0.RC1.pom
2025-01-14 13:02:15,337 [Worker-274: Creating elm-spring-boot-blank-archetype] INFO  o.e.m.c.i.e.AbstractTransferListenerAdapter - Downloaded https://repo.spring.io/milestone/org/springframework/spring-core/5.2.0.RC1/spring-core-5.2.0.RC1.pom
2025-01-14 13:02:15,624 [Worker-274: Creating elm-spring-boot-blank-archetype] INFO  o.e.m.c.i.e.AbstractTransferListenerAdapter - Downloaded https://repo.spring.io/snapshot/org/springframework/spring-jcl/5.2.0.RC1/spring-jcl-5.2.0.RC1.pom
2025-01-14 13:02:15,947 [Worker-274: Creating elm-spring-boot-blank-archetype] INFO  o.e.m.c.i.e.AbstractTransferListenerAdapter - Downloading https://repo.spring.io/milestone/org/springframework/spring-jcl/5.2.0.RC1/spring-jcl-5.2.0.RC1.pom
2025-01-14 13:02:15,957 [Worker-274: Creating elm-spring-boot-blank-archetype] INFO  o.e.m.c.i.e.AbstractTransferListenerAdapter - Downloaded https://repo.spring.io/milestone/org/springframework/spring-jcl/5.2.0.RC1/spring-jcl-5.2.0.RC1.pom
2025-01-14 13:02:16,200 [Worker-274: Creating elm-spring-boot-blank-archetype] INFO  o.e.m.c.i.e.AbstractTransferListenerAdapter - Downloaded https://repo.spring.io/snapshot/org/springframework/spring-context/5.2.0.RC1/spring-context-5.2.0.RC1.pom
2025-01-14 13:02:16,457 [Worker-274: Creating elm-spring-boot-blank-archetype] INFO  o.e.m.c.i.e.AbstractTransferListenerAdapter - Downloading https://repo.spring.io/milestone/org/springframework/spring-context/5.2.0.RC1/spring-context-5.2.0.RC1.pom
2025-01-14 13:02:16,468 [Worker-274: Creating elm-spring-boot-blank-archetype] INFO  o.e.m.c.i.e.AbstractTransferListenerAdapter - Downloaded https://repo.spring.io/milestone/org/springframework/spring-context/5.2.0.RC1/spring-context-5.2.0.RC1.pom
2025-01-14 13:02:16,753 [Worker-274: Creating elm-spring-boot-blank-archetype] INFO  o.e.m.c.i.e.AbstractTransferListenerAdapter - Downloaded https://repo.spring.io/snapshot/org/springframework/spring-aop/5.2.0.RC1/spring-aop-5.2.0.RC1.pom
2025-01-14 13:02:17,071 [Worker-274: Creating elm-spring-boot-blank-archetype] INFO  o.e.m.c.i.e.AbstractTransferListenerAdapter - Downloading https://repo.spring.io/milestone/org/springframework/spring-aop/5.2.0.RC1/spring-aop-5.2.0.RC1.pom
2025-01-14 13:02:17,085 [Worker-274: Creating elm-spring-boot-blank-archetype] INFO  o.e.m.c.i.e.AbstractTransferListenerAdapter - Downloaded https://repo.spring.io/milestone/org/springframework/spring-aop/5.2.0.RC1/spring-aop-5.2.0.RC1.pom
2025-01-14 13:02:17,368 [Worker-274: Creating elm-spring-boot-blank-archetype] INFO  o.e.m.c.i.e.AbstractTransferListenerAdapter - Downloaded https://repo.spring.io/snapshot/org/springframework/spring-beans/5.2.0.RC1/spring-beans-5.2.0.RC1.pom
2025-01-14 13:02:17,675 [Worker-274: Creating elm-spring-boot-blank-archetype] INFO  o.e.m.c.i.e.AbstractTransferListenerAdapter - Downloading https://repo.spring.io/milestone/org/springframework/spring-beans/5.2.0.RC1/spring-beans-5.2.0.RC1.pom
2025-01-14 13:02:17,688 [Worker-274: Creating elm-spring-boot-blank-archetype] INFO  o.e.m.c.i.e.AbstractTransferListenerAdapter - Downloaded https://repo.spring.io/milestone/org/springframework/spring-beans/5.2.0.RC1/spring-beans-5.2.0.RC1.pom
2025-01-14 13:02:17,978 [Worker-274: Creating elm-spring-boot-blank-archetype] INFO  o.e.m.c.i.e.AbstractTransferListenerAdapter - Downloaded https://repo.spring.io/snapshot/org/springframework/spring-expression/5.2.0.RC1/spring-expression-5.2.0.RC1.pom
2025-01-14 13:02:18,298 [Worker-274: Creating elm-spring-boot-blank-archetype] INFO  o.e.m.c.i.e.AbstractTransferListenerAdapter - Downloading https://repo.spring.io/milestone/org/springframework/spring-expression/5.2.0.RC1/spring-expression-5.2.0.RC1.pom
2025-01-14 13:02:18,316 [Worker-274: Creating elm-spring-boot-blank-archetype] INFO  o.e.m.c.i.e.AbstractTransferListenerAdapter - Downloaded https://repo.spring.io/milestone/org/springframework/spring-expression/5.2.0.RC1/spring-expression-5.2.0.RC1.pom
2025-01-14 13:02:18,595 [Worker-274: Creating elm-spring-boot-blank-archetype] INFO  o.e.m.c.i.e.AbstractTransferListenerAdapter - Downloaded https://repo.spring.io/snapshot/org/springframework/boot/spring-boot-autoconfigure/2.2.0.M5/spring-boot-autoconfigure-2.2.0.M5.pom
2025-01-14 13:02:18,854 [Worker-274: Creating elm-spring-boot-blank-archetype] INFO  o.e.m.c.i.e.AbstractTransferListenerAdapter - Downloading https://repo.spring.io/milestone/org/springframework/boot/spring-boot-autoconfigure/2.2.0.M5/spring-boot-autoconfigure-2.2.0.M5.pom
2025-01-14 13:02:18,898 [Worker-274: Creating elm-spring-boot-blank-archetype] INFO  o.e.m.c.i.e.AbstractTransferListenerAdapter - Downloaded https://repo.spring.io/milestone/org/springframework/boot/spring-boot-autoconfigure/2.2.0.M5/spring-boot-autoconfigure-2.2.0.M5.pom
2025-01-14 13:02:19,208 [Worker-274: Creating elm-spring-boot-blank-archetype] INFO  o.e.m.c.i.e.AbstractTransferListenerAdapter - Downloaded https://repo.spring.io/snapshot/org/springframework/boot/spring-boot-starter-logging/2.2.0.M5/spring-boot-starter-logging-2.2.0.M5.pom
2025-01-14 13:02:19,531 [Worker-274: Creating elm-spring-boot-blank-archetype] INFO  o.e.m.c.i.e.AbstractTransferListenerAdapter - Downloading https://repo.spring.io/milestone/org/springframework/boot/spring-boot-starter-logging/2.2.0.M5/spring-boot-starter-logging-2.2.0.M5.pom
2025-01-14 13:02:19,562 [Worker-274: Creating elm-spring-boot-blank-archetype] INFO  o.e.m.c.i.e.AbstractTransferListenerAdapter - Downloaded https://repo.spring.io/milestone/org/springframework/boot/spring-boot-starter-logging/2.2.0.M5/spring-boot-starter-logging-2.2.0.M5.pom
2025-01-14 13:02:19,925 [Worker-274: Creating elm-spring-boot-blank-archetype] INFO  o.e.m.c.i.e.AbstractTransferListenerAdapter - Downloaded https://repo.spring.io/snapshot/org/slf4j/slf4j-api/1.7.26/slf4j-api-1.7.26.pom
2025-01-14 13:02:20,233 [Worker-274: Creating elm-spring-boot-blank-archetype] INFO  o.e.m.c.i.e.AbstractTransferListenerAdapter - Downloaded https://repo.spring.io/milestone/org/slf4j/slf4j-api/1.7.26/slf4j-api-1.7.26.pom
2025-01-14 13:02:20,261 [Worker-274: Creating elm-spring-boot-blank-archetype] INFO  o.e.m.c.i.e.AbstractTransferListenerAdapter - Downloading https://repo.maven.apache.org/maven2/org/slf4j/slf4j-api/1.7.26/slf4j-api-1.7.26.pom
2025-01-14 13:02:20,270 [Worker-274: Creating elm-spring-boot-blank-archetype] INFO  o.e.m.c.i.e.AbstractTransferListenerAdapter - Downloaded https://repo.maven.apache.org/maven2/org/slf4j/slf4j-api/1.7.26/slf4j-api-1.7.26.pom
2025-01-14 13:02:20,506 [Worker-274: Creating elm-spring-boot-blank-archetype] INFO  o.e.m.c.i.e.AbstractTransferListenerAdapter - Downloaded https://repo.spring.io/snapshot/org/slf4j/slf4j-parent/1.7.26/slf4j-parent-1.7.26.pom
2025-01-14 13:02:20,757 [Worker-274: Creating elm-spring-boot-blank-archetype] INFO  o.e.m.c.i.e.AbstractTransferListenerAdapter - Downloaded https://repo.spring.io/milestone/org/slf4j/slf4j-parent/1.7.26/slf4j-parent-1.7.26.pom
2025-01-14 13:02:20,794 [Worker-274: Creating elm-spring-boot-blank-archetype] INFO  o.e.m.c.i.e.AbstractTransferListenerAdapter - Downloading https://repo.maven.apache.org/maven2/org/slf4j/slf4j-parent/1.7.26/slf4j-parent-1.7.26.pom
2025-01-14 13:02:20,810 [Worker-274: Creating elm-spring-boot-blank-archetype] INFO  o.e.m.c.i.e.AbstractTransferListenerAdapter - Downloaded https://repo.maven.apache.org/maven2/org/slf4j/slf4j-parent/1.7.26/slf4j-parent-1.7.26.pom
2025-01-14 13:02:21,053 [Worker-274: Creating elm-spring-boot-blank-archetype] INFO  o.e.m.c.i.e.AbstractTransferListenerAdapter - Downloaded https://repo.spring.io/snapshot/org/apache/logging/log4j/log4j-to-slf4j/2.12.0/log4j-to-slf4j-2.12.0.pom
2025-01-14 13:02:21,290 [Worker-274: Creating elm-spring-boot-blank-archetype] INFO  o.e.m.c.i.e.AbstractTransferListenerAdapter - Downloaded https://repo.spring.io/milestone/org/apache/logging/log4j/log4j-to-slf4j/2.12.0/log4j-to-slf4j-2.12.0.pom
2025-01-14 13:02:21,677 [Worker-274: Creating elm-spring-boot-blank-archetype] INFO  o.e.m.c.i.e.AbstractTransferListenerAdapter - Downloading https://repo.maven.apache.org/maven2/org/apache/logging/log4j/log4j-to-slf4j/2.12.0/log4j-to-slf4j-2.12.0.pom
2025-01-14 13:02:21,692 [Worker-274: Creating elm-spring-boot-blank-archetype] INFO  o.e.m.c.i.e.AbstractTransferListenerAdapter - Downloaded https://repo.maven.apache.org/maven2/org/apache/logging/log4j/log4j-to-slf4j/2.12.0/log4j-to-slf4j-2.12.0.pom
2025-01-14 13:02:21,928 [Worker-274: Creating elm-spring-boot-blank-archetype] INFO  o.e.m.c.i.e.AbstractTransferListenerAdapter - Downloaded https://repo.spring.io/snapshot/org/apache/logging/log4j/log4j/2.12.0/log4j-2.12.0.pom
2025-01-14 13:02:22,179 [Worker-274: Creating elm-spring-boot-blank-archetype] INFO  o.e.m.c.i.e.AbstractTransferListenerAdapter - Downloaded https://repo.spring.io/milestone/org/apache/logging/log4j/log4j/2.12.0/log4j-2.12.0.pom
2025-01-14 13:02:22,495 [Worker-274: Creating elm-spring-boot-blank-archetype] INFO  o.e.m.c.i.e.AbstractTransferListenerAdapter - Downloading https://repo.maven.apache.org/maven2/org/apache/logging/log4j/log4j/2.12.0/log4j-2.12.0.pom
2025-01-14 13:02:22,513 [Worker-274: Creating elm-spring-boot-blank-archetype] INFO  o.e.m.c.i.e.AbstractTransferListenerAdapter - Downloaded https://repo.maven.apache.org/maven2/org/apache/logging/log4j/log4j/2.12.0/log4j-2.12.0.pom
2025-01-14 13:02:22,791 [Worker-274: Creating elm-spring-boot-blank-archetype] INFO  o.e.m.c.i.e.AbstractTransferListenerAdapter - Downloaded https://repo.spring.io/snapshot/org/apache/logging/log4j/log4j-api/2.12.0/log4j-api-2.12.0.pom
2025-01-14 13:02:23,121 [Worker-274: Creating elm-spring-boot-blank-archetype] INFO  o.e.m.c.i.e.AbstractTransferListenerAdapter - Downloaded https://repo.spring.io/milestone/org/apache/logging/log4j/log4j-api/2.12.0/log4j-api-2.12.0.pom
2025-01-14 13:02:23,153 [Worker-274: Creating elm-spring-boot-blank-archetype] INFO  o.e.m.c.i.e.AbstractTransferListenerAdapter - Downloading https://repo.maven.apache.org/maven2/org/apache/logging/log4j/log4j-api/2.12.0/log4j-api-2.12.0.pom
2025-01-14 13:02:23,165 [Worker-274: Creating elm-spring-boot-blank-archetype] INFO  o.e.m.c.i.e.AbstractTransferListenerAdapter - Downloaded https://repo.maven.apache.org/maven2/org/apache/logging/log4j/log4j-api/2.12.0/log4j-api-2.12.0.pom
2025-01-14 13:02:23,407 [Worker-274: Creating elm-spring-boot-blank-archetype] INFO  o.e.m.c.i.e.AbstractTransferListenerAdapter - Downloaded https://repo.spring.io/snapshot/org/slf4j/jul-to-slf4j/1.7.26/jul-to-slf4j-1.7.26.pom
2025-01-14 13:02:23,715 [Worker-274: Creating elm-spring-boot-blank-archetype] INFO  o.e.m.c.i.e.AbstractTransferListenerAdapter - Downloaded https://repo.spring.io/milestone/org/slf4j/jul-to-slf4j/1.7.26/jul-to-slf4j-1.7.26.pom
2025-01-14 13:02:23,757 [Worker-274: Creating elm-spring-boot-blank-archetype] INFO  o.e.m.c.i.e.AbstractTransferListenerAdapter - Downloading https://repo.maven.apache.org/maven2/org/slf4j/jul-to-slf4j/1.7.26/jul-to-slf4j-1.7.26.pom
2025-01-14 13:02:23,777 [Worker-274: Creating elm-spring-boot-blank-archetype] INFO  o.e.m.c.i.e.AbstractTransferListenerAdapter - Downloaded https://repo.maven.apache.org/maven2/org/slf4j/jul-to-slf4j/1.7.26/jul-to-slf4j-1.7.26.pom
2025-01-14 13:02:24,022 [Worker-274: Creating elm-spring-boot-blank-archetype] INFO  o.e.m.c.i.e.AbstractTransferListenerAdapter - Downloaded https://repo.spring.io/snapshot/jakarta/annotation/jakarta.annotation-api/1.3.4/jakarta.annotation-api-1.3.4.pom
2025-01-14 13:02:24,333 [Worker-274: Creating elm-spring-boot-blank-archetype] INFO  o.e.m.c.i.e.AbstractTransferListenerAdapter - Downloaded https://repo.spring.io/milestone/jakarta/annotation/jakarta.annotation-api/1.3.4/jakarta.annotation-api-1.3.4.pom
2025-01-14 13:02:24,367 [Worker-274: Creating elm-spring-boot-blank-archetype] INFO  o.e.m.c.i.e.AbstractTransferListenerAdapter - Downloading https://repo.maven.apache.org/maven2/jakarta/annotation/jakarta.annotation-api/1.3.4/jakarta.annotation-api-1.3.4.pom
2025-01-14 13:02:24,382 [Worker-274: Creating elm-spring-boot-blank-archetype] INFO  o.e.m.c.i.e.AbstractTransferListenerAdapter - Downloaded https://repo.maven.apache.org/maven2/jakarta/annotation/jakarta.annotation-api/1.3.4/jakarta.annotation-api-1.3.4.pom
2025-01-14 13:02:24,636 [Worker-274: Creating elm-spring-boot-blank-archetype] INFO  o.e.m.c.i.e.AbstractTransferListenerAdapter - Downloaded https://repo.spring.io/snapshot/org/eclipse/ee4j/project/1.0.4/project-1.0.4.pom
2025-01-14 13:02:24,942 [Worker-274: Creating elm-spring-boot-blank-archetype] INFO  o.e.m.c.i.e.AbstractTransferListenerAdapter - Downloaded https://repo.spring.io/milestone/org/eclipse/ee4j/project/1.0.4/project-1.0.4.pom
2025-01-14 13:02:24,978 [Worker-274: Creating elm-spring-boot-blank-archetype] INFO  o.e.m.c.i.e.AbstractTransferListenerAdapter - Downloading https://repo.maven.apache.org/maven2/org/eclipse/ee4j/project/1.0.4/project-1.0.4.pom
2025-01-14 13:02:24,991 [Worker-274: Creating elm-spring-boot-blank-archetype] INFO  o.e.m.c.i.e.AbstractTransferListenerAdapter - Downloaded https://repo.maven.apache.org/maven2/org/eclipse/ee4j/project/1.0.4/project-1.0.4.pom
2025-01-14 13:02:25,249 [Worker-274: Creating elm-spring-boot-blank-archetype] INFO  o.e.m.c.i.e.AbstractTransferListenerAdapter - Downloaded https://repo.spring.io/snapshot/org/yaml/snakeyaml/1.24/snakeyaml-1.24.pom
2025-01-14 13:02:25,488 [Worker-274: Creating elm-spring-boot-blank-archetype] INFO  o.e.m.c.i.e.AbstractTransferListenerAdapter - Downloaded https://repo.spring.io/milestone/org/yaml/snakeyaml/1.24/snakeyaml-1.24.pom
2025-01-14 13:02:25,519 [Worker-274: Creating elm-spring-boot-blank-archetype] INFO  o.e.m.c.i.e.AbstractTransferListenerAdapter - Downloading https://repo.maven.apache.org/maven2/org/yaml/snakeyaml/1.24/snakeyaml-1.24.pom
2025-01-14 13:02:25,535 [Worker-274: Creating elm-spring-boot-blank-archetype] INFO  o.e.m.c.i.e.AbstractTransferListenerAdapter - Downloaded https://repo.maven.apache.org/maven2/org/yaml/snakeyaml/1.24/snakeyaml-1.24.pom
2025-01-14 13:02:25,863 [Worker-274: Creating elm-spring-boot-blank-archetype] INFO  o.e.m.c.i.e.AbstractTransferListenerAdapter - Downloaded https://repo.spring.io/snapshot/org/springframework/boot/spring-boot-starter-json/2.2.0.M5/spring-boot-starter-json-2.2.0.M5.pom
2025-01-14 13:02:26,175 [Worker-274: Creating elm-spring-boot-blank-archetype] INFO  o.e.m.c.i.e.AbstractTransferListenerAdapter - Downloading https://repo.spring.io/milestone/org/springframework/boot/spring-boot-starter-json/2.2.0.M5/spring-boot-starter-json-2.2.0.M5.pom
2025-01-14 13:02:26,190 [Worker-274: Creating elm-spring-boot-blank-archetype] INFO  o.e.m.c.i.e.AbstractTransferListenerAdapter - Downloaded https://repo.spring.io/milestone/org/springframework/boot/spring-boot-starter-json/2.2.0.M5/spring-boot-starter-json-2.2.0.M5.pom
2025-01-14 13:02:26,425 [Worker-274: Creating elm-spring-boot-blank-archetype] INFO  o.e.m.c.i.e.AbstractTransferListenerAdapter - Downloaded https://repo.spring.io/snapshot/org/springframework/spring-web/5.2.0.RC1/spring-web-5.2.0.RC1.pom
2025-01-14 13:02:26,697 [Worker-274: Creating elm-spring-boot-blank-archetype] INFO  o.e.m.c.i.e.AbstractTransferListenerAdapter - Downloading https://repo.spring.io/milestone/org/springframework/spring-web/5.2.0.RC1/spring-web-5.2.0.RC1.pom
2025-01-14 13:02:26,710 [Worker-274: Creating elm-spring-boot-blank-archetype] INFO  o.e.m.c.i.e.AbstractTransferListenerAdapter - Downloaded https://repo.spring.io/milestone/org/springframework/spring-web/5.2.0.RC1/spring-web-5.2.0.RC1.pom
2025-01-14 13:02:26,947 [Worker-274: Creating elm-spring-boot-blank-archetype] INFO  o.e.m.c.i.e.AbstractTransferListenerAdapter - Downloaded https://repo.spring.io/snapshot/com/fasterxml/jackson/core/jackson-databind/2.9.9/jackson-databind-2.9.9.pom
2025-01-14 13:02:27,301 [Worker-274: Creating elm-spring-boot-blank-archetype] INFO  o.e.m.c.i.e.AbstractTransferListenerAdapter - Downloaded https://repo.spring.io/milestone/com/fasterxml/jackson/core/jackson-databind/2.9.9/jackson-databind-2.9.9.pom
2025-01-14 13:02:27,433 [Worker-274: Creating elm-spring-boot-blank-archetype] INFO  o.e.m.c.i.e.AbstractTransferListenerAdapter - Downloading https://repo.maven.apache.org/maven2/com/fasterxml/jackson/core/jackson-databind/2.9.9/jackson-databind-2.9.9.pom
2025-01-14 13:02:27,445 [Worker-274: Creating elm-spring-boot-blank-archetype] INFO  o.e.m.c.i.e.AbstractTransferListenerAdapter - Downloaded https://repo.maven.apache.org/maven2/com/fasterxml/jackson/core/jackson-databind/2.9.9/jackson-databind-2.9.9.pom
2025-01-14 13:02:27,725 [Worker-274: Creating elm-spring-boot-blank-archetype] INFO  o.e.m.c.i.e.AbstractTransferListenerAdapter - Downloaded https://repo.spring.io/snapshot/com/fasterxml/jackson/jackson-base/2.9.9/jackson-base-2.9.9.pom
2025-01-14 13:02:28,013 [Worker-274: Creating elm-spring-boot-blank-archetype] INFO  o.e.m.c.i.e.AbstractTransferListenerAdapter - Downloaded https://repo.spring.io/milestone/com/fasterxml/jackson/jackson-base/2.9.9/jackson-base-2.9.9.pom
2025-01-14 13:02:28,067 [Worker-274: Creating elm-spring-boot-blank-archetype] INFO  o.e.m.c.i.e.AbstractTransferListenerAdapter - Downloading https://repo.maven.apache.org/maven2/com/fasterxml/jackson/jackson-base/2.9.9/jackson-base-2.9.9.pom
2025-01-14 13:02:28,080 [Worker-274: Creating elm-spring-boot-blank-archetype] INFO  o.e.m.c.i.e.AbstractTransferListenerAdapter - Downloaded https://repo.maven.apache.org/maven2/com/fasterxml/jackson/jackson-base/2.9.9/jackson-base-2.9.9.pom
2025-01-14 13:02:28,328 [Worker-274: Creating elm-spring-boot-blank-archetype] INFO  o.e.m.c.i.e.AbstractTransferListenerAdapter - Downloaded https://repo.spring.io/snapshot/com/fasterxml/jackson/core/jackson-core/2.9.9/jackson-core-2.9.9.pom
2025-01-14 13:02:28,641 [Worker-274: Creating elm-spring-boot-blank-archetype] INFO  o.e.m.c.i.e.AbstractTransferListenerAdapter - Downloaded https://repo.spring.io/milestone/com/fasterxml/jackson/core/jackson-core/2.9.9/jackson-core-2.9.9.pom
2025-01-14 13:02:28,681 [Worker-274: Creating elm-spring-boot-blank-archetype] INFO  o.e.m.c.i.e.AbstractTransferListenerAdapter - Downloading https://repo.maven.apache.org/maven2/com/fasterxml/jackson/core/jackson-core/2.9.9/jackson-core-2.9.9.pom
2025-01-14 13:02:28,695 [Worker-274: Creating elm-spring-boot-blank-archetype] INFO  o.e.m.c.i.e.AbstractTransferListenerAdapter - Downloaded https://repo.maven.apache.org/maven2/com/fasterxml/jackson/core/jackson-core/2.9.9/jackson-core-2.9.9.pom
2025-01-14 13:02:28,929 [Worker-274: Creating elm-spring-boot-blank-archetype] INFO  o.e.m.c.i.e.AbstractTransferListenerAdapter - Downloaded https://repo.spring.io/snapshot/com/fasterxml/jackson/datatype/jackson-datatype-jdk8/2.9.9/jackson-datatype-jdk8-2.9.9.pom
2025-01-14 13:02:29,243 [Worker-274: Creating elm-spring-boot-blank-archetype] INFO  o.e.m.c.i.e.AbstractTransferListenerAdapter - Downloaded https://repo.spring.io/milestone/com/fasterxml/jackson/datatype/jackson-datatype-jdk8/2.9.9/jackson-datatype-jdk8-2.9.9.pom
2025-01-14 13:02:29,277 [Worker-274: Creating elm-spring-boot-blank-archetype] INFO  o.e.m.c.i.e.AbstractTransferListenerAdapter - Downloading https://repo.maven.apache.org/maven2/com/fasterxml/jackson/datatype/jackson-datatype-jdk8/2.9.9/jackson-datatype-jdk8-2.9.9.pom
2025-01-14 13:02:29,287 [Worker-274: Creating elm-spring-boot-blank-archetype] INFO  o.e.m.c.i.e.AbstractTransferListenerAdapter - Downloaded https://repo.maven.apache.org/maven2/com/fasterxml/jackson/datatype/jackson-datatype-jdk8/2.9.9/jackson-datatype-jdk8-2.9.9.pom
2025-01-14 13:02:29,547 [Worker-274: Creating elm-spring-boot-blank-archetype] INFO  o.e.m.c.i.e.AbstractTransferListenerAdapter - Downloaded https://repo.spring.io/snapshot/com/fasterxml/jackson/module/jackson-modules-java8/2.9.9/jackson-modules-java8-2.9.9.pom
2025-01-14 13:02:29,857 [Worker-274: Creating elm-spring-boot-blank-archetype] INFO  o.e.m.c.i.e.AbstractTransferListenerAdapter - Downloaded https://repo.spring.io/milestone/com/fasterxml/jackson/module/jackson-modules-java8/2.9.9/jackson-modules-java8-2.9.9.pom
2025-01-14 13:02:29,900 [Worker-274: Creating elm-spring-boot-blank-archetype] INFO  o.e.m.c.i.e.AbstractTransferListenerAdapter - Downloading https://repo.maven.apache.org/maven2/com/fasterxml/jackson/module/jackson-modules-java8/2.9.9/jackson-modules-java8-2.9.9.pom
2025-01-14 13:02:29,916 [Worker-274: Creating elm-spring-boot-blank-archetype] INFO  o.e.m.c.i.e.AbstractTransferListenerAdapter - Downloaded https://repo.maven.apache.org/maven2/com/fasterxml/jackson/module/jackson-modules-java8/2.9.9/jackson-modules-java8-2.9.9.pom
2025-01-14 13:02:30,164 [Worker-274: Creating elm-spring-boot-blank-archetype] INFO  o.e.m.c.i.e.AbstractTransferListenerAdapter - Downloaded https://repo.spring.io/snapshot/com/fasterxml/jackson/datatype/jackson-datatype-jsr310/2.9.9/jackson-datatype-jsr310-2.9.9.pom
2025-01-14 13:02:30,457 [Worker-274: Creating elm-spring-boot-blank-archetype] INFO  o.e.m.c.i.e.AbstractTransferListenerAdapter - Downloaded https://repo.spring.io/milestone/com/fasterxml/jackson/datatype/jackson-datatype-jsr310/2.9.9/jackson-datatype-jsr310-2.9.9.pom
2025-01-14 13:02:30,492 [Worker-274: Creating elm-spring-boot-blank-archetype] INFO  o.e.m.c.i.e.AbstractTransferListenerAdapter - Downloading https://repo.maven.apache.org/maven2/com/fasterxml/jackson/datatype/jackson-datatype-jsr310/2.9.9/jackson-datatype-jsr310-2.9.9.pom
2025-01-14 13:02:30,509 [Worker-274: Creating elm-spring-boot-blank-archetype] INFO  o.e.m.c.i.e.AbstractTransferListenerAdapter - Downloaded https://repo.maven.apache.org/maven2/com/fasterxml/jackson/datatype/jackson-datatype-jsr310/2.9.9/jackson-datatype-jsr310-2.9.9.pom
2025-01-14 13:02:30,779 [Worker-274: Creating elm-spring-boot-blank-archetype] INFO  o.e.m.c.i.e.AbstractTransferListenerAdapter - Downloaded https://repo.spring.io/snapshot/com/fasterxml/jackson/module/jackson-module-parameter-names/2.9.9/jackson-module-parameter-names-2.9.9.pom
2025-01-14 13:02:31,087 [Worker-274: Creating elm-spring-boot-blank-archetype] INFO  o.e.m.c.i.e.AbstractTransferListenerAdapter - Downloaded https://repo.spring.io/milestone/com/fasterxml/jackson/module/jackson-module-parameter-names/2.9.9/jackson-module-parameter-names-2.9.9.pom
2025-01-14 13:02:31,133 [Worker-274: Creating elm-spring-boot-blank-archetype] INFO  o.e.m.c.i.e.AbstractTransferListenerAdapter - Downloading https://repo.maven.apache.org/maven2/com/fasterxml/jackson/module/jackson-module-parameter-names/2.9.9/jackson-module-parameter-names-2.9.9.pom
2025-01-14 13:02:31,160 [Worker-274: Creating elm-spring-boot-blank-archetype] INFO  o.e.m.c.i.e.AbstractTransferListenerAdapter - Downloaded https://repo.maven.apache.org/maven2/com/fasterxml/jackson/module/jackson-module-parameter-names/2.9.9/jackson-module-parameter-names-2.9.9.pom
2025-01-14 13:02:31,495 [Worker-274: Creating elm-spring-boot-blank-archetype] INFO  o.e.m.c.i.e.AbstractTransferListenerAdapter - Downloaded https://repo.spring.io/snapshot/org/springframework/boot/spring-boot-starter-reactor-netty/2.2.0.M5/spring-boot-starter-reactor-netty-2.2.0.M5.pom
2025-01-14 13:02:31,817 [Worker-274: Creating elm-spring-boot-blank-archetype] INFO  o.e.m.c.i.e.AbstractTransferListenerAdapter - Downloading https://repo.spring.io/milestone/org/springframework/boot/spring-boot-starter-reactor-netty/2.2.0.M5/spring-boot-starter-reactor-netty-2.2.0.M5.pom
2025-01-14 13:02:31,845 [Worker-274: Creating elm-spring-boot-blank-archetype] INFO  o.e.m.c.i.e.AbstractTransferListenerAdapter - Downloaded https://repo.spring.io/milestone/org/springframework/boot/spring-boot-starter-reactor-netty/2.2.0.M5/spring-boot-starter-reactor-netty-2.2.0.M5.pom
2025-01-14 13:02:32,113 [Worker-274: Creating elm-spring-boot-blank-archetype] INFO  o.e.m.c.i.e.AbstractTransferListenerAdapter - Downloaded https://repo.spring.io/snapshot/io/projectreactor/netty/reactor-netty/0.9.0.M3/reactor-netty-0.9.0.M3.pom
2025-01-14 13:02:32,430 [Worker-274: Creating elm-spring-boot-blank-archetype] INFO  o.e.m.c.i.e.AbstractTransferListenerAdapter - Downloading https://repo.spring.io/milestone/io/projectreactor/netty/reactor-netty/0.9.0.M3/reactor-netty-0.9.0.M3.pom
2025-01-14 13:02:32,457 [Worker-274: Creating elm-spring-boot-blank-archetype] INFO  o.e.m.c.i.e.AbstractTransferListenerAdapter - Downloaded https://repo.spring.io/milestone/io/projectreactor/netty/reactor-netty/0.9.0.M3/reactor-netty-0.9.0.M3.pom
2025-01-14 13:02:32,736 [Worker-274: Creating elm-spring-boot-blank-archetype] INFO  o.e.m.c.i.e.AbstractTransferListenerAdapter - Downloaded https://repo.spring.io/snapshot/io/netty/netty-codec-http/4.1.38.Final/netty-codec-http-4.1.38.Final.pom
2025-01-14 13:02:33,030 [Worker-274: Creating elm-spring-boot-blank-archetype] INFO  o.e.m.c.i.e.AbstractTransferListenerAdapter - Downloaded https://repo.spring.io/milestone/io/netty/netty-codec-http/4.1.38.Final/netty-codec-http-4.1.38.Final.pom
2025-01-14 13:02:33,351 [Worker-274: Creating elm-spring-boot-blank-archetype] INFO  o.e.m.c.i.e.AbstractTransferListenerAdapter - Downloading https://repo.maven.apache.org/maven2/io/netty/netty-codec-http/4.1.38.Final/netty-codec-http-4.1.38.Final.pom
2025-01-14 13:02:33,369 [Worker-274: Creating elm-spring-boot-blank-archetype] INFO  o.e.m.c.i.e.AbstractTransferListenerAdapter - Downloaded https://repo.maven.apache.org/maven2/io/netty/netty-codec-http/4.1.38.Final/netty-codec-http-4.1.38.Final.pom
2025-01-14 13:02:33,630 [Worker-274: Creating elm-spring-boot-blank-archetype] INFO  o.e.m.c.i.e.AbstractTransferListenerAdapter - Downloaded https://repo.spring.io/snapshot/io/netty/netty-parent/4.1.38.Final/netty-parent-4.1.38.Final.pom
2025-01-14 13:02:33,953 [Worker-274: Creating elm-spring-boot-blank-archetype] INFO  o.e.m.c.i.e.AbstractTransferListenerAdapter - Downloaded https://repo.spring.io/milestone/io/netty/netty-parent/4.1.38.Final/netty-parent-4.1.38.Final.pom
2025-01-14 13:02:33,996 [Worker-274: Creating elm-spring-boot-blank-archetype] INFO  o.e.m.c.i.e.AbstractTransferListenerAdapter - Downloading https://repo.maven.apache.org/maven2/io/netty/netty-parent/4.1.38.Final/netty-parent-4.1.38.Final.pom
2025-01-14 13:02:34,035 [Worker-274: Creating elm-spring-boot-blank-archetype] INFO  o.e.m.c.i.e.AbstractTransferListenerAdapter - Downloaded https://repo.maven.apache.org/maven2/io/netty/netty-parent/4.1.38.Final/netty-parent-4.1.38.Final.pom
2025-01-14 13:02:34,364 [Worker-274: Creating elm-spring-boot-blank-archetype] INFO  o.e.m.c.i.e.AbstractTransferListenerAdapter - Downloaded https://repo.spring.io/snapshot/io/netty/netty-common/4.1.38.Final/netty-common-4.1.38.Final.pom
2025-01-14 13:02:34,672 [Worker-274: Creating elm-spring-boot-blank-archetype] INFO  o.e.m.c.i.e.AbstractTransferListenerAdapter - Downloaded https://repo.spring.io/milestone/io/netty/netty-common/4.1.38.Final/netty-common-4.1.38.Final.pom
2025-01-14 13:02:34,712 [Worker-274: Creating elm-spring-boot-blank-archetype] INFO  o.e.m.c.i.e.AbstractTransferListenerAdapter - Downloading https://repo.maven.apache.org/maven2/io/netty/netty-common/4.1.38.Final/netty-common-4.1.38.Final.pom
2025-01-14 13:02:34,730 [Worker-274: Creating elm-spring-boot-blank-archetype] INFO  o.e.m.c.i.e.AbstractTransferListenerAdapter - Downloaded https://repo.maven.apache.org/maven2/io/netty/netty-common/4.1.38.Final/netty-common-4.1.38.Final.pom
2025-01-14 13:02:34,967 [Worker-274: Creating elm-spring-boot-blank-archetype] INFO  o.e.m.c.i.e.AbstractTransferListenerAdapter - Downloaded https://repo.spring.io/snapshot/io/netty/netty-buffer/4.1.38.Final/netty-buffer-4.1.38.Final.pom
2025-01-14 13:02:35,291 [Worker-274: Creating elm-spring-boot-blank-archetype] INFO  o.e.m.c.i.e.AbstractTransferListenerAdapter - Downloaded https://repo.spring.io/milestone/io/netty/netty-buffer/4.1.38.Final/netty-buffer-4.1.38.Final.pom
2025-01-14 13:02:35,327 [Worker-274: Creating elm-spring-boot-blank-archetype] INFO  o.e.m.c.i.e.AbstractTransferListenerAdapter - Downloading https://repo.maven.apache.org/maven2/io/netty/netty-buffer/4.1.38.Final/netty-buffer-4.1.38.Final.pom
2025-01-14 13:02:35,342 [Worker-274: Creating elm-spring-boot-blank-archetype] INFO  o.e.m.c.i.e.AbstractTransferListenerAdapter - Downloaded https://repo.maven.apache.org/maven2/io/netty/netty-buffer/4.1.38.Final/netty-buffer-4.1.38.Final.pom
2025-01-14 13:02:35,591 [Worker-274: Creating elm-spring-boot-blank-archetype] INFO  o.e.m.c.i.e.AbstractTransferListenerAdapter - Downloaded https://repo.spring.io/snapshot/io/netty/netty-transport/4.1.38.Final/netty-transport-4.1.38.Final.pom
2025-01-14 13:02:35,900 [Worker-274: Creating elm-spring-boot-blank-archetype] INFO  o.e.m.c.i.e.AbstractTransferListenerAdapter - Downloaded https://repo.spring.io/milestone/io/netty/netty-transport/4.1.38.Final/netty-transport-4.1.38.Final.pom
2025-01-14 13:02:35,944 [Worker-274: Creating elm-spring-boot-blank-archetype] INFO  o.e.m.c.i.e.AbstractTransferListenerAdapter - Downloading https://repo.maven.apache.org/maven2/io/netty/netty-transport/4.1.38.Final/netty-transport-4.1.38.Final.pom
2025-01-14 13:02:35,972 [Worker-274: Creating elm-spring-boot-blank-archetype] INFO  o.e.m.c.i.e.AbstractTransferListenerAdapter - Downloaded https://repo.maven.apache.org/maven2/io/netty/netty-transport/4.1.38.Final/netty-transport-4.1.38.Final.pom
2025-01-14 13:02:36,208 [Worker-274: Creating elm-spring-boot-blank-archetype] INFO  o.e.m.c.i.e.AbstractTransferListenerAdapter - Downloaded https://repo.spring.io/snapshot/io/netty/netty-resolver/4.1.38.Final/netty-resolver-4.1.38.Final.pom
2025-01-14 13:02:36,514 [Worker-274: Creating elm-spring-boot-blank-archetype] INFO  o.e.m.c.i.e.AbstractTransferListenerAdapter - Downloaded https://repo.spring.io/milestone/io/netty/netty-resolver/4.1.38.Final/netty-resolver-4.1.38.Final.pom
2025-01-14 13:02:36,550 [Worker-274: Creating elm-spring-boot-blank-archetype] INFO  o.e.m.c.i.e.AbstractTransferListenerAdapter - Downloading https://repo.maven.apache.org/maven2/io/netty/netty-resolver/4.1.38.Final/netty-resolver-4.1.38.Final.pom
2025-01-14 13:02:36,568 [Worker-274: Creating elm-spring-boot-blank-archetype] INFO  o.e.m.c.i.e.AbstractTransferListenerAdapter - Downloaded https://repo.maven.apache.org/maven2/io/netty/netty-resolver/4.1.38.Final/netty-resolver-4.1.38.Final.pom
2025-01-14 13:02:36,814 [Worker-274: Creating elm-spring-boot-blank-archetype] INFO  o.e.m.c.i.e.AbstractTransferListenerAdapter - Downloaded https://repo.spring.io/snapshot/io/netty/netty-codec/4.1.38.Final/netty-codec-4.1.38.Final.pom
2025-01-14 13:02:37,129 [Worker-274: Creating elm-spring-boot-blank-archetype] INFO  o.e.m.c.i.e.AbstractTransferListenerAdapter - Downloaded https://repo.spring.io/milestone/io/netty/netty-codec/4.1.38.Final/netty-codec-4.1.38.Final.pom
2025-01-14 13:02:37,183 [Worker-274: Creating elm-spring-boot-blank-archetype] INFO  o.e.m.c.i.e.AbstractTransferListenerAdapter - Downloading https://repo.maven.apache.org/maven2/io/netty/netty-codec/4.1.38.Final/netty-codec-4.1.38.Final.pom
2025-01-14 13:02:37,200 [Worker-274: Creating elm-spring-boot-blank-archetype] INFO  o.e.m.c.i.e.AbstractTransferListenerAdapter - Downloaded https://repo.maven.apache.org/maven2/io/netty/netty-codec/4.1.38.Final/netty-codec-4.1.38.Final.pom
2025-01-14 13:02:37,538 [Worker-274: Creating elm-spring-boot-blank-archetype] INFO  o.e.m.c.i.e.AbstractTransferListenerAdapter - Downloaded https://repo.spring.io/snapshot/io/netty/netty-handler/4.1.38.Final/netty-handler-4.1.38.Final.pom
2025-01-14 13:02:37,777 [Worker-274: Creating elm-spring-boot-blank-archetype] INFO  o.e.m.c.i.e.AbstractTransferListenerAdapter - Downloaded https://repo.spring.io/milestone/io/netty/netty-handler/4.1.38.Final/netty-handler-4.1.38.Final.pom
2025-01-14 13:02:37,868 [Worker-274: Creating elm-spring-boot-blank-archetype] INFO  o.e.m.c.i.e.AbstractTransferListenerAdapter - Downloading https://repo.maven.apache.org/maven2/io/netty/netty-handler/4.1.38.Final/netty-handler-4.1.38.Final.pom
2025-01-14 13:02:37,877 [Worker-274: Creating elm-spring-boot-blank-archetype] INFO  o.e.m.c.i.e.AbstractTransferListenerAdapter - Downloaded https://repo.maven.apache.org/maven2/io/netty/netty-handler/4.1.38.Final/netty-handler-4.1.38.Final.pom
2025-01-14 13:02:38,159 [Worker-274: Creating elm-spring-boot-blank-archetype] INFO  o.e.m.c.i.e.AbstractTransferListenerAdapter - Downloaded https://repo.spring.io/snapshot/io/netty/netty-codec-http2/4.1.38.Final/netty-codec-http2-4.1.38.Final.pom
2025-01-14 13:02:38,459 [Worker-274: Creating elm-spring-boot-blank-archetype] INFO  o.e.m.c.i.e.AbstractTransferListenerAdapter - Downloaded https://repo.spring.io/milestone/io/netty/netty-codec-http2/4.1.38.Final/netty-codec-http2-4.1.38.Final.pom
2025-01-14 13:02:38,495 [Worker-274: Creating elm-spring-boot-blank-archetype] INFO  o.e.m.c.i.e.AbstractTransferListenerAdapter - Downloading https://repo.maven.apache.org/maven2/io/netty/netty-codec-http2/4.1.38.Final/netty-codec-http2-4.1.38.Final.pom
2025-01-14 13:02:38,511 [Worker-274: Creating elm-spring-boot-blank-archetype] INFO  o.e.m.c.i.e.AbstractTransferListenerAdapter - Downloaded https://repo.maven.apache.org/maven2/io/netty/netty-codec-http2/4.1.38.Final/netty-codec-http2-4.1.38.Final.pom
2025-01-14 13:02:38,747 [Worker-274: Creating elm-spring-boot-blank-archetype] INFO  o.e.m.c.i.e.AbstractTransferListenerAdapter - Downloaded https://repo.spring.io/snapshot/io/netty/netty-handler-proxy/4.1.38.Final/netty-handler-proxy-4.1.38.Final.pom
2025-01-14 13:02:39,072 [Worker-274: Creating elm-spring-boot-blank-archetype] INFO  o.e.m.c.i.e.AbstractTransferListenerAdapter - Downloaded https://repo.spring.io/milestone/io/netty/netty-handler-proxy/4.1.38.Final/netty-handler-proxy-4.1.38.Final.pom
2025-01-14 13:02:39,109 [Worker-274: Creating elm-spring-boot-blank-archetype] INFO  o.e.m.c.i.e.AbstractTransferListenerAdapter - Downloading https://repo.maven.apache.org/maven2/io/netty/netty-handler-proxy/4.1.38.Final/netty-handler-proxy-4.1.38.Final.pom
2025-01-14 13:02:39,123 [Worker-274: Creating elm-spring-boot-blank-archetype] INFO  o.e.m.c.i.e.AbstractTransferListenerAdapter - Downloaded https://repo.maven.apache.org/maven2/io/netty/netty-handler-proxy/4.1.38.Final/netty-handler-proxy-4.1.38.Final.pom
2025-01-14 13:02:39,378 [Worker-274: Creating elm-spring-boot-blank-archetype] INFO  o.e.m.c.i.e.AbstractTransferListenerAdapter - Downloaded https://repo.spring.io/snapshot/io/netty/netty-codec-socks/4.1.38.Final/netty-codec-socks-4.1.38.Final.pom
2025-01-14 13:02:39,688 [Worker-274: Creating elm-spring-boot-blank-archetype] INFO  o.e.m.c.i.e.AbstractTransferListenerAdapter - Downloaded https://repo.spring.io/milestone/io/netty/netty-codec-socks/4.1.38.Final/netty-codec-socks-4.1.38.Final.pom
2025-01-14 13:02:40,010 [Worker-274: Creating elm-spring-boot-blank-archetype] INFO  o.e.m.c.i.e.AbstractTransferListenerAdapter - Downloading https://repo.maven.apache.org/maven2/io/netty/netty-codec-socks/4.1.38.Final/netty-codec-socks-4.1.38.Final.pom
2025-01-14 13:02:40,031 [Worker-274: Creating elm-spring-boot-blank-archetype] INFO  o.e.m.c.i.e.AbstractTransferListenerAdapter - Downloaded https://repo.maven.apache.org/maven2/io/netty/netty-codec-socks/4.1.38.Final/netty-codec-socks-4.1.38.Final.pom
2025-01-14 13:02:40,319 [Worker-274: Creating elm-spring-boot-blank-archetype] INFO  o.e.m.c.i.e.AbstractTransferListenerAdapter - Downloaded https://repo.spring.io/snapshot/io/netty/netty-transport-native-epoll/4.1.38.Final/netty-transport-native-epoll-4.1.38.Final.pom
2025-01-14 13:02:40,608 [Worker-274: Creating elm-spring-boot-blank-archetype] INFO  o.e.m.c.i.e.AbstractTransferListenerAdapter - Downloaded https://repo.spring.io/milestone/io/netty/netty-transport-native-epoll/4.1.38.Final/netty-transport-native-epoll-4.1.38.Final.pom
2025-01-14 13:02:40,643 [Worker-274: Creating elm-spring-boot-blank-archetype] INFO  o.e.m.c.i.e.AbstractTransferListenerAdapter - Downloading https://repo.maven.apache.org/maven2/io/netty/netty-transport-native-epoll/4.1.38.Final/netty-transport-native-epoll-4.1.38.Final.pom
2025-01-14 13:02:40,658 [Worker-274: Creating elm-spring-boot-blank-archetype] INFO  o.e.m.c.i.e.AbstractTransferListenerAdapter - Downloaded https://repo.maven.apache.org/maven2/io/netty/netty-transport-native-epoll/4.1.38.Final/netty-transport-native-epoll-4.1.38.Final.pom
2025-01-14 13:02:41,019 [Worker-274: Creating elm-spring-boot-blank-archetype] INFO  o.e.m.c.i.e.AbstractTransferListenerAdapter - Downloaded https://repo.spring.io/snapshot/io/netty/netty-transport-native-unix-common/4.1.38.Final/netty-transport-native-unix-common-4.1.38.Final.pom
2025-01-14 13:02:41,327 [Worker-274: Creating elm-spring-boot-blank-archetype] INFO  o.e.m.c.i.e.AbstractTransferListenerAdapter - Downloaded https://repo.spring.io/milestone/io/netty/netty-transport-native-unix-common/4.1.38.Final/netty-transport-native-unix-common-4.1.38.Final.pom
2025-01-14 13:02:41,649 [Worker-274: Creating elm-spring-boot-blank-archetype] INFO  o.e.m.c.i.e.AbstractTransferListenerAdapter - Downloading https://repo.maven.apache.org/maven2/io/netty/netty-transport-native-unix-common/4.1.38.Final/netty-transport-native-unix-common-4.1.38.Final.pom
2025-01-14 13:02:41,668 [Worker-274: Creating elm-spring-boot-blank-archetype] INFO  o.e.m.c.i.e.AbstractTransferListenerAdapter - Downloaded https://repo.maven.apache.org/maven2/io/netty/netty-transport-native-unix-common/4.1.38.Final/netty-transport-native-unix-common-4.1.38.Final.pom
2025-01-14 13:02:41,907 [Worker-274: Creating elm-spring-boot-blank-archetype] INFO  o.e.m.c.i.e.AbstractTransferListenerAdapter - Downloaded https://repo.spring.io/snapshot/io/projectreactor/addons/reactor-pool/0.0.1.M3/reactor-pool-0.0.1.M3.pom
2025-01-14 13:02:42,258 [Worker-274: Creating elm-spring-boot-blank-archetype] INFO  o.e.m.c.i.e.AbstractTransferListenerAdapter - Downloading https://repo.spring.io/milestone/io/projectreactor/addons/reactor-pool/0.0.1.M3/reactor-pool-0.0.1.M3.pom
2025-01-14 13:02:42,279 [Worker-274: Creating elm-spring-boot-blank-archetype] INFO  o.e.m.c.i.e.AbstractTransferListenerAdapter - Downloaded https://repo.spring.io/milestone/io/projectreactor/addons/reactor-pool/0.0.1.M3/reactor-pool-0.0.1.M3.pom
2025-01-14 13:02:42,556 [Worker-274: Creating elm-spring-boot-blank-archetype] INFO  o.e.m.c.i.e.AbstractTransferListenerAdapter - Downloaded https://repo.spring.io/snapshot/io/projectreactor/reactor-core/3.3.0.M3/reactor-core-3.3.0.M3.pom
2025-01-14 13:02:42,870 [Worker-274: Creating elm-spring-boot-blank-archetype] INFO  o.e.m.c.i.e.AbstractTransferListenerAdapter - Downloading https://repo.spring.io/milestone/io/projectreactor/reactor-core/3.3.0.M3/reactor-core-3.3.0.M3.pom
2025-01-14 13:02:42,881 [Worker-274: Creating elm-spring-boot-blank-archetype] INFO  o.e.m.c.i.e.AbstractTransferListenerAdapter - Downloaded https://repo.spring.io/milestone/io/projectreactor/reactor-core/3.3.0.M3/reactor-core-3.3.0.M3.pom
2025-01-14 13:02:42,888 [Worker-274: Creating elm-spring-boot-blank-archetype] INFO  o.e.m.c.i.e.AbstractTransferListenerAdapter - Downloaded https://repo.spring.io/snapshot/org/reactivestreams/reactive-streams/1.0.2/reactive-streams-1.0.2.pom
2025-01-14 13:02:42,894 [Worker-274: Creating elm-spring-boot-blank-archetype] INFO  o.e.m.c.i.e.AbstractTransferListenerAdapter - Downloaded https://repo.spring.io/milestone/org/reactivestreams/reactive-streams/1.0.2/reactive-streams-1.0.2.pom
2025-01-14 13:02:42,898 [Worker-274: Creating elm-spring-boot-blank-archetype] INFO  o.e.m.c.i.e.AbstractTransferListenerAdapter - Downloaded https://repo.maven.apache.org/maven2/org/reactivestreams/reactive-streams/1.0.2/reactive-streams-1.0.2.pom
2025-01-14 13:02:42,906 [Worker-274: Creating elm-spring-boot-blank-archetype] INFO  o.e.m.c.i.e.AbstractTransferListenerAdapter - Downloaded https://repo.spring.io/snapshot/org/glassfish/jakarta.el/3.0.2/jakarta.el-3.0.2.pom
2025-01-14 13:02:42,912 [Worker-274: Creating elm-spring-boot-blank-archetype] INFO  o.e.m.c.i.e.AbstractTransferListenerAdapter - Downloaded https://repo.spring.io/milestone/org/glassfish/jakarta.el/3.0.2/jakarta.el-3.0.2.pom
2025-01-14 13:02:42,919 [Worker-274: Creating elm-spring-boot-blank-archetype] INFO  o.e.m.c.i.e.AbstractTransferListenerAdapter - Downloaded https://repo.maven.apache.org/maven2/org/glassfish/jakarta.el/3.0.2/jakarta.el-3.0.2.pom
2025-01-14 13:02:42,925 [Worker-274: Creating elm-spring-boot-blank-archetype] INFO  o.e.m.c.i.e.AbstractTransferListenerAdapter - Downloaded https://repo.spring.io/snapshot/org/springframework/boot/spring-boot-starter-validation/2.2.0.M5/spring-boot-starter-validation-2.2.0.M5.pom
2025-01-14 13:02:42,933 [Worker-274: Creating elm-spring-boot-blank-archetype] INFO  o.e.m.c.i.e.AbstractTransferListenerAdapter - Downloaded https://repo.spring.io/milestone/org/springframework/boot/spring-boot-starter-validation/2.2.0.M5/spring-boot-starter-validation-2.2.0.M5.pom
2025-01-14 13:02:42,938 [Worker-274: Creating elm-spring-boot-blank-archetype] INFO  o.e.m.c.i.e.AbstractTransferListenerAdapter - Downloaded https://repo.maven.apache.org/maven2/org/springframework/boot/spring-boot-starter-validation/2.2.0.M5/spring-boot-starter-validation-2.2.0.M5.pom
2025-01-14 13:02:42,943 [Worker-274: Creating elm-spring-boot-blank-archetype] INFO  o.e.m.c.i.e.AbstractTransferListenerAdapter - Downloaded https://repo.spring.io/snapshot/org/springframework/spring-webflux/5.2.0.RC1/spring-webflux-5.2.0.RC1.pom
2025-01-14 13:02:42,949 [Worker-274: Creating elm-spring-boot-blank-archetype] INFO  o.e.m.c.i.e.AbstractTransferListenerAdapter - Downloaded https://repo.spring.io/milestone/org/springframework/spring-webflux/5.2.0.RC1/spring-webflux-5.2.0.RC1.pom
2025-01-14 13:02:42,954 [Worker-274: Creating elm-spring-boot-blank-archetype] INFO  o.e.m.c.i.e.AbstractTransferListenerAdapter - Downloaded https://repo.maven.apache.org/maven2/org/springframework/spring-webflux/5.2.0.RC1/spring-webflux-5.2.0.RC1.pom
2025-01-14 13:02:42,958 [Worker-274: Creating elm-spring-boot-blank-archetype] INFO  o.e.m.c.i.e.AbstractTransferListenerAdapter - Downloaded https://repo.spring.io/snapshot/org/synchronoss/cloud/nio-multipart-parser/1.1.0/nio-multipart-parser-1.1.0.pom
2025-01-14 13:02:42,966 [Worker-274: Creating elm-spring-boot-blank-archetype] INFO  o.e.m.c.i.e.AbstractTransferListenerAdapter - Downloaded https://repo.spring.io/milestone/org/synchronoss/cloud/nio-multipart-parser/1.1.0/nio-multipart-parser-1.1.0.pom
2025-01-14 13:02:42,970 [Worker-274: Creating elm-spring-boot-blank-archetype] INFO  o.e.m.c.i.e.AbstractTransferListenerAdapter - Downloaded https://repo.maven.apache.org/maven2/org/synchronoss/cloud/nio-multipart-parser/1.1.0/nio-multipart-parser-1.1.0.pom
2025-01-14 13:02:42,974 [Worker-274: Creating elm-spring-boot-blank-archetype] INFO  o.e.m.c.i.e.AbstractTransferListenerAdapter - Downloaded https://repo.spring.io/snapshot/org/springframework/boot/spring-boot-devtools/2.2.0.M5/spring-boot-devtools-2.2.0.M5.pom
2025-01-14 13:02:42,981 [Worker-274: Creating elm-spring-boot-blank-archetype] INFO  o.e.m.c.i.e.AbstractTransferListenerAdapter - Downloaded https://repo.spring.io/milestone/org/springframework/boot/spring-boot-devtools/2.2.0.M5/spring-boot-devtools-2.2.0.M5.pom
2025-01-14 13:02:42,986 [Worker-274: Creating elm-spring-boot-blank-archetype] INFO  o.e.m.c.i.e.AbstractTransferListenerAdapter - Downloaded https://repo.maven.apache.org/maven2/org/springframework/boot/spring-boot-devtools/2.2.0.M5/spring-boot-devtools-2.2.0.M5.pom
2025-01-14 13:02:42,989 [Worker-274: Creating elm-spring-boot-blank-archetype] INFO  o.e.m.c.i.e.AbstractTransferListenerAdapter - Downloaded https://repo.spring.io/snapshot/org/springframework/boot/spring-boot-starter-test/2.2.0.M5/spring-boot-starter-test-2.2.0.M5.pom
2025-01-14 13:02:42,994 [Worker-274: Creating elm-spring-boot-blank-archetype] INFO  o.e.m.c.i.e.AbstractTransferListenerAdapter - Downloaded https://repo.spring.io/milestone/org/springframework/boot/spring-boot-starter-test/2.2.0.M5/spring-boot-starter-test-2.2.0.M5.pom
2025-01-14 13:02:42,997 [Worker-274: Creating elm-spring-boot-blank-archetype] INFO  o.e.m.c.i.e.AbstractTransferListenerAdapter - Downloaded https://repo.maven.apache.org/maven2/org/springframework/boot/spring-boot-starter-test/2.2.0.M5/spring-boot-starter-test-2.2.0.M5.pom
2025-01-14 13:02:43,000 [Worker-274: Creating elm-spring-boot-blank-archetype] INFO  o.e.m.c.i.e.AbstractTransferListenerAdapter - Downloaded https://repo.spring.io/snapshot/io/projectreactor/reactor-test/3.3.0.M3/reactor-test-3.3.0.M3.pom
2025-01-14 13:02:43,005 [Worker-274: Creating elm-spring-boot-blank-archetype] INFO  o.e.m.c.i.e.AbstractTransferListenerAdapter - Downloaded https://repo.spring.io/milestone/io/projectreactor/reactor-test/3.3.0.M3/reactor-test-3.3.0.M3.pom
2025-01-14 13:02:43,008 [Worker-274: Creating elm-spring-boot-blank-archetype] INFO  o.e.m.c.i.e.AbstractTransferListenerAdapter - Downloaded https://repo.maven.apache.org/maven2/io/projectreactor/reactor-test/3.3.0.M3/reactor-test-3.3.0.M3.pom
2025-01-14 13:02:50,108 [Worker-273: Building] INFO  o.e.m.c.i.l.LifecycleMappingFactory - Using NULL lifecycle mapping for MavenProject: com.in.akshay:02-Spring-Autowiring:0.0.1-SNAPSHOT @ C:\Users\surajendra\Work_Requests\Eclipse_Workspace\Spring\Test\02-Spring-Autowiring\pom.xml.
2025-01-14 13:02:50,456 [Worker-273: Building] INFO  o.e.m.c.i.l.LifecycleMappingFactory - Using org.eclipse.m2e.jdt.JarLifecycleMapping lifecycle mapping for MavenProject: com.in.akshay:02-Spring-Autowiring-frontend:0.0.1-SNAPSHOT @ C:\Users\surajendra\Work_Requests\Eclipse_Workspace\Spring\Test\02-Spring-Autowiring\02-Spring-Autowiring-frontend\pom.xml.
2025-01-14 13:02:51,694 [Worker-273: Building] INFO  o.e.m.c.i.e.AbstractTransferListenerAdapter - Downloaded https://repo.spring.io/snapshot/org/apache/maven/plugins/maven-resources-plugin/3.1.0/maven-resources-plugin-3.1.0.pom
2025-01-14 13:02:51,977 [Worker-273: Building] INFO  o.e.m.c.i.e.AbstractTransferListenerAdapter - Downloaded https://repo.spring.io/milestone/org/apache/maven/plugins/maven-resources-plugin/3.1.0/maven-resources-plugin-3.1.0.pom
2025-01-14 13:02:52,051 [Worker-273: Building] INFO  o.e.m.c.i.e.AbstractTransferListenerAdapter - Downloading https://repo.maven.apache.org/maven2/org/apache/maven/plugins/maven-resources-plugin/3.1.0/maven-resources-plugin-3.1.0.pom
2025-01-14 13:02:52,073 [Worker-273: Building] INFO  o.e.m.c.i.e.AbstractTransferListenerAdapter - Downloaded https://repo.maven.apache.org/maven2/org/apache/maven/plugins/maven-resources-plugin/3.1.0/maven-resources-plugin-3.1.0.pom
2025-01-14 13:02:52,385 [Worker-273: Building] INFO  o.e.m.c.i.e.AbstractTransferListenerAdapter - Downloaded https://repo.spring.io/snapshot/org/apache/maven/plugins/maven-plugins/31/maven-plugins-31.pom
2025-01-14 13:02:52,691 [Worker-273: Building] INFO  o.e.m.c.i.e.AbstractTransferListenerAdapter - Downloaded https://repo.spring.io/milestone/org/apache/maven/plugins/maven-plugins/31/maven-plugins-31.pom
2025-01-14 13:02:52,714 [Worker-273: Building] INFO  o.e.m.c.i.e.AbstractTransferListenerAdapter - Downloading https://repo.maven.apache.org/maven2/org/apache/maven/plugins/maven-plugins/31/maven-plugins-31.pom
2025-01-14 13:02:52,726 [Worker-273: Building] INFO  o.e.m.c.i.e.AbstractTransferListenerAdapter - Downloaded https://repo.maven.apache.org/maven2/org/apache/maven/plugins/maven-plugins/31/maven-plugins-31.pom
2025-01-14 13:02:52,962 [Worker-273: Building] INFO  o.e.m.c.i.e.AbstractTransferListenerAdapter - Downloaded https://repo.spring.io/snapshot/org/apache/maven/maven-parent/31/maven-parent-31.pom
2025-01-14 13:02:53,305 [Worker-273: Building] INFO  o.e.m.c.i.e.AbstractTransferListenerAdapter - Downloaded https://repo.spring.io/milestone/org/apache/maven/maven-parent/31/maven-parent-31.pom
2025-01-14 13:02:53,341 [Worker-273: Building] INFO  o.e.m.c.i.e.AbstractTransferListenerAdapter - Downloading https://repo.maven.apache.org/maven2/org/apache/maven/maven-parent/31/maven-parent-31.pom
2025-01-14 13:02:53,360 [Worker-273: Building] INFO  o.e.m.c.i.e.AbstractTransferListenerAdapter - Downloaded https://repo.maven.apache.org/maven2/org/apache/maven/maven-parent/31/maven-parent-31.pom
2025-01-14 13:02:53,612 [Worker-273: Building] INFO  o.e.m.c.i.e.AbstractTransferListenerAdapter - Downloaded https://repo.spring.io/snapshot/org/apache/apache/19/apache-19.pom
2025-01-14 13:02:53,919 [Worker-273: Building] INFO  o.e.m.c.i.e.AbstractTransferListenerAdapter - Downloaded https://repo.spring.io/milestone/org/apache/apache/19/apache-19.pom
2025-01-14 13:02:53,942 [Worker-273: Building] INFO  o.e.m.c.i.e.AbstractTransferListenerAdapter - Downloading https://repo.maven.apache.org/maven2/org/apache/apache/19/apache-19.pom
2025-01-14 13:02:53,970 [Worker-273: Building] INFO  o.e.m.c.i.e.AbstractTransferListenerAdapter - Downloaded https://repo.maven.apache.org/maven2/org/apache/apache/19/apache-19.pom
2025-01-14 13:02:54,237 [Worker-273: Building] INFO  o.e.m.c.i.e.AbstractTransferListenerAdapter - Downloaded https://repo.spring.io/snapshot/org/apache/maven/plugins/maven-jar-plugin/3.1.2/maven-jar-plugin-3.1.2.pom
2025-01-14 13:02:54,497 [Worker-273: Building] INFO  o.e.m.c.i.e.AbstractTransferListenerAdapter - Downloaded https://repo.spring.io/milestone/org/apache/maven/plugins/maven-jar-plugin/3.1.2/maven-jar-plugin-3.1.2.pom
2025-01-14 13:02:54,545 [Worker-273: Building] INFO  o.e.m.c.i.e.AbstractTransferListenerAdapter - Downloading https://repo.maven.apache.org/maven2/org/apache/maven/plugins/maven-jar-plugin/3.1.2/maven-jar-plugin-3.1.2.pom
2025-01-14 13:02:54,560 [Worker-273: Building] INFO  o.e.m.c.i.e.AbstractTransferListenerAdapter - Downloaded https://repo.maven.apache.org/maven2/org/apache/maven/plugins/maven-jar-plugin/3.1.2/maven-jar-plugin-3.1.2.pom
2025-01-14 13:02:54,947 [Worker-273: Building] INFO  o.e.m.c.i.e.AbstractTransferListenerAdapter - Downloaded https://repo.spring.io/snapshot/org/apache/maven/shared/file-management/3.0.0/file-management-3.0.0.pom
2025-01-14 13:02:55,185 [Worker-273: Building] INFO  o.e.m.c.i.e.AbstractTransferListenerAdapter - Downloaded https://repo.spring.io/milestone/org/apache/maven/shared/file-management/3.0.0/file-management-3.0.0.pom
2025-01-14 13:02:55,216 [Worker-273: Building] INFO  o.e.m.c.i.e.AbstractTransferListenerAdapter - Downloading https://repo.maven.apache.org/maven2/org/apache/maven/shared/file-management/3.0.0/file-management-3.0.0.pom
2025-01-14 13:02:55,224 [Worker-273: Building] INFO  o.e.m.c.i.e.AbstractTransferListenerAdapter - Downloaded https://repo.maven.apache.org/maven2/org/apache/maven/shared/file-management/3.0.0/file-management-3.0.0.pom
2025-01-14 13:02:55,558 [Worker-273: Building] INFO  o.e.m.c.i.e.AbstractTransferListenerAdapter - Downloaded https://repo.spring.io/snapshot/org/apache/maven/shared/maven-shared-components/22/maven-shared-components-22.pom
2025-01-14 13:02:55,867 [Worker-273: Building] INFO  o.e.m.c.i.e.AbstractTransferListenerAdapter - Downloaded https://repo.spring.io/milestone/org/apache/maven/shared/maven-shared-components/22/maven-shared-components-22.pom
2025-01-14 13:02:55,897 [Worker-273: Building] INFO  o.e.m.c.i.e.AbstractTransferListenerAdapter - Downloading https://repo.maven.apache.org/maven2/org/apache/maven/shared/maven-shared-components/22/maven-shared-components-22.pom
2025-01-14 13:02:55,910 [Worker-273: Building] INFO  o.e.m.c.i.e.AbstractTransferListenerAdapter - Downloaded https://repo.maven.apache.org/maven2/org/apache/maven/shared/maven-shared-components/22/maven-shared-components-22.pom
2025-01-14 13:02:56,172 [Worker-273: Building] INFO  o.e.m.c.i.e.AbstractTransferListenerAdapter - Downloaded https://repo.spring.io/snapshot/org/apache/maven/maven-parent/27/maven-parent-27.pom
2025-01-14 13:02:56,408 [Worker-273: Building] INFO  o.e.m.c.i.e.AbstractTransferListenerAdapter - Downloaded https://repo.spring.io/milestone/org/apache/maven/maven-parent/27/maven-parent-27.pom
2025-01-14 13:02:56,427 [Worker-273: Building] INFO  o.e.m.c.i.e.AbstractTransferListenerAdapter - Downloading https://repo.maven.apache.org/maven2/org/apache/maven/maven-parent/27/maven-parent-27.pom
2025-01-14 13:02:56,463 [Worker-273: Building] INFO  o.e.m.c.i.e.AbstractTransferListenerAdapter - Downloaded https://repo.maven.apache.org/maven2/org/apache/maven/maven-parent/27/maven-parent-27.pom
2025-01-14 13:02:56,792 [Worker-273: Building] INFO  o.e.m.c.i.e.AbstractTransferListenerAdapter - Downloaded https://repo.spring.io/snapshot/org/apache/apache/17/apache-17.pom
2025-01-14 13:02:57,094 [Worker-273: Building] INFO  o.e.m.c.i.e.AbstractTransferListenerAdapter - Downloaded https://repo.spring.io/milestone/org/apache/apache/17/apache-17.pom
2025-01-14 13:02:57,116 [Worker-273: Building] INFO  o.e.m.c.i.e.AbstractTransferListenerAdapter - Downloading https://repo.maven.apache.org/maven2/org/apache/apache/17/apache-17.pom
2025-01-14 13:02:57,138 [Worker-273: Building] INFO  o.e.m.c.i.e.AbstractTransferListenerAdapter - Downloaded https://repo.maven.apache.org/maven2/org/apache/apache/17/apache-17.pom
2025-01-14 13:02:57,401 [Worker-273: Building] INFO  o.e.m.c.i.e.AbstractTransferListenerAdapter - Downloaded https://repo.spring.io/snapshot/org/apache/maven/shared/maven-shared-io/3.0.0/maven-shared-io-3.0.0.pom
2025-01-14 13:02:57,708 [Worker-273: Building] INFO  o.e.m.c.i.e.AbstractTransferListenerAdapter - Downloaded https://repo.spring.io/milestone/org/apache/maven/shared/maven-shared-io/3.0.0/maven-shared-io-3.0.0.pom
2025-01-14 13:02:57,741 [Worker-273: Building] INFO  o.e.m.c.i.e.AbstractTransferListenerAdapter - Downloading https://repo.maven.apache.org/maven2/org/apache/maven/shared/maven-shared-io/3.0.0/maven-shared-io-3.0.0.pom
2025-01-14 13:02:57,751 [Worker-273: Building] INFO  o.e.m.c.i.e.AbstractTransferListenerAdapter - Downloaded https://repo.maven.apache.org/maven2/org/apache/maven/shared/maven-shared-io/3.0.0/maven-shared-io-3.0.0.pom
2025-01-14 13:02:58,017 [Worker-273: Building] INFO  o.e.m.c.i.e.AbstractTransferListenerAdapter - Downloaded https://repo.spring.io/snapshot/org/apache/maven/maven-compat/3.0/maven-compat-3.0.pom
2025-01-14 13:02:58,328 [Worker-273: Building] INFO  o.e.m.c.i.e.AbstractTransferListenerAdapter - Downloaded https://repo.spring.io/milestone/org/apache/maven/maven-compat/3.0/maven-compat-3.0.pom
2025-01-14 13:02:58,349 [Worker-273: Building] INFO  o.e.m.c.i.e.AbstractTransferListenerAdapter - Downloading https://repo.maven.apache.org/maven2/org/apache/maven/maven-compat/3.0/maven-compat-3.0.pom
2025-01-14 13:02:58,357 [Worker-273: Building] INFO  o.e.m.c.i.e.AbstractTransferListenerAdapter - Downloaded https://repo.maven.apache.org/maven2/org/apache/maven/maven-compat/3.0/maven-compat-3.0.pom
2025-01-14 13:02:58,594 [Worker-273: Building] INFO  o.e.m.c.i.e.AbstractTransferListenerAdapter - Downloaded https://repo.spring.io/snapshot/org/apache/maven/wagon/wagon-provider-api/1.0-beta-6/wagon-provider-api-1.0-beta-6.pom
2025-01-14 13:02:58,835 [Worker-273: Building] INFO  o.e.m.c.i.e.AbstractTransferListenerAdapter - Downloaded https://repo.spring.io/milestone/org/apache/maven/wagon/wagon-provider-api/1.0-beta-6/wagon-provider-api-1.0-beta-6.pom
2025-01-14 13:02:58,881 [Worker-273: Building] INFO  o.e.m.c.i.e.AbstractTransferListenerAdapter - Downloading https://repo.maven.apache.org/maven2/org/apache/maven/wagon/wagon-provider-api/1.0-beta-6/wagon-provider-api-1.0-beta-6.pom
2025-01-14 13:02:58,898 [Worker-273: Building] INFO  o.e.m.c.i.e.AbstractTransferListenerAdapter - Downloaded https://repo.maven.apache.org/maven2/org/apache/maven/wagon/wagon-provider-api/1.0-beta-6/wagon-provider-api-1.0-beta-6.pom
2025-01-14 13:02:59,134 [Worker-273: Building] INFO  o.e.m.c.i.e.AbstractTransferListenerAdapter - Downloaded https://repo.spring.io/snapshot/org/apache/maven/wagon/wagon/1.0-beta-6/wagon-1.0-beta-6.pom
2025-01-14 13:02:59,383 [Worker-273: Building] INFO  o.e.m.c.i.e.AbstractTransferListenerAdapter - Downloaded https://repo.spring.io/milestone/org/apache/maven/wagon/wagon/1.0-beta-6/wagon-1.0-beta-6.pom
2025-01-14 13:02:59,421 [Worker-273: Building] INFO  o.e.m.c.i.e.AbstractTransferListenerAdapter - Downloading https://repo.maven.apache.org/maven2/org/apache/maven/wagon/wagon/1.0-beta-6/wagon-1.0-beta-6.pom
2025-01-14 13:02:59,434 [Worker-273: Building] INFO  o.e.m.c.i.e.AbstractTransferListenerAdapter - Downloaded https://repo.maven.apache.org/maven2/org/apache/maven/wagon/wagon/1.0-beta-6/wagon-1.0-beta-6.pom
2025-01-14 13:02:59,674 [Worker-273: Building] INFO  o.e.m.c.i.e.AbstractTransferListenerAdapter - Downloaded https://repo.spring.io/snapshot/org/codehaus/plexus/plexus-utils/1.4.2/plexus-utils-1.4.2.pom
2025-01-14 13:02:59,961 [Worker-273: Building] INFO  o.e.m.c.i.e.AbstractTransferListenerAdapter - Downloaded https://repo.spring.io/milestone/org/codehaus/plexus/plexus-utils/1.4.2/plexus-utils-1.4.2.pom
2025-01-14 13:02:59,990 [Worker-273: Building] INFO  o.e.m.c.i.e.AbstractTransferListenerAdapter - Downloading https://repo.maven.apache.org/maven2/org/codehaus/plexus/plexus-utils/1.4.2/plexus-utils-1.4.2.pom
2025-01-14 13:03:00,004 [Worker-273: Building] INFO  o.e.m.c.i.e.AbstractTransferListenerAdapter - Downloaded https://repo.maven.apache.org/maven2/org/codehaus/plexus/plexus-utils/1.4.2/plexus-utils-1.4.2.pom
2025-01-14 13:03:00,268 [Worker-273: Building] INFO  o.e.m.c.i.e.AbstractTransferListenerAdapter - Downloaded https://repo.spring.io/snapshot/org/apache/maven/wagon/wagon-provider-api/2.10/wagon-provider-api-2.10.pom
2025-01-14 13:03:00,577 [Worker-273: Building] INFO  o.e.m.c.i.e.AbstractTransferListenerAdapter - Downloaded https://repo.spring.io/milestone/org/apache/maven/wagon/wagon-provider-api/2.10/wagon-provider-api-2.10.pom
2025-01-14 13:03:00,602 [Worker-273: Building] INFO  o.e.m.c.i.e.AbstractTransferListenerAdapter - Downloading https://repo.maven.apache.org/maven2/org/apache/maven/wagon/wagon-provider-api/2.10/wagon-provider-api-2.10.pom
2025-01-14 13:03:00,628 [Worker-273: Building] INFO  o.e.m.c.i.e.AbstractTransferListenerAdapter - Downloaded https://repo.maven.apache.org/maven2/org/apache/maven/wagon/wagon-provider-api/2.10/wagon-provider-api-2.10.pom
2025-01-14 13:03:00,883 [Worker-273: Building] INFO  o.e.m.c.i.e.AbstractTransferListenerAdapter - Downloaded https://repo.spring.io/snapshot/org/apache/maven/wagon/wagon/2.10/wagon-2.10.pom
2025-01-14 13:03:01,135 [Worker-273: Building] INFO  o.e.m.c.i.e.AbstractTransferListenerAdapter - Downloaded https://repo.spring.io/milestone/org/apache/maven/wagon/wagon/2.10/wagon-2.10.pom
2025-01-14 13:03:01,157 [Worker-273: Building] INFO  o.e.m.c.i.e.AbstractTransferListenerAdapter - Downloading https://repo.maven.apache.org/maven2/org/apache/maven/wagon/wagon/2.10/wagon-2.10.pom
2025-01-14 13:03:01,189 [Worker-273: Building] INFO  o.e.m.c.i.e.AbstractTransferListenerAdapter - Downloaded https://repo.maven.apache.org/maven2/org/apache/maven/wagon/wagon/2.10/wagon-2.10.pom
2025-01-14 13:03:01,425 [Worker-273: Building] INFO  o.e.m.c.i.e.AbstractTransferListenerAdapter - Downloaded https://repo.spring.io/snapshot/org/apache/maven/maven-parent/26/maven-parent-26.pom
2025-01-14 13:03:01,701 [Worker-273: Building] INFO  o.e.m.c.i.e.AbstractTransferListenerAdapter - Downloaded https://repo.spring.io/milestone/org/apache/maven/maven-parent/26/maven-parent-26.pom
2025-01-14 13:03:01,735 [Worker-273: Building] INFO  o.e.m.c.i.e.AbstractTransferListenerAdapter - Downloading https://repo.maven.apache.org/maven2/org/apache/maven/maven-parent/26/maven-parent-26.pom
2025-01-14 13:03:01,754 [Worker-273: Building] INFO  o.e.m.c.i.e.AbstractTransferListenerAdapter - Downloaded https://repo.maven.apache.org/maven2/org/apache/maven/maven-parent/26/maven-parent-26.pom
2025-01-14 13:03:02,009 [Worker-273: Building] INFO  o.e.m.c.i.e.AbstractTransferListenerAdapter - Downloaded https://repo.spring.io/snapshot/org/codehaus/plexus/plexus-utils/3.0.15/plexus-utils-3.0.15.pom
2025-01-14 13:03:02,320 [Worker-273: Building] INFO  o.e.m.c.i.e.AbstractTransferListenerAdapter - Downloaded https://repo.spring.io/milestone/org/codehaus/plexus/plexus-utils/3.0.15/plexus-utils-3.0.15.pom
2025-01-14 13:03:02,355 [Worker-273: Building] INFO  o.e.m.c.i.e.AbstractTransferListenerAdapter - Downloading https://repo.maven.apache.org/maven2/org/codehaus/plexus/plexus-utils/3.0.15/plexus-utils-3.0.15.pom
2025-01-14 13:03:02,364 [Worker-273: Building] INFO  o.e.m.c.i.e.AbstractTransferListenerAdapter - Downloaded https://repo.maven.apache.org/maven2/org/codehaus/plexus/plexus-utils/3.0.15/plexus-utils-3.0.15.pom
2025-01-14 13:03:02,726 [Worker-273: Building] INFO  o.e.m.c.i.e.AbstractTransferListenerAdapter - Downloaded https://repo.spring.io/snapshot/org/apache/maven/maven-archiver/3.4.0/maven-archiver-3.4.0.pom
2025-01-14 13:03:03,034 [Worker-273: Building] INFO  o.e.m.c.i.e.AbstractTransferListenerAdapter - Downloaded https://repo.spring.io/milestone/org/apache/maven/maven-archiver/3.4.0/maven-archiver-3.4.0.pom
2025-01-14 13:03:03,070 [Worker-273: Building] INFO  o.e.m.c.i.e.AbstractTransferListenerAdapter - Downloading https://repo.maven.apache.org/maven2/org/apache/maven/maven-archiver/3.4.0/maven-archiver-3.4.0.pom
2025-01-14 13:03:03,080 [Worker-273: Building] INFO  o.e.m.c.i.e.AbstractTransferListenerAdapter - Downloaded https://repo.maven.apache.org/maven2/org/apache/maven/maven-archiver/3.4.0/maven-archiver-3.4.0.pom
2025-01-14 13:03:03,342 [Worker-273: Building] INFO  o.e.m.c.i.e.AbstractTransferListenerAdapter - Downloaded https://repo.spring.io/snapshot/org/apache/maven/shared/maven-shared-components/33/maven-shared-components-33.pom
2025-01-14 13:03:03,650 [Worker-273: Building] INFO  o.e.m.c.i.e.AbstractTransferListenerAdapter - Downloaded https://repo.spring.io/milestone/org/apache/maven/shared/maven-shared-components/33/maven-shared-components-33.pom
2025-01-14 13:03:03,671 [Worker-273: Building] INFO  o.e.m.c.i.e.AbstractTransferListenerAdapter - Downloading https://repo.maven.apache.org/maven2/org/apache/maven/shared/maven-shared-components/33/maven-shared-components-33.pom
2025-01-14 13:03:03,691 [Worker-273: Building] INFO  o.e.m.c.i.e.AbstractTransferListenerAdapter - Downloaded https://repo.maven.apache.org/maven2/org/apache/maven/shared/maven-shared-components/33/maven-shared-components-33.pom
2025-01-14 13:03:03,964 [Worker-273: Building] INFO  o.e.m.c.i.e.AbstractTransferListenerAdapter - Downloaded https://repo.spring.io/snapshot/org/codehaus/plexus/plexus-archiver/4.1.0/plexus-archiver-4.1.0.pom
2025-01-14 13:03:04,202 [Worker-273: Building] INFO  o.e.m.c.i.e.AbstractTransferListenerAdapter - Downloaded https://repo.spring.io/milestone/org/codehaus/plexus/plexus-archiver/4.1.0/plexus-archiver-4.1.0.pom
2025-01-14 13:03:04,256 [Worker-273: Building] INFO  o.e.m.c.i.e.AbstractTransferListenerAdapter - Downloading https://repo.maven.apache.org/maven2/org/codehaus/plexus/plexus-archiver/4.1.0/plexus-archiver-4.1.0.pom
2025-01-14 13:03:04,274 [Worker-273: Building] INFO  o.e.m.c.i.e.AbstractTransferListenerAdapter - Downloaded https://repo.maven.apache.org/maven2/org/codehaus/plexus/plexus-archiver/4.1.0/plexus-archiver-4.1.0.pom
2025-01-14 13:03:04,521 [Worker-273: Building] INFO  o.e.m.c.i.e.AbstractTransferListenerAdapter - Downloaded https://repo.spring.io/snapshot/org/codehaus/plexus/plexus-utils/3.1.1/plexus-utils-3.1.1.pom
2025-01-14 13:03:04,775 [Worker-273: Building] INFO  o.e.m.c.i.e.AbstractTransferListenerAdapter - Downloaded https://repo.spring.io/milestone/org/codehaus/plexus/plexus-utils/3.1.1/plexus-utils-3.1.1.pom
2025-01-14 13:03:04,782 [Worker-273: Building] INFO  o.e.m.c.i.e.AbstractTransferListenerAdapter - Downloaded https://repo.maven.apache.org/maven2/org/codehaus/plexus/plexus-utils/3.1.1/plexus-utils-3.1.1.pom
2025-01-14 13:03:04,797 [Worker-273: Building] INFO  o.e.m.c.i.e.AbstractTransferListenerAdapter - Downloaded https://repo.spring.io/snapshot/org/codehaus/plexus/plexus-io/3.1.1/plexus-io-3.1.1.pom
2025-01-14 13:03:04,804 [Worker-273: Building] INFO  o.e.m.c.i.e.AbstractTransferListenerAdapter - Downloaded https://repo.spring.io/milestone/org/codehaus/plexus/plexus-io/3.1.1/plexus-io-3.1.1.pom
2025-01-14 13:03:04,808 [Worker-273: Building] INFO  o.e.m.c.i.e.AbstractTransferListenerAdapter - Downloaded https://repo.maven.apache.org/maven2/org/codehaus/plexus/plexus-io/3.1.1/plexus-io-3.1.1.pom
2025-01-14 13:03:04,811 [Worker-273: Building] INFO  o.e.m.c.i.e.AbstractTransferListenerAdapter - Downloaded https://repo.spring.io/snapshot/org/apache/commons/commons-compress/1.18/commons-compress-1.18.pom
2025-01-14 13:03:04,816 [Worker-273: Building] INFO  o.e.m.c.i.e.AbstractTransferListenerAdapter - Downloaded https://repo.spring.io/milestone/org/apache/commons/commons-compress/1.18/commons-compress-1.18.pom
2025-01-14 13:03:04,819 [Worker-273: Building] INFO  o.e.m.c.i.e.AbstractTransferListenerAdapter - Downloaded https://repo.maven.apache.org/maven2/org/apache/commons/commons-compress/1.18/commons-compress-1.18.pom
2025-01-14 13:03:04,825 [Worker-273: Building] INFO  o.e.m.c.i.e.AbstractTransferListenerAdapter - Downloaded https://repo.spring.io/snapshot/org/tukaani/xz/1.8/xz-1.8.pom
2025-01-14 13:03:04,830 [Worker-273: Building] INFO  o.e.m.c.i.e.AbstractTransferListenerAdapter - Downloaded https://repo.spring.io/milestone/org/tukaani/xz/1.8/xz-1.8.pom
2025-01-14 13:03:04,832 [Worker-273: Building] INFO  o.e.m.c.i.e.AbstractTransferListenerAdapter - Downloaded https://repo.maven.apache.org/maven2/org/tukaani/xz/1.8/xz-1.8.pom
2025-01-14 13:03:04,835 [Worker-273: Building] INFO  o.e.m.c.i.e.AbstractTransferListenerAdapter - Downloaded https://repo.spring.io/snapshot/org/codehaus/plexus/plexus-utils/3.1.0/plexus-utils-3.1.0.pom
2025-01-14 13:03:04,839 [Worker-273: Building] INFO  o.e.m.c.i.e.AbstractTransferListenerAdapter - Downloaded https://repo.spring.io/milestone/org/codehaus/plexus/plexus-utils/3.1.0/plexus-utils-3.1.0.pom
2025-01-14 13:03:04,843 [Worker-273: Building] INFO  o.e.m.c.i.e.AbstractTransferListenerAdapter - Downloaded https://repo.maven.apache.org/maven2/org/codehaus/plexus/plexus-utils/3.1.0/plexus-utils-3.1.0.pom
2025-01-14 13:03:04,846 [Worker-273: Building] INFO  o.e.m.c.i.e.AbstractTransferListenerAdapter - Downloaded https://repo.spring.io/snapshot/org/codehaus/plexus/plexus-interpolation/1.25/plexus-interpolation-1.25.pom
2025-01-14 13:03:04,849 [Worker-273: Building] INFO  o.e.m.c.i.e.AbstractTransferListenerAdapter - Downloaded https://repo.spring.io/milestone/org/codehaus/plexus/plexus-interpolation/1.25/plexus-interpolation-1.25.pom
2025-01-14 13:03:04,852 [Worker-273: Building] INFO  o.e.m.c.i.e.AbstractTransferListenerAdapter - Downloaded https://repo.maven.apache.org/maven2/org/codehaus/plexus/plexus-interpolation/1.25/plexus-interpolation-1.25.pom
2025-01-14 13:03:04,853 [Worker-273: Building] INFO  o.e.m.c.i.e.AbstractTransferListenerAdapter - Downloaded https://repo.spring.io/snapshot/org/codehaus/plexus/plexus-utils/3.2.0/plexus-utils-3.2.0.pom
2025-01-14 13:03:04,859 [Worker-273: Building] INFO  o.e.m.c.i.e.AbstractTransferListenerAdapter - Downloaded https://repo.spring.io/milestone/org/codehaus/plexus/plexus-utils/3.2.0/plexus-utils-3.2.0.pom
2025-01-14 13:03:04,862 [Worker-273: Building] INFO  o.e.m.c.i.e.AbstractTransferListenerAdapter - Downloaded https://repo.maven.apache.org/maven2/org/codehaus/plexus/plexus-utils/3.2.0/plexus-utils-3.2.0.pom
2025-01-14 13:03:04,874 [Worker-276: Updating Maven Project] INFO  o.e.m.c.i.p.ProjectConfigurationManager - Update started
2025-01-14 13:03:04,995 [Worker-276: Updating Maven Project] INFO  o.e.m.c.i.l.LifecycleMappingFactory - Using NULL lifecycle mapping for MavenProject: com.in.akshay:02-Spring-Autowiring:0.0.1-SNAPSHOT @ C:\Users\surajendra\Work_Requests\Eclipse_Workspace\Spring\Test\02-Spring-Autowiring\pom.xml.
2025-01-14 13:03:05,038 [Worker-276: Updating Maven Project] INFO  o.e.m.c.i.l.LifecycleMappingFactory - Using org.eclipse.m2e.jdt.JarLifecycleMapping lifecycle mapping for MavenProject: com.in.akshay:02-Spring-Autowiring-frontend:0.0.1-SNAPSHOT @ C:\Users\surajendra\Work_Requests\Eclipse_Workspace\Spring\Test\02-Spring-Autowiring\02-Spring-Autowiring-frontend\pom.xml.
2025-01-14 13:03:05,309 [Worker-276: Updating Maven Project] INFO  o.e.m.c.i.p.ProjectConfigurationManager - Update completed for 1 poms: local refresh takes 0.00 sec, refresh facades takes 0.00 sec, update config takes 0.00 sec 
2025-01-14 13:03:05,309 [Worker-278: Updating Maven Project] INFO  o.e.m.c.i.p.ProjectConfigurationManager - Update started
2025-01-14 13:03:05,531 [Worker-278: Updating Maven Project] INFO  o.e.m.c.i.l.LifecycleMappingFactory - Using org.eclipse.m2e.jdt.JarLifecycleMapping lifecycle mapping for MavenProject: com.in.akshay:02-Spring-Autowiring-frontend:0.0.1-SNAPSHOT @ C:\Users\surajendra\Work_Requests\Eclipse_Workspace\Spring\Test\02-Spring-Autowiring\02-Spring-Autowiring-frontend\pom.xml.
2025-01-14 13:03:06,823 [Worker-278: Updating Maven Project] INFO  o.e.m.c.i.e.AbstractTransferListenerAdapter - Downloaded https://repo.spring.io/snapshot/org/codehaus/plexus/plexus-utils/3.1.0/plexus-utils-3.1.0.jar
2025-01-14 13:03:06,844 [Worker-278: Updating Maven Project] INFO  o.e.m.c.i.e.AbstractTransferListenerAdapter - Downloaded https://repo.spring.io/milestone/org/codehaus/plexus/plexus-utils/3.1.0/plexus-utils-3.1.0.jar
2025-01-14 13:03:06,894 [Worker-278: Updating Maven Project] INFO  o.e.m.c.i.e.AbstractTransferListenerAdapter - Downloaded https://repo.maven.apache.org/maven2/org/codehaus/plexus/plexus-utils/3.1.0/plexus-utils-3.1.0.jar
2025-01-14 13:03:06,904 [Worker-278: Updating Maven Project] INFO  o.e.m.c.i.p.ProjectConfigurationManager - Update completed for 1 poms: local refresh takes 0.00 sec, refresh facades takes 0.00 sec, update config takes 1.00 sec 
2025-01-14 13:03:06,984 [Worker-277: Updating Maven Project] INFO  o.e.m.c.i.p.ProjectConfigurationManager - Update started
2025-01-14 13:03:07,448 [Worker-277: Updating Maven Project] INFO  o.e.m.c.i.l.LifecycleMappingFactory - Using org.eclipse.m2e.jdt.JarLifecycleMapping lifecycle mapping for MavenProject: com.in.akshay:02-Spring-Autowiring-frontend:0.0.1-SNAPSHOT @ C:\Users\surajendra\Work_Requests\Eclipse_Workspace\Spring\Test\02-Spring-Autowiring\02-Spring-Autowiring-frontend\pom.xml.
2025-01-14 13:03:07,795 [Worker-277: Updating Maven Project] INFO  o.e.m.c.i.p.ProjectConfigurationManager - Update completed for 1 poms: local refresh takes 0.00 sec, refresh facades takes 0.00 sec, update config takes 0.00 sec 
2025-01-14 13:04:30,730 [Worker-279: Import Getting Started Content] INFO  o.e.m.c.i.l.LifecycleMappingFactory - Using org.eclipse.m2e.jdt.JarLifecycleMapping lifecycle mapping for MavenProject: com.in.akshay:02-Spring-Autowiring:0.0.1-SNAPSHOT @ C:\Users\surajendra\Work_Requests\Eclipse_Workspace\Spring\Test\01-Spring-ComponentScan-1\pom.xml.
2025-01-14 13:04:31,135 [Worker-279: Import Getting Started Content] INFO  o.e.m.j.i.AbstractJavaProjectConfigurator - Adding source folder /01-Spring-ComponentScan-1/src/main/java
2025-01-14 13:04:31,136 [Worker-279: Import Getting Started Content] INFO  o.e.m.j.i.AbstractJavaProjectConfigurator - Adding resource folder /01-Spring-ComponentScan-1/src/main/resources
2025-01-14 13:04:31,140 [Worker-279: Import Getting Started Content] INFO  o.e.m.j.i.AbstractJavaProjectConfigurator - Adding resource folder /01-Spring-ComponentScan-1/src/main/resources
2025-01-14 13:04:31,144 [Worker-279: Import Getting Started Content] INFO  o.e.m.j.i.AbstractJavaProjectConfigurator - Adding source folder /01-Spring-ComponentScan-1/src/test/java
2025-01-14 13:04:31,145 [Worker-279: Import Getting Started Content] INFO  o.e.m.j.i.AbstractJavaProjectConfigurator - Adding resource folder /01-Spring-ComponentScan-1/src/test/resources
2025-01-14 13:04:31,320 [Worker-279: Import Getting Started Content] INFO  o.e.m.c.i.p.ProjectConfigurationManager - Imported and configured 1 project(s) in 1 sec
2025-01-14 13:04:31,320 [Worker-279: Import Getting Started Content] INFO  o.e.m.c.i.p.ProjectConfigurationManager - Update started
2025-01-14 13:04:31,577 [Worker-279: Import Getting Started Content] INFO  o.e.m.c.i.l.LifecycleMappingFactory - Using org.eclipse.m2e.jdt.JarLifecycleMapping lifecycle mapping for MavenProject: com.in.akshay:02-Spring-Autowiring:0.0.1-SNAPSHOT @ C:\Users\surajendra\Work_Requests\Eclipse_Workspace\Spring\Test\01-Spring-ComponentScan-1\pom.xml.
2025-01-14 13:04:31,904 [Worker-279: Import Getting Started Content] INFO  o.e.m.j.i.AbstractJavaProjectConfigurator - Adding source folder /01-Spring-ComponentScan-1/src/main/java
2025-01-14 13:04:31,905 [Worker-279: Import Getting Started Content] INFO  o.e.m.j.i.AbstractJavaProjectConfigurator - Adding resource folder /01-Spring-ComponentScan-1/src/main/resources
2025-01-14 13:04:31,906 [Worker-279: Import Getting Started Content] INFO  o.e.m.j.i.AbstractJavaProjectConfigurator - Adding resource folder /01-Spring-ComponentScan-1/src/main/resources
2025-01-14 13:04:31,906 [Worker-279: Import Getting Started Content] INFO  o.e.m.j.i.AbstractJavaProjectConfigurator - Adding source folder /01-Spring-ComponentScan-1/src/test/java
2025-01-14 13:04:31,907 [Worker-279: Import Getting Started Content] INFO  o.e.m.j.i.AbstractJavaProjectConfigurator - Adding resource folder /01-Spring-ComponentScan-1/src/test/resources
2025-01-14 13:04:32,096 [Worker-279: Import Getting Started Content] INFO  o.e.m.c.i.p.ProjectConfigurationManager - Update completed for 1 poms: local refresh takes 0.00 sec, refresh facades takes 0.00 sec, update config takes 0.00 sec 
2025-01-14 13:04:32,416 [Worker-275: Building] INFO  o.a.m.s.f.DefaultMavenResourcesFiltering - Copying 1 resource from src\main\resources to target\classes
2025-01-14 13:04:32,426 [Worker-275: Building] INFO  o.a.m.s.f.DefaultMavenResourcesFiltering - Copying 0 resource from src\main\resources to target\classes
2025-01-14 13:04:32,429 [Worker-275: Building] INFO  o.a.m.s.f.DefaultMavenResourcesFiltering - skip non existing resourceDirectory C:\Users\surajendra\Work_Requests\Eclipse_Workspace\Spring\Test\01-Spring-ComponentScan-1\src\test\resources
2025-01-14 13:07:46,036 [Worker-281: Import Getting Started Content] INFO  o.e.m.c.i.l.LifecycleMappingFactory - Using org.eclipse.m2e.jdt.JarLifecycleMapping lifecycle mapping for MavenProject: com.in.akshay:02-Spring-Autowiring:0.0.1-SNAPSHOT @ C:\Users\surajendra\Work_Requests\Eclipse_Workspace\Spring\02-Spring-Autowiring\pom.xml.
2025-01-14 13:07:46,502 [Worker-281: Import Getting Started Content] INFO  o.e.m.j.i.AbstractJavaProjectConfigurator - Adding source folder /02-Spring-Autowiring/src/main/java
2025-01-14 13:07:46,503 [Worker-281: Import Getting Started Content] INFO  o.e.m.j.i.AbstractJavaProjectConfigurator - Adding resource folder /02-Spring-Autowiring/src/main/resources
2025-01-14 13:07:46,513 [Worker-281: Import Getting Started Content] INFO  o.e.m.j.i.AbstractJavaProjectConfigurator - Adding resource folder /02-Spring-Autowiring/src/main/resources
2025-01-14 13:07:46,517 [Worker-281: Import Getting Started Content] INFO  o.e.m.j.i.AbstractJavaProjectConfigurator - Adding source folder /02-Spring-Autowiring/src/test/java
2025-01-14 13:07:46,518 [Worker-281: Import Getting Started Content] INFO  o.e.m.j.i.AbstractJavaProjectConfigurator - Adding resource folder /02-Spring-Autowiring/src/test/resources
2025-01-14 13:07:46,702 [Worker-281: Import Getting Started Content] INFO  o.e.m.c.i.p.ProjectConfigurationManager - Imported and configured 1 project(s) in 1 sec
2025-01-14 13:07:46,703 [Worker-281: Import Getting Started Content] INFO  o.e.m.c.i.p.ProjectConfigurationManager - Update started
2025-01-14 13:07:47,017 [Worker-281: Import Getting Started Content] INFO  o.e.m.c.i.l.LifecycleMappingFactory - Using org.eclipse.m2e.jdt.JarLifecycleMapping lifecycle mapping for MavenProject: com.in.akshay:02-Spring-Autowiring:0.0.1-SNAPSHOT @ C:\Users\surajendra\Work_Requests\Eclipse_Workspace\Spring\02-Spring-Autowiring\pom.xml.
2025-01-14 13:07:47,287 [Worker-281: Import Getting Started Content] INFO  o.e.m.j.i.AbstractJavaProjectConfigurator - Adding source folder /02-Spring-Autowiring/src/main/java
2025-01-14 13:07:47,287 [Worker-281: Import Getting Started Content] INFO  o.e.m.j.i.AbstractJavaProjectConfigurator - Adding resource folder /02-Spring-Autowiring/src/main/resources
2025-01-14 13:07:47,288 [Worker-281: Import Getting Started Content] INFO  o.e.m.j.i.AbstractJavaProjectConfigurator - Adding resource folder /02-Spring-Autowiring/src/main/resources
2025-01-14 13:07:47,288 [Worker-281: Import Getting Started Content] INFO  o.e.m.j.i.AbstractJavaProjectConfigurator - Adding source folder /02-Spring-Autowiring/src/test/java
2025-01-14 13:07:47,288 [Worker-281: Import Getting Started Content] INFO  o.e.m.j.i.AbstractJavaProjectConfigurator - Adding resource folder /02-Spring-Autowiring/src/test/resources
2025-01-14 13:07:47,403 [Worker-281: Import Getting Started Content] INFO  o.e.m.c.i.p.ProjectConfigurationManager - Update completed for 1 poms: local refresh takes 0.00 sec, refresh facades takes 0.00 sec, update config takes 0.00 sec 
2025-01-14 13:07:47,695 [Worker-277: Building] INFO  o.a.m.s.f.DefaultMavenResourcesFiltering - Copying 1 resource from src\main\resources to target\classes
2025-01-14 13:07:47,714 [Worker-277: Building] INFO  o.a.m.s.f.DefaultMavenResourcesFiltering - Copying 0 resource from src\main\resources to target\classes
2025-01-14 13:07:47,717 [Worker-277: Building] INFO  o.a.m.s.f.DefaultMavenResourcesFiltering - skip non existing resourceDirectory C:\Users\surajendra\Work_Requests\Eclipse_Workspace\Spring\02-Spring-Autowiring\src\test\resources
2025-01-14 13:09:39,656 [Worker-278: Building] INFO  o.a.m.s.f.DefaultMavenResourcesFiltering - Copying 1 resource from src\main\resources to target\classes
2025-01-14 13:09:39,664 [Worker-278: Building] INFO  o.a.m.s.f.DefaultMavenResourcesFiltering - Copying 0 resource from src\main\resources to target\classes
2025-01-14 13:09:39,666 [Worker-278: Building] INFO  o.a.m.s.f.DefaultMavenResourcesFiltering - skip non existing resourceDirectory C:\Users\surajendra\Work_Requests\Eclipse_Workspace\Spring\02-Spring-Autowiring\src\test\resources
2025-01-14 13:10:05,384 [Worker-283: Building] INFO  o.a.m.s.f.DefaultMavenResourcesFiltering - Copying 1 resource from src\main\resources to target\classes
2025-01-14 13:10:05,389 [Worker-283: Building] INFO  o.a.m.s.f.DefaultMavenResourcesFiltering - Copying 0 resource from src\main\resources to target\classes
2025-01-14 13:10:05,394 [Worker-283: Building] INFO  o.a.m.s.f.DefaultMavenResourcesFiltering - skip non existing resourceDirectory C:\Users\surajendra\Work_Requests\Eclipse_Workspace\Spring\02-Spring-Autowiring\src\test\resources
2025-01-14 13:10:20,558 [Worker-277: Building] INFO  o.a.m.s.f.DefaultMavenResourcesFiltering - Copying 1 resource from src\main\resources to target\classes
2025-01-14 13:10:20,565 [Worker-277: Building] INFO  o.a.m.s.f.DefaultMavenResourcesFiltering - Copying 0 resource from src\main\resources to target\classes
2025-01-14 13:10:20,567 [Worker-277: Building] INFO  o.a.m.s.f.DefaultMavenResourcesFiltering - skip non existing resourceDirectory C:\Users\surajendra\Work_Requests\Eclipse_Workspace\Spring\02-Spring-Autowiring\src\test\resources
2025-01-14 13:11:07,329 [Worker-281: Building] INFO  o.a.m.s.f.DefaultMavenResourcesFiltering - Copying 1 resource from src\main\resources to target\classes
2025-01-14 13:11:07,340 [Worker-281: Building] INFO  o.a.m.s.f.DefaultMavenResourcesFiltering - Copying 0 resource from src\main\resources to target\classes
2025-01-14 13:11:07,345 [Worker-281: Building] INFO  o.a.m.s.f.DefaultMavenResourcesFiltering - skip non existing resourceDirectory C:\Users\surajendra\Work_Requests\Eclipse_Workspace\Spring\02-Spring-Autowiring\src\test\resources
2025-01-14 13:11:51,044 [Worker-283: Building] INFO  o.a.m.s.f.DefaultMavenResourcesFiltering - Copying 1 resource from src\main\resources to target\classes
2025-01-14 13:11:51,052 [Worker-283: Building] INFO  o.a.m.s.f.DefaultMavenResourcesFiltering - Copying 0 resource from src\main\resources to target\classes
2025-01-14 13:11:51,057 [Worker-283: Building] INFO  o.a.m.s.f.DefaultMavenResourcesFiltering - skip non existing resourceDirectory C:\Users\surajendra\Work_Requests\Eclipse_Workspace\Spring\02-Spring-Autowiring\src\test\resources
2025-01-14 13:13:03,027 [Worker-278: Building] INFO  o.a.m.s.f.DefaultMavenResourcesFiltering - Copying 1 resource from src\main\resources to target\classes
2025-01-14 13:13:03,042 [Worker-278: Building] INFO  o.a.m.s.f.DefaultMavenResourcesFiltering - Copying 0 resource from src\main\resources to target\classes
2025-01-14 13:13:03,050 [Worker-278: Building] INFO  o.a.m.s.f.DefaultMavenResourcesFiltering - skip non existing resourceDirectory C:\Users\surajendra\Work_Requests\Eclipse_Workspace\Spring\02-Spring-Autowiring\src\test\resources
2025-01-14 13:13:36,245 [Worker-279: Building] INFO  o.a.m.s.f.DefaultMavenResourcesFiltering - Copying 1 resource from src\main\resources to target\classes
2025-01-14 13:13:36,257 [Worker-279: Building] INFO  o.a.m.s.f.DefaultMavenResourcesFiltering - Copying 0 resource from src\main\resources to target\classes
2025-01-14 13:13:36,262 [Worker-279: Building] INFO  o.a.m.s.f.DefaultMavenResourcesFiltering - skip non existing resourceDirectory C:\Users\surajendra\Work_Requests\Eclipse_Workspace\Spring\02-Spring-Autowiring\src\test\resources
2025-01-14 13:14:03,802 [Worker-273: Building] INFO  o.a.m.s.f.DefaultMavenResourcesFiltering - Copying 1 resource from src\main\resources to target\classes
2025-01-14 13:14:03,809 [Worker-273: Building] INFO  o.a.m.s.f.DefaultMavenResourcesFiltering - Copying 0 resource from src\main\resources to target\classes
2025-01-14 13:14:03,813 [Worker-273: Building] INFO  o.a.m.s.f.DefaultMavenResourcesFiltering - skip non existing resourceDirectory C:\Users\surajendra\Work_Requests\Eclipse_Workspace\Spring\02-Spring-Autowiring\src\test\resources
2025-01-14 13:14:42,142 [Worker-284: Building] INFO  o.a.m.s.f.DefaultMavenResourcesFiltering - Copying 1 resource from src\main\resources to target\classes
2025-01-14 13:14:42,148 [Worker-284: Building] INFO  o.a.m.s.f.DefaultMavenResourcesFiltering - Copying 0 resource from src\main\resources to target\classes
2025-01-14 13:14:42,151 [Worker-284: Building] INFO  o.a.m.s.f.DefaultMavenResourcesFiltering - skip non existing resourceDirectory C:\Users\surajendra\Work_Requests\Eclipse_Workspace\Spring\02-Spring-Autowiring\src\test\resources
2025-01-14 13:16:19,114 [Worker-277: Building] INFO  o.a.m.s.f.DefaultMavenResourcesFiltering - Copying 1 resource from src\main\resources to target\classes
2025-01-14 13:16:19,120 [Worker-277: Building] INFO  o.a.m.s.f.DefaultMavenResourcesFiltering - Copying 0 resource from src\main\resources to target\classes
2025-01-14 13:16:19,124 [Worker-277: Building] INFO  o.a.m.s.f.DefaultMavenResourcesFiltering - skip non existing resourceDirectory C:\Users\surajendra\Work_Requests\Eclipse_Workspace\Spring\02-Spring-Autowiring\src\test\resources
2025-01-14 13:16:46,687 [Worker-281: Building] INFO  o.a.m.s.f.DefaultMavenResourcesFiltering - Copying 1 resource from src\main\resources to target\classes
2025-01-14 13:16:46,694 [Worker-281: Building] INFO  o.a.m.s.f.DefaultMavenResourcesFiltering - Copying 0 resource from src\main\resources to target\classes
2025-01-14 13:16:46,697 [Worker-281: Building] INFO  o.a.m.s.f.DefaultMavenResourcesFiltering - skip non existing resourceDirectory C:\Users\surajendra\Work_Requests\Eclipse_Workspace\Spring\02-Spring-Autowiring\src\test\resources
2025-01-14 13:16:50,141 [Worker-279: Building] INFO  o.a.m.s.f.DefaultMavenResourcesFiltering - Copying 1 resource from src\main\resources to target\classes
2025-01-14 13:16:50,150 [Worker-279: Building] INFO  o.a.m.s.f.DefaultMavenResourcesFiltering - Copying 0 resource from src\main\resources to target\classes
2025-01-14 13:16:50,154 [Worker-279: Building] INFO  o.a.m.s.f.DefaultMavenResourcesFiltering - skip non existing resourceDirectory C:\Users\surajendra\Work_Requests\Eclipse_Workspace\Spring\02-Spring-Autowiring\src\test\resources
2025-01-14 13:18:20,291 [Worker-275: Building] INFO  o.a.m.s.f.DefaultMavenResourcesFiltering - Copying 1 resource from src\main\resources to target\classes
2025-01-14 13:18:20,331 [Worker-275: Building] INFO  o.a.m.s.f.DefaultMavenResourcesFiltering - Copying 0 resource from src\main\resources to target\classes
2025-01-14 13:18:20,341 [Worker-275: Building] INFO  o.a.m.s.f.DefaultMavenResourcesFiltering - skip non existing resourceDirectory C:\Users\surajendra\Work_Requests\Eclipse_Workspace\Spring\02-Spring-Autowiring\src\test\resources
2025-01-14 13:18:46,188 [Worker-278: Building] INFO  o.a.m.s.f.DefaultMavenResourcesFiltering - Copying 1 resource from src\main\resources to target\classes
2025-01-14 13:18:46,195 [Worker-278: Building] INFO  o.a.m.s.f.DefaultMavenResourcesFiltering - Copying 0 resource from src\main\resources to target\classes
2025-01-14 13:18:46,198 [Worker-278: Building] INFO  o.a.m.s.f.DefaultMavenResourcesFiltering - skip non existing resourceDirectory C:\Users\surajendra\Work_Requests\Eclipse_Workspace\Spring\02-Spring-Autowiring\src\test\resources
2025-01-14 13:19:07,247 [Worker-282: Building] INFO  o.a.m.s.f.DefaultMavenResourcesFiltering - Copying 1 resource from src\main\resources to target\classes
2025-01-14 13:19:07,256 [Worker-282: Building] INFO  o.a.m.s.f.DefaultMavenResourcesFiltering - Copying 0 resource from src\main\resources to target\classes
2025-01-14 13:19:07,259 [Worker-282: Building] INFO  o.a.m.s.f.DefaultMavenResourcesFiltering - skip non existing resourceDirectory C:\Users\surajendra\Work_Requests\Eclipse_Workspace\Spring\02-Spring-Autowiring\src\test\resources
2025-01-14 13:23:44,882 [Worker-287: Building] INFO  o.a.m.s.f.DefaultMavenResourcesFiltering - Copying 1 resource from src\main\resources to target\classes
2025-01-14 13:23:44,894 [Worker-287: Building] INFO  o.a.m.s.f.DefaultMavenResourcesFiltering - Copying 0 resource from src\main\resources to target\classes
2025-01-14 13:23:44,897 [Worker-287: Building] INFO  o.a.m.s.f.DefaultMavenResourcesFiltering - skip non existing resourceDirectory C:\Users\surajendra\Work_Requests\Eclipse_Workspace\Spring\02-Spring-Autowiring\src\test\resources
2025-01-14 13:24:06,988 [Worker-277: Building] INFO  o.a.m.s.f.DefaultMavenResourcesFiltering - Copying 1 resource from src\main\resources to target\classes
2025-01-14 13:24:06,997 [Worker-277: Building] INFO  o.a.m.s.f.DefaultMavenResourcesFiltering - Copying 0 resource from src\main\resources to target\classes
2025-01-14 13:24:06,999 [Worker-277: Building] INFO  o.a.m.s.f.DefaultMavenResourcesFiltering - skip non existing resourceDirectory C:\Users\surajendra\Work_Requests\Eclipse_Workspace\Spring\02-Spring-Autowiring\src\test\resources
2025-01-14 13:25:08,322 [Worker-285: Building] INFO  o.a.m.s.f.DefaultMavenResourcesFiltering - Copying 1 resource from src\main\resources to target\classes
2025-01-14 13:25:08,333 [Worker-285: Building] INFO  o.a.m.s.f.DefaultMavenResourcesFiltering - Copying 0 resource from src\main\resources to target\classes
2025-01-14 13:25:08,336 [Worker-285: Building] INFO  o.a.m.s.f.DefaultMavenResourcesFiltering - skip non existing resourceDirectory C:\Users\surajendra\Work_Requests\Eclipse_Workspace\Spring\02-Spring-Autowiring\src\test\resources
2025-01-14 13:27:26,757 [Worker-293: Building] INFO  o.a.m.s.f.DefaultMavenResourcesFiltering - Copying 1 resource from src\main\resources to target\classes
2025-01-14 13:27:26,769 [Worker-293: Building] INFO  o.a.m.s.f.DefaultMavenResourcesFiltering - Copying 0 resource from src\main\resources to target\classes
2025-01-14 13:27:26,771 [Worker-293: Building] INFO  o.a.m.s.f.DefaultMavenResourcesFiltering - skip non existing resourceDirectory C:\Users\surajendra\Work_Requests\Eclipse_Workspace\Spring\02-Spring-Autowiring\src\test\resources
2025-01-14 13:28:19,256 [Worker-293: Building] INFO  o.a.m.s.f.DefaultMavenResourcesFiltering - Copying 1 resource from src\main\resources to target\classes
2025-01-14 13:28:19,274 [Worker-293: Building] INFO  o.a.m.s.f.DefaultMavenResourcesFiltering - Copying 0 resource from src\main\resources to target\classes
2025-01-14 13:28:19,280 [Worker-293: Building] INFO  o.a.m.s.f.DefaultMavenResourcesFiltering - skip non existing resourceDirectory C:\Users\surajendra\Work_Requests\Eclipse_Workspace\Spring\02-Spring-Autowiring\src\test\resources
2025-01-14 13:29:09,476 [Worker-293: Building] INFO  o.a.m.s.f.DefaultMavenResourcesFiltering - Copying 1 resource from src\main\resources to target\classes
2025-01-14 13:29:09,483 [Worker-293: Building] INFO  o.a.m.s.f.DefaultMavenResourcesFiltering - Copying 0 resource from src\main\resources to target\classes
2025-01-14 13:29:09,485 [Worker-293: Building] INFO  o.a.m.s.f.DefaultMavenResourcesFiltering - skip non existing resourceDirectory C:\Users\surajendra\Work_Requests\Eclipse_Workspace\Spring\02-Spring-Autowiring\src\test\resources
2025-01-14 13:29:18,172 [Worker-288: Building] INFO  o.a.m.s.f.DefaultMavenResourcesFiltering - Copying 1 resource from src\main\resources to target\classes
2025-01-14 13:29:18,179 [Worker-288: Building] INFO  o.a.m.s.f.DefaultMavenResourcesFiltering - Copying 0 resource from src\main\resources to target\classes
2025-01-14 13:29:18,181 [Worker-288: Building] INFO  o.a.m.s.f.DefaultMavenResourcesFiltering - skip non existing resourceDirectory C:\Users\surajendra\Work_Requests\Eclipse_Workspace\Spring\02-Spring-Autowiring\src\test\resources
2025-01-14 14:16:31,729 [Worker-300: Building] INFO  o.a.m.s.f.DefaultMavenResourcesFiltering - Copying 1 resource from src\main\resources to target\classes
2025-01-14 14:16:31,735 [Worker-300: Building] INFO  o.a.m.s.f.DefaultMavenResourcesFiltering - Copying 0 resource from src\main\resources to target\classes
2025-01-14 14:16:31,737 [Worker-300: Building] INFO  o.a.m.s.f.DefaultMavenResourcesFiltering - skip non existing resourceDirectory C:\Users\surajendra\Work_Requests\Eclipse_Workspace\Spring\02-Spring-Autowiring\src\test\resources
2025-01-14 14:17:05,845 [Worker-299: Launching 02-Spring-Autowiring - Application] INFO  o.a.m.s.f.DefaultMavenResourcesFiltering - Copying 1 resource from src\main\resources to target\classes
2025-01-14 14:17:05,854 [Worker-299: Launching 02-Spring-Autowiring - Application] INFO  o.a.m.s.f.DefaultMavenResourcesFiltering - Copying 0 resource from src\main\resources to target\classes
2025-01-14 14:17:05,857 [Worker-299: Launching 02-Spring-Autowiring - Application] INFO  o.a.m.s.f.DefaultMavenResourcesFiltering - skip non existing resourceDirectory C:\Users\surajendra\Work_Requests\Eclipse_Workspace\Spring\02-Spring-Autowiring\src\test\resources
2025-01-14 14:17:10,495 [Worker-302: Building] INFO  o.a.m.s.f.DefaultMavenResourcesFiltering - Copying 1 resource from src\main\resources to target\classes
2025-01-14 14:17:10,500 [Worker-302: Building] INFO  o.a.m.s.f.DefaultMavenResourcesFiltering - Copying 0 resource from src\main\resources to target\classes
2025-01-14 14:17:10,502 [Worker-302: Building] INFO  o.a.m.s.f.DefaultMavenResourcesFiltering - skip non existing resourceDirectory C:\Users\surajendra\Work_Requests\Eclipse_Workspace\Spring\02-Spring-Autowiring\src\test\resources
2025-01-14 14:17:19,871 [Worker-300: Launching 02-Spring-Autowiring - Application] INFO  o.a.m.s.f.DefaultMavenResourcesFiltering - Copying 1 resource from src\main\resources to target\classes
2025-01-14 14:17:19,877 [Worker-300: Launching 02-Spring-Autowiring - Application] INFO  o.a.m.s.f.DefaultMavenResourcesFiltering - Copying 0 resource from src\main\resources to target\classes
2025-01-14 14:17:19,881 [Worker-300: Launching 02-Spring-Autowiring - Application] INFO  o.a.m.s.f.DefaultMavenResourcesFiltering - skip non existing resourceDirectory C:\Users\surajendra\Work_Requests\Eclipse_Workspace\Spring\02-Spring-Autowiring\src\test\resources
2025-01-14 14:18:28,761 [Worker-299: Building] INFO  o.a.m.s.f.DefaultMavenResourcesFiltering - Copying 1 resource from src\main\resources to target\classes
2025-01-14 14:18:28,765 [Worker-299: Building] INFO  o.a.m.s.f.DefaultMavenResourcesFiltering - Copying 0 resource from src\main\resources to target\classes
2025-01-14 14:18:28,767 [Worker-299: Building] INFO  o.a.m.s.f.DefaultMavenResourcesFiltering - skip non existing resourceDirectory C:\Users\surajendra\Work_Requests\Eclipse_Workspace\Spring\02-Spring-Autowiring\src\test\resources
2025-01-14 14:18:47,016 [Worker-303: Building] INFO  o.a.m.s.f.DefaultMavenResourcesFiltering - Copying 1 resource from src\main\resources to target\classes
2025-01-14 14:18:47,029 [Worker-303: Building] INFO  o.a.m.s.f.DefaultMavenResourcesFiltering - Copying 0 resource from src\main\resources to target\classes
2025-01-14 14:18:47,032 [Worker-303: Building] INFO  o.a.m.s.f.DefaultMavenResourcesFiltering - skip non existing resourceDirectory C:\Users\surajendra\Work_Requests\Eclipse_Workspace\Spring\02-Spring-Autowiring\src\test\resources
2025-01-14 14:21:07,946 [Worker-298: Building] INFO  o.a.m.s.f.DefaultMavenResourcesFiltering - Copying 1 resource from src\main\resources to target\classes
2025-01-14 14:21:07,951 [Worker-298: Building] INFO  o.a.m.s.f.DefaultMavenResourcesFiltering - Copying 0 resource from src\main\resources to target\classes
2025-01-14 14:21:07,953 [Worker-298: Building] INFO  o.a.m.s.f.DefaultMavenResourcesFiltering - skip non existing resourceDirectory C:\Users\surajendra\Work_Requests\Eclipse_Workspace\Spring\02-Spring-Autowiring\src\test\resources
2025-01-14 14:21:58,823 [Worker-305: Building] INFO  o.a.m.s.f.DefaultMavenResourcesFiltering - Copying 1 resource from src\main\resources to target\classes
2025-01-14 14:21:58,829 [Worker-305: Building] INFO  o.a.m.s.f.DefaultMavenResourcesFiltering - Copying 0 resource from src\main\resources to target\classes
2025-01-14 14:21:58,831 [Worker-305: Building] INFO  o.a.m.s.f.DefaultMavenResourcesFiltering - skip non existing resourceDirectory C:\Users\surajendra\Work_Requests\Eclipse_Workspace\Spring\02-Spring-Autowiring\src\test\resources
2025-01-14 14:22:51,729 [Worker-307: Building] INFO  o.a.m.s.f.DefaultMavenResourcesFiltering - Copying 1 resource from src\main\resources to target\classes
2025-01-14 14:22:51,735 [Worker-307: Building] INFO  o.a.m.s.f.DefaultMavenResourcesFiltering - Copying 0 resource from src\main\resources to target\classes
2025-01-14 14:22:51,736 [Worker-307: Building] INFO  o.a.m.s.f.DefaultMavenResourcesFiltering - skip non existing resourceDirectory C:\Users\surajendra\Work_Requests\Eclipse_Workspace\Spring\02-Spring-Autowiring\src\test\resources
2025-01-14 14:23:00,160 [Worker-307: Building] INFO  o.a.m.s.f.DefaultMavenResourcesFiltering - Copying 1 resource from src\main\resources to target\classes
2025-01-14 14:23:00,166 [Worker-307: Building] INFO  o.a.m.s.f.DefaultMavenResourcesFiltering - Copying 0 resource from src\main\resources to target\classes
2025-01-14 14:23:00,167 [Worker-307: Building] INFO  o.a.m.s.f.DefaultMavenResourcesFiltering - skip non existing resourceDirectory C:\Users\surajendra\Work_Requests\Eclipse_Workspace\Spring\02-Spring-Autowiring\src\test\resources
2025-01-14 14:23:13,195 [Worker-307: Launching 02-Spring-Autowiring - Application] INFO  o.a.m.s.f.DefaultMavenResourcesFiltering - Copying 1 resource from src\main\resources to target\classes
2025-01-14 14:23:13,201 [Worker-307: Launching 02-Spring-Autowiring - Application] INFO  o.a.m.s.f.DefaultMavenResourcesFiltering - Copying 0 resource from src\main\resources to target\classes
2025-01-14 14:23:13,204 [Worker-307: Launching 02-Spring-Autowiring - Application] INFO  o.a.m.s.f.DefaultMavenResourcesFiltering - skip non existing resourceDirectory C:\Users\surajendra\Work_Requests\Eclipse_Workspace\Spring\02-Spring-Autowiring\src\test\resources
2025-01-14 14:23:26,303 [Worker-307: Launching 02-Spring-Autowiring - Application] INFO  o.a.m.s.f.DefaultMavenResourcesFiltering - Copying 1 resource from src\main\resources to target\classes
2025-01-14 14:23:26,307 [Worker-307: Launching 02-Spring-Autowiring - Application] INFO  o.a.m.s.f.DefaultMavenResourcesFiltering - Copying 0 resource from src\main\resources to target\classes
2025-01-14 14:23:26,309 [Worker-307: Launching 02-Spring-Autowiring - Application] INFO  o.a.m.s.f.DefaultMavenResourcesFiltering - skip non existing resourceDirectory C:\Users\surajendra\Work_Requests\Eclipse_Workspace\Spring\02-Spring-Autowiring\src\test\resources
2025-01-14 14:24:11,286 [Worker-306: Launching 02-Spring-Autowiring - Application] INFO  o.a.m.s.f.DefaultMavenResourcesFiltering - Copying 1 resource from src\main\resources to target\classes
2025-01-14 14:24:11,295 [Worker-306: Launching 02-Spring-Autowiring - Application] INFO  o.a.m.s.f.DefaultMavenResourcesFiltering - Copying 0 resource from src\main\resources to target\classes
2025-01-14 14:24:11,298 [Worker-306: Launching 02-Spring-Autowiring - Application] INFO  o.a.m.s.f.DefaultMavenResourcesFiltering - skip non existing resourceDirectory C:\Users\surajendra\Work_Requests\Eclipse_Workspace\Spring\02-Spring-Autowiring\src\test\resources
2025-01-14 14:24:18,102 [Worker-307: Building] INFO  o.a.m.s.f.DefaultMavenResourcesFiltering - Copying 1 resource from src\main\resources to target\classes
2025-01-14 14:24:18,117 [Worker-307: Building] INFO  o.a.m.s.f.DefaultMavenResourcesFiltering - Copying 0 resource from src\main\resources to target\classes
2025-01-14 14:24:18,120 [Worker-307: Building] INFO  o.a.m.s.f.DefaultMavenResourcesFiltering - skip non existing resourceDirectory C:\Users\surajendra\Work_Requests\Eclipse_Workspace\Spring\02-Spring-Autowiring\src\test\resources
2025-01-14 14:24:24,427 [Worker-303: Building] INFO  o.a.m.s.f.DefaultMavenResourcesFiltering - Copying 1 resource from src\main\resources to target\classes
2025-01-14 14:24:24,431 [Worker-303: Building] INFO  o.a.m.s.f.DefaultMavenResourcesFiltering - Copying 0 resource from src\main\resources to target\classes
2025-01-14 14:24:24,433 [Worker-303: Building] INFO  o.a.m.s.f.DefaultMavenResourcesFiltering - skip non existing resourceDirectory C:\Users\surajendra\Work_Requests\Eclipse_Workspace\Spring\02-Spring-Autowiring\src\test\resources
2025-01-14 14:24:57,791 [Worker-298: Building] INFO  o.a.m.s.f.DefaultMavenResourcesFiltering - Copying 1 resource from src\main\resources to target\classes
2025-01-14 14:24:57,795 [Worker-298: Building] INFO  o.a.m.s.f.DefaultMavenResourcesFiltering - Copying 0 resource from src\main\resources to target\classes
2025-01-14 14:24:57,796 [Worker-298: Building] INFO  o.a.m.s.f.DefaultMavenResourcesFiltering - skip non existing resourceDirectory C:\Users\surajendra\Work_Requests\Eclipse_Workspace\Spring\02-Spring-Autowiring\src\test\resources
2025-01-14 14:28:03,416 [Worker-303: Building] INFO  o.a.m.s.f.DefaultMavenResourcesFiltering - Copying 1 resource from src\main\resources to target\classes
2025-01-14 14:28:03,422 [Worker-303: Building] INFO  o.a.m.s.f.DefaultMavenResourcesFiltering - Copying 0 resource from src\main\resources to target\classes
2025-01-14 14:28:03,424 [Worker-303: Building] INFO  o.a.m.s.f.DefaultMavenResourcesFiltering - skip non existing resourceDirectory C:\Users\surajendra\Work_Requests\Eclipse_Workspace\Spring\02-Spring-Autowiring\src\test\resources
2025-01-14 14:31:33,667 [Worker-311: Building] INFO  o.a.m.s.f.DefaultMavenResourcesFiltering - Copying 1 resource from src\main\resources to target\classes
2025-01-14 14:31:33,672 [Worker-311: Building] INFO  o.a.m.s.f.DefaultMavenResourcesFiltering - Copying 0 resource from src\main\resources to target\classes
2025-01-14 14:31:33,674 [Worker-311: Building] INFO  o.a.m.s.f.DefaultMavenResourcesFiltering - skip non existing resourceDirectory C:\Users\surajendra\Work_Requests\Eclipse_Workspace\Spring\02-Spring-Autowiring\src\test\resources
2025-01-14 14:32:14,187 [Worker-313: Building] INFO  o.a.m.s.f.DefaultMavenResourcesFiltering - Copying 1 resource from src\main\resources to target\classes
2025-01-14 14:32:14,192 [Worker-313: Building] INFO  o.a.m.s.f.DefaultMavenResourcesFiltering - Copying 0 resource from src\main\resources to target\classes
2025-01-14 14:32:14,193 [Worker-313: Building] INFO  o.a.m.s.f.DefaultMavenResourcesFiltering - skip non existing resourceDirectory C:\Users\surajendra\Work_Requests\Eclipse_Workspace\Spring\02-Spring-Autowiring\src\test\resources
2025-01-14 14:33:54,719 [Worker-313: Launching 02-Spring-Autowiring - Application] INFO  o.a.m.s.f.DefaultMavenResourcesFiltering - Copying 1 resource from src\main\resources to target\classes
2025-01-14 14:33:54,739 [Worker-313: Launching 02-Spring-Autowiring - Application] INFO  o.a.m.s.f.DefaultMavenResourcesFiltering - Copying 0 resource from src\main\resources to target\classes
2025-01-14 14:33:54,744 [Worker-313: Launching 02-Spring-Autowiring - Application] INFO  o.a.m.s.f.DefaultMavenResourcesFiltering - skip non existing resourceDirectory C:\Users\surajendra\Work_Requests\Eclipse_Workspace\Spring\02-Spring-Autowiring\src\test\resources
2025-01-14 14:34:11,146 [Worker-312: Building] INFO  o.a.m.s.f.DefaultMavenResourcesFiltering - Copying 1 resource from src\main\resources to target\classes
2025-01-14 14:34:11,156 [Worker-312: Building] INFO  o.a.m.s.f.DefaultMavenResourcesFiltering - Copying 0 resource from src\main\resources to target\classes
2025-01-14 14:34:11,159 [Worker-312: Building] INFO  o.a.m.s.f.DefaultMavenResourcesFiltering - skip non existing resourceDirectory C:\Users\surajendra\Work_Requests\Eclipse_Workspace\Spring\02-Spring-Autowiring\src\test\resources
2025-01-14 14:35:10,807 [Worker-312: Building] INFO  o.a.m.s.f.DefaultMavenResourcesFiltering - Copying 1 resource from src\main\resources to target\classes
2025-01-14 14:35:10,813 [Worker-312: Building] INFO  o.a.m.s.f.DefaultMavenResourcesFiltering - Copying 0 resource from src\main\resources to target\classes
2025-01-14 14:35:10,814 [Worker-312: Building] INFO  o.a.m.s.f.DefaultMavenResourcesFiltering - skip non existing resourceDirectory C:\Users\surajendra\Work_Requests\Eclipse_Workspace\Spring\02-Spring-Autowiring\src\test\resources
2025-01-14 14:35:42,675 [Worker-313: Building] INFO  o.a.m.s.f.DefaultMavenResourcesFiltering - Copying 1 resource from src\main\resources to target\classes
2025-01-14 14:35:42,679 [Worker-313: Building] INFO  o.a.m.s.f.DefaultMavenResourcesFiltering - Copying 0 resource from src\main\resources to target\classes
2025-01-14 14:35:42,680 [Worker-313: Building] INFO  o.a.m.s.f.DefaultMavenResourcesFiltering - skip non existing resourceDirectory C:\Users\surajendra\Work_Requests\Eclipse_Workspace\Spring\02-Spring-Autowiring\src\test\resources
2025-01-14 14:40:31,611 [Worker-317: Building] INFO  o.a.m.s.f.DefaultMavenResourcesFiltering - Copying 1 resource from src\main\resources to target\classes
2025-01-14 14:40:31,618 [Worker-317: Building] INFO  o.a.m.s.f.DefaultMavenResourcesFiltering - Copying 0 resource from src\main\resources to target\classes
2025-01-14 14:40:31,619 [Worker-317: Building] INFO  o.a.m.s.f.DefaultMavenResourcesFiltering - skip non existing resourceDirectory C:\Users\surajendra\Work_Requests\Eclipse_Workspace\Spring\02-Spring-Autowiring\src\test\resources
2025-01-14 14:40:47,963 [Worker-319: Building] INFO  o.a.m.s.f.DefaultMavenResourcesFiltering - Copying 1 resource from src\main\resources to target\classes
2025-01-14 14:40:47,968 [Worker-319: Building] INFO  o.a.m.s.f.DefaultMavenResourcesFiltering - Copying 0 resource from src\main\resources to target\classes
2025-01-14 14:40:47,969 [Worker-319: Building] INFO  o.a.m.s.f.DefaultMavenResourcesFiltering - skip non existing resourceDirectory C:\Users\surajendra\Work_Requests\Eclipse_Workspace\Spring\02-Spring-Autowiring\src\test\resources
2025-01-14 14:41:19,755 [Worker-313: Building] INFO  o.a.m.s.f.DefaultMavenResourcesFiltering - Copying 1 resource from src\main\resources to target\classes
2025-01-14 14:41:19,761 [Worker-313: Building] INFO  o.a.m.s.f.DefaultMavenResourcesFiltering - Copying 0 resource from src\main\resources to target\classes
2025-01-14 14:41:19,763 [Worker-313: Building] INFO  o.a.m.s.f.DefaultMavenResourcesFiltering - skip non existing resourceDirectory C:\Users\surajendra\Work_Requests\Eclipse_Workspace\Spring\02-Spring-Autowiring\src\test\resources
2025-01-14 14:44:05,875 [Worker-321: Launching 02-Spring-Autowiring - Application] INFO  o.a.m.s.f.DefaultMavenResourcesFiltering - Copying 1 resource from src\main\resources to target\classes
2025-01-14 14:44:05,883 [Worker-321: Launching 02-Spring-Autowiring - Application] INFO  o.a.m.s.f.DefaultMavenResourcesFiltering - Copying 0 resource from src\main\resources to target\classes
2025-01-14 14:44:05,885 [Worker-321: Launching 02-Spring-Autowiring - Application] INFO  o.a.m.s.f.DefaultMavenResourcesFiltering - skip non existing resourceDirectory C:\Users\surajendra\Work_Requests\Eclipse_Workspace\Spring\02-Spring-Autowiring\src\test\resources
2025-01-14 14:44:33,998 [Worker-321: Launching 02-Spring-Autowiring - Application] INFO  o.a.m.s.f.DefaultMavenResourcesFiltering - Copying 1 resource from src\main\resources to target\classes
2025-01-14 14:44:34,018 [Worker-321: Launching 02-Spring-Autowiring - Application] INFO  o.a.m.s.f.DefaultMavenResourcesFiltering - Copying 0 resource from src\main\resources to target\classes
2025-01-14 14:44:34,023 [Worker-321: Launching 02-Spring-Autowiring - Application] INFO  o.a.m.s.f.DefaultMavenResourcesFiltering - skip non existing resourceDirectory C:\Users\surajendra\Work_Requests\Eclipse_Workspace\Spring\02-Spring-Autowiring\src\test\resources
2025-01-14 14:50:34,186 [Worker-327: Building] INFO  o.a.m.s.f.DefaultMavenResourcesFiltering - Copying 1 resource from src\main\resources to target\classes
2025-01-14 14:50:34,192 [Worker-327: Building] INFO  o.a.m.s.f.DefaultMavenResourcesFiltering - Copying 0 resource from src\main\resources to target\classes
2025-01-14 14:50:34,193 [Worker-327: Building] INFO  o.a.m.s.f.DefaultMavenResourcesFiltering - skip non existing resourceDirectory C:\Users\surajendra\Work_Requests\Eclipse_Workspace\Spring\02-Spring-Autowiring\src\test\resources
2025-01-14 14:51:16,967 [Worker-326: Launching 02-Spring-Autowiring - Application] INFO  o.a.m.s.f.DefaultMavenResourcesFiltering - Copying 1 resource from src\main\resources to target\classes
2025-01-14 14:51:16,975 [Worker-326: Launching 02-Spring-Autowiring - Application] INFO  o.a.m.s.f.DefaultMavenResourcesFiltering - Copying 0 resource from src\main\resources to target\classes
2025-01-14 14:51:16,977 [Worker-326: Launching 02-Spring-Autowiring - Application] INFO  o.a.m.s.f.DefaultMavenResourcesFiltering - skip non existing resourceDirectory C:\Users\surajendra\Work_Requests\Eclipse_Workspace\Spring\02-Spring-Autowiring\src\test\resources
2025-01-14 14:52:59,711 [Worker-327: Building] INFO  o.a.m.s.f.DefaultMavenResourcesFiltering - Copying 1 resource from src\main\resources to target\classes
2025-01-14 14:52:59,719 [Worker-327: Building] INFO  o.a.m.s.f.DefaultMavenResourcesFiltering - Copying 0 resource from src\main\resources to target\classes
2025-01-14 14:52:59,720 [Worker-327: Building] INFO  o.a.m.s.f.DefaultMavenResourcesFiltering - skip non existing resourceDirectory C:\Users\surajendra\Work_Requests\Eclipse_Workspace\Spring\02-Spring-Autowiring\src\test\resources
2025-01-14 14:53:23,847 [Worker-327: Updating Maven Project] INFO  o.e.m.c.i.p.ProjectConfigurationManager - Update started
2025-01-14 14:53:24,367 [Worker-327: Updating Maven Project] INFO  o.e.m.c.i.l.LifecycleMappingFactory - Using org.eclipse.m2e.jdt.JarLifecycleMapping lifecycle mapping for MavenProject: com.in.akshay:02-Spring-Autowiring:0.0.1-SNAPSHOT @ C:\Users\surajendra\Work_Requests\Eclipse_Workspace\Spring\02-Spring-Autowiring\pom.xml.
2025-01-14 14:53:24,696 [Worker-327: Updating Maven Project] INFO  o.e.m.j.i.AbstractJavaProjectConfigurator - Adding source folder /02-Spring-Autowiring/src/main/java
2025-01-14 14:53:24,696 [Worker-327: Updating Maven Project] INFO  o.e.m.j.i.AbstractJavaProjectConfigurator - Adding resource folder /02-Spring-Autowiring/src/main/resources
2025-01-14 14:53:24,697 [Worker-327: Updating Maven Project] INFO  o.e.m.j.i.AbstractJavaProjectConfigurator - Adding resource folder /02-Spring-Autowiring/src/main/resources
2025-01-14 14:53:24,697 [Worker-327: Updating Maven Project] INFO  o.e.m.j.i.AbstractJavaProjectConfigurator - Adding source folder /02-Spring-Autowiring/src/test/java
2025-01-14 14:53:24,697 [Worker-327: Updating Maven Project] INFO  o.e.m.j.i.AbstractJavaProjectConfigurator - Adding resource folder /02-Spring-Autowiring/src/test/resources
2025-01-14 14:53:24,854 [Worker-327: Updating Maven Project] INFO  o.e.m.c.i.p.ProjectConfigurationManager - Update completed for 1 poms: local refresh takes 0.00 sec, refresh facades takes 0.00 sec, update config takes 0.00 sec 
2025-01-14 14:53:25,163 [Worker-329: Building] INFO  o.a.m.s.f.DefaultMavenResourcesFiltering - Copying 1 resource from src\main\resources to target\classes
2025-01-14 14:53:25,188 [Worker-329: Building] INFO  o.a.m.s.f.DefaultMavenResourcesFiltering - Copying 0 resource from src\main\resources to target\classes
2025-01-14 14:53:25,191 [Worker-329: Building] INFO  o.a.m.s.f.DefaultMavenResourcesFiltering - skip non existing resourceDirectory C:\Users\surajendra\Work_Requests\Eclipse_Workspace\Spring\02-Spring-Autowiring\src\test\resources
2025-01-14 14:53:58,446 [Worker-329: Building] INFO  o.a.m.s.f.DefaultMavenResourcesFiltering - Copying 1 resource from src\main\resources to target\classes
2025-01-14 14:53:58,451 [Worker-329: Building] INFO  o.a.m.s.f.DefaultMavenResourcesFiltering - Copying 0 resource from src\main\resources to target\classes
2025-01-14 14:53:58,452 [Worker-329: Building] INFO  o.a.m.s.f.DefaultMavenResourcesFiltering - skip non existing resourceDirectory C:\Users\surajendra\Work_Requests\Eclipse_Workspace\Spring\02-Spring-Autowiring\src\test\resources
2025-01-14 14:54:24,852 [Worker-327: Building] INFO  o.a.m.s.f.DefaultMavenResourcesFiltering - Copying 1 resource from src\main\resources to target\classes
2025-01-14 14:54:24,856 [Worker-327: Building] INFO  o.a.m.s.f.DefaultMavenResourcesFiltering - Copying 0 resource from src\main\resources to target\classes
2025-01-14 14:54:24,857 [Worker-327: Building] INFO  o.a.m.s.f.DefaultMavenResourcesFiltering - skip non existing resourceDirectory C:\Users\surajendra\Work_Requests\Eclipse_Workspace\Spring\02-Spring-Autowiring\src\test\resources
2025-01-14 14:54:43,917 [Worker-329: Building] INFO  o.a.m.s.f.DefaultMavenResourcesFiltering - Copying 1 resource from src\main\resources to target\classes
2025-01-14 14:54:43,921 [Worker-329: Building] INFO  o.a.m.s.f.DefaultMavenResourcesFiltering - Copying 0 resource from src\main\resources to target\classes
2025-01-14 14:54:43,922 [Worker-329: Building] INFO  o.a.m.s.f.DefaultMavenResourcesFiltering - skip non existing resourceDirectory C:\Users\surajendra\Work_Requests\Eclipse_Workspace\Spring\02-Spring-Autowiring\src\test\resources
2025-01-14 14:55:44,544 [Worker-329: Building] INFO  o.a.m.s.f.DefaultMavenResourcesFiltering - Copying 1 resource from src\main\resources to target\classes
2025-01-14 14:55:44,557 [Worker-329: Building] INFO  o.a.m.s.f.DefaultMavenResourcesFiltering - Copying 0 resource from src\main\resources to target\classes
2025-01-14 14:55:44,561 [Worker-329: Building] INFO  o.a.m.s.f.DefaultMavenResourcesFiltering - skip non existing resourceDirectory C:\Users\surajendra\Work_Requests\Eclipse_Workspace\Spring\02-Spring-Autowiring\src\test\resources
2025-01-14 14:55:55,489 [Worker-318: Launching 02-Spring-Autowiring - Application] INFO  o.a.m.s.f.DefaultMavenResourcesFiltering - Copying 1 resource from src\main\resources to target\classes
2025-01-14 14:55:55,497 [Worker-318: Launching 02-Spring-Autowiring - Application] INFO  o.a.m.s.f.DefaultMavenResourcesFiltering - Copying 0 resource from src\main\resources to target\classes
2025-01-14 14:55:55,498 [Worker-318: Launching 02-Spring-Autowiring - Application] INFO  o.a.m.s.f.DefaultMavenResourcesFiltering - skip non existing resourceDirectory C:\Users\surajendra\Work_Requests\Eclipse_Workspace\Spring\02-Spring-Autowiring\src\test\resources
2025-01-14 14:56:01,867 [Worker-326: Launching 02-Spring-Autowiring - Application] INFO  o.a.m.s.f.DefaultMavenResourcesFiltering - Copying 1 resource from src\main\resources to target\classes
2025-01-14 14:56:01,875 [Worker-326: Launching 02-Spring-Autowiring - Application] INFO  o.a.m.s.f.DefaultMavenResourcesFiltering - Copying 0 resource from src\main\resources to target\classes
2025-01-14 14:56:01,877 [Worker-326: Launching 02-Spring-Autowiring - Application] INFO  o.a.m.s.f.DefaultMavenResourcesFiltering - skip non existing resourceDirectory C:\Users\surajendra\Work_Requests\Eclipse_Workspace\Spring\02-Spring-Autowiring\src\test\resources
2025-01-14 15:11:31,790 [Worker-322: Building] INFO  o.a.m.s.f.DefaultMavenResourcesFiltering - Copying 1 resource from src\main\resources to target\classes
2025-01-14 15:11:31,796 [Worker-322: Building] INFO  o.a.m.s.f.DefaultMavenResourcesFiltering - Copying 0 resource from src\main\resources to target\classes
2025-01-14 15:11:31,798 [Worker-322: Building] INFO  o.a.m.s.f.DefaultMavenResourcesFiltering - skip non existing resourceDirectory C:\Users\surajendra\Work_Requests\Eclipse_Workspace\Spring\02-Spring-Autowiring\src\test\resources
2025-01-14 15:11:46,475 [Worker-337: Building] INFO  o.a.m.s.f.DefaultMavenResourcesFiltering - Copying 1 resource from src\main\resources to target\classes
2025-01-14 15:11:46,483 [Worker-337: Building] INFO  o.a.m.s.f.DefaultMavenResourcesFiltering - Copying 0 resource from src\main\resources to target\classes
2025-01-14 15:11:46,484 [Worker-337: Building] INFO  o.a.m.s.f.DefaultMavenResourcesFiltering - skip non existing resourceDirectory C:\Users\surajendra\Work_Requests\Eclipse_Workspace\Spring\02-Spring-Autowiring\src\test\resources
2025-01-14 15:12:02,588 [Worker-335: Building] INFO  o.a.m.s.f.DefaultMavenResourcesFiltering - Copying 1 resource from src\main\resources to target\classes
2025-01-14 15:12:02,593 [Worker-335: Building] INFO  o.a.m.s.f.DefaultMavenResourcesFiltering - Copying 0 resource from src\main\resources to target\classes
2025-01-14 15:12:02,595 [Worker-335: Building] INFO  o.a.m.s.f.DefaultMavenResourcesFiltering - skip non existing resourceDirectory C:\Users\surajendra\Work_Requests\Eclipse_Workspace\Spring\02-Spring-Autowiring\src\test\resources
2025-01-14 16:55:21,856 [Worker-343: Import Getting Started Content] INFO  o.e.m.c.i.l.LifecycleMappingFactory - Using org.eclipse.m2e.jdt.JarLifecycleMapping lifecycle mapping for MavenProject: com.in.akshay:03-Spring-BeanLife-Cycle:0.0.1-SNAPSHOT @ C:\Users\surajendra\Work_Requests\Eclipse_Workspace\Spring\03-Spring-BeanLife-Cycle\pom.xml.
2025-01-14 16:55:22,319 [Worker-343: Import Getting Started Content] INFO  o.e.m.j.i.AbstractJavaProjectConfigurator - Adding source folder /03-Spring-BeanLife-Cycle/src/main/java
2025-01-14 16:55:22,321 [Worker-343: Import Getting Started Content] INFO  o.e.m.j.i.AbstractJavaProjectConfigurator - Adding resource folder /03-Spring-BeanLife-Cycle/src/main/resources
2025-01-14 16:55:22,329 [Worker-343: Import Getting Started Content] INFO  o.e.m.j.i.AbstractJavaProjectConfigurator - Adding resource folder /03-Spring-BeanLife-Cycle/src/main/resources
2025-01-14 16:55:22,332 [Worker-343: Import Getting Started Content] INFO  o.e.m.j.i.AbstractJavaProjectConfigurator - Adding source folder /03-Spring-BeanLife-Cycle/src/test/java
2025-01-14 16:55:22,334 [Worker-343: Import Getting Started Content] INFO  o.e.m.j.i.AbstractJavaProjectConfigurator - Adding resource folder /03-Spring-BeanLife-Cycle/src/test/resources
2025-01-14 16:55:22,643 [Worker-343: Import Getting Started Content] INFO  o.e.m.c.i.p.ProjectConfigurationManager - Imported and configured 1 project(s) in 1 sec
2025-01-14 16:55:22,645 [Worker-343: Import Getting Started Content] INFO  o.e.m.c.i.p.ProjectConfigurationManager - Update started
2025-01-14 16:55:22,980 [Worker-343: Import Getting Started Content] INFO  o.e.m.c.i.l.LifecycleMappingFactory - Using org.eclipse.m2e.jdt.JarLifecycleMapping lifecycle mapping for MavenProject: com.in.akshay:03-Spring-BeanLife-Cycle:0.0.1-SNAPSHOT @ C:\Users\surajendra\Work_Requests\Eclipse_Workspace\Spring\03-Spring-BeanLife-Cycle\pom.xml.
2025-01-14 16:55:23,281 [Worker-343: Import Getting Started Content] INFO  o.e.m.j.i.AbstractJavaProjectConfigurator - Adding source folder /03-Spring-BeanLife-Cycle/src/main/java
2025-01-14 16:55:23,281 [Worker-343: Import Getting Started Content] INFO  o.e.m.j.i.AbstractJavaProjectConfigurator - Adding resource folder /03-Spring-BeanLife-Cycle/src/main/resources
2025-01-14 16:55:23,281 [Worker-343: Import Getting Started Content] INFO  o.e.m.j.i.AbstractJavaProjectConfigurator - Adding resource folder /03-Spring-BeanLife-Cycle/src/main/resources
2025-01-14 16:55:23,281 [Worker-343: Import Getting Started Content] INFO  o.e.m.j.i.AbstractJavaProjectConfigurator - Adding source folder /03-Spring-BeanLife-Cycle/src/test/java
2025-01-14 16:55:23,282 [Worker-343: Import Getting Started Content] INFO  o.e.m.j.i.AbstractJavaProjectConfigurator - Adding resource folder /03-Spring-BeanLife-Cycle/src/test/resources
2025-01-14 16:55:23,461 [Worker-343: Import Getting Started Content] INFO  o.e.m.c.i.p.ProjectConfigurationManager - Update completed for 1 poms: local refresh takes 0.00 sec, refresh facades takes 0.00 sec, update config takes 0.00 sec 
2025-01-14 16:55:23,857 [Worker-347: Building] INFO  o.a.m.s.f.DefaultMavenResourcesFiltering - Copying 1 resource from src\main\resources to target\classes
2025-01-14 16:55:23,877 [Worker-347: Building] INFO  o.a.m.s.f.DefaultMavenResourcesFiltering - Copying 0 resource from src\main\resources to target\classes
2025-01-14 16:55:23,882 [Worker-347: Building] INFO  o.a.m.s.f.DefaultMavenResourcesFiltering - skip non existing resourceDirectory C:\Users\surajendra\Work_Requests\Eclipse_Workspace\Spring\03-Spring-BeanLife-Cycle\src\test\resources
2025-01-14 16:56:42,564 [Worker-349: Building] INFO  o.a.m.s.f.DefaultMavenResourcesFiltering - Copying 1 resource from src\main\resources to target\classes
2025-01-14 16:56:42,581 [Worker-349: Building] INFO  o.a.m.s.f.DefaultMavenResourcesFiltering - Copying 0 resource from src\main\resources to target\classes
2025-01-14 16:56:42,583 [Worker-349: Building] INFO  o.a.m.s.f.DefaultMavenResourcesFiltering - skip non existing resourceDirectory C:\Users\surajendra\Work_Requests\Eclipse_Workspace\Spring\03-Spring-BeanLife-Cycle\src\test\resources
2025-01-14 16:57:35,440 [Worker-347: Building] INFO  o.a.m.s.f.DefaultMavenResourcesFiltering - Copying 1 resource from src\main\resources to target\classes
2025-01-14 16:57:35,446 [Worker-347: Building] INFO  o.a.m.s.f.DefaultMavenResourcesFiltering - Copying 0 resource from src\main\resources to target\classes
2025-01-14 16:57:35,447 [Worker-347: Building] INFO  o.a.m.s.f.DefaultMavenResourcesFiltering - skip non existing resourceDirectory C:\Users\surajendra\Work_Requests\Eclipse_Workspace\Spring\03-Spring-BeanLife-Cycle\src\test\resources
2025-01-14 16:58:15,929 [Worker-343: Building] INFO  o.a.m.s.f.DefaultMavenResourcesFiltering - Copying 1 resource from src\main\resources to target\classes
2025-01-14 16:58:15,934 [Worker-343: Building] INFO  o.a.m.s.f.DefaultMavenResourcesFiltering - Copying 0 resource from src\main\resources to target\classes
2025-01-14 16:58:15,936 [Worker-343: Building] INFO  o.a.m.s.f.DefaultMavenResourcesFiltering - skip non existing resourceDirectory C:\Users\surajendra\Work_Requests\Eclipse_Workspace\Spring\03-Spring-BeanLife-Cycle\src\test\resources
2025-01-14 17:00:04,901 [Worker-350: Building] INFO  o.a.m.s.f.DefaultMavenResourcesFiltering - Copying 1 resource from src\main\resources to target\classes
2025-01-14 17:00:04,908 [Worker-350: Building] INFO  o.a.m.s.f.DefaultMavenResourcesFiltering - Copying 0 resource from src\main\resources to target\classes
2025-01-14 17:00:04,910 [Worker-350: Building] INFO  o.a.m.s.f.DefaultMavenResourcesFiltering - skip non existing resourceDirectory C:\Users\surajendra\Work_Requests\Eclipse_Workspace\Spring\03-Spring-BeanLife-Cycle\src\test\resources
2025-01-14 17:00:39,625 [Worker-343: Building] INFO  o.a.m.s.f.DefaultMavenResourcesFiltering - Copying 1 resource from src\main\resources to target\classes
2025-01-14 17:00:39,629 [Worker-343: Building] INFO  o.a.m.s.f.DefaultMavenResourcesFiltering - Copying 0 resource from src\main\resources to target\classes
2025-01-14 17:00:39,631 [Worker-343: Building] INFO  o.a.m.s.f.DefaultMavenResourcesFiltering - skip non existing resourceDirectory C:\Users\surajendra\Work_Requests\Eclipse_Workspace\Spring\03-Spring-BeanLife-Cycle\src\test\resources
2025-01-14 17:01:05,861 [Worker-347: Building] INFO  o.a.m.s.f.DefaultMavenResourcesFiltering - Copying 1 resource from src\main\resources to target\classes
2025-01-14 17:01:05,865 [Worker-347: Building] INFO  o.a.m.s.f.DefaultMavenResourcesFiltering - Copying 0 resource from src\main\resources to target\classes
2025-01-14 17:01:05,867 [Worker-347: Building] INFO  o.a.m.s.f.DefaultMavenResourcesFiltering - skip non existing resourceDirectory C:\Users\surajendra\Work_Requests\Eclipse_Workspace\Spring\03-Spring-BeanLife-Cycle\src\test\resources
2025-01-14 17:01:47,791 [Worker-351: Building] INFO  o.a.m.s.f.DefaultMavenResourcesFiltering - Copying 1 resource from src\main\resources to target\classes
2025-01-14 17:01:47,795 [Worker-351: Building] INFO  o.a.m.s.f.DefaultMavenResourcesFiltering - Copying 0 resource from src\main\resources to target\classes
2025-01-14 17:01:47,796 [Worker-351: Building] INFO  o.a.m.s.f.DefaultMavenResourcesFiltering - skip non existing resourceDirectory C:\Users\surajendra\Work_Requests\Eclipse_Workspace\Spring\03-Spring-BeanLife-Cycle\src\test\resources
2025-01-14 17:02:41,760 [Worker-345: Launching 03-Spring-BeanLife-Cycle - Application] INFO  o.a.m.s.f.DefaultMavenResourcesFiltering - Copying 1 resource from src\main\resources to target\classes
2025-01-14 17:02:41,784 [Worker-345: Launching 03-Spring-BeanLife-Cycle - Application] INFO  o.a.m.s.f.DefaultMavenResourcesFiltering - Copying 0 resource from src\main\resources to target\classes
2025-01-14 17:02:41,788 [Worker-345: Launching 03-Spring-BeanLife-Cycle - Application] INFO  o.a.m.s.f.DefaultMavenResourcesFiltering - skip non existing resourceDirectory C:\Users\surajendra\Work_Requests\Eclipse_Workspace\Spring\03-Spring-BeanLife-Cycle\src\test\resources
2025-01-14 17:02:55,658 [Worker-352: Building] INFO  o.a.m.s.f.DefaultMavenResourcesFiltering - Copying 1 resource from src\main\resources to target\classes
2025-01-14 17:02:55,662 [Worker-352: Building] INFO  o.a.m.s.f.DefaultMavenResourcesFiltering - Copying 0 resource from src\main\resources to target\classes
2025-01-14 17:02:55,664 [Worker-352: Building] INFO  o.a.m.s.f.DefaultMavenResourcesFiltering - skip non existing resourceDirectory C:\Users\surajendra\Work_Requests\Eclipse_Workspace\Spring\03-Spring-BeanLife-Cycle\src\test\resources
2025-01-15 22:17:08,948 [Worker-473: Import Getting Started Content] INFO  o.e.m.c.i.l.LifecycleMappingFactory - Using org.eclipse.m2e.jdt.JarLifecycleMapping lifecycle mapping for MavenProject: com.in.akshay:04-Spring-DataJPA_01:0.0.1-SNAPSHOT @ C:\Users\surajendra\Work_Requests\Eclipse_Workspace\Spring\Test\04-Spring-DataJPA_01\pom.xml.
2025-01-15 22:17:09,142 [Worker-473: Import Getting Started Content] INFO  o.e.m.c.i.e.AbstractTransferListenerAdapter - Downloading https://repo.maven.apache.org/maven2/org/springframework/boot/spring-boot-starter-data-jpa/3.4.1/spring-boot-starter-data-jpa-3.4.1.pom
2025-01-15 22:17:09,152 [Worker-473: Import Getting Started Content] INFO  o.e.m.c.i.e.AbstractTransferListenerAdapter - Downloaded https://repo.maven.apache.org/maven2/org/springframework/boot/spring-boot-starter-data-jpa/3.4.1/spring-boot-starter-data-jpa-3.4.1.pom
2025-01-15 22:17:09,361 [Worker-473: Import Getting Started Content] INFO  o.e.m.c.i.e.AbstractTransferListenerAdapter - Downloading https://repo.maven.apache.org/maven2/org/springframework/boot/spring-boot-starter-jdbc/3.4.1/spring-boot-starter-jdbc-3.4.1.pom
2025-01-15 22:17:09,369 [Worker-473: Import Getting Started Content] INFO  o.e.m.c.i.e.AbstractTransferListenerAdapter - Downloaded https://repo.maven.apache.org/maven2/org/springframework/boot/spring-boot-starter-jdbc/3.4.1/spring-boot-starter-jdbc-3.4.1.pom
2025-01-15 22:17:09,433 [Worker-473: Import Getting Started Content] INFO  o.e.m.c.i.e.AbstractTransferListenerAdapter - Downloading https://repo.maven.apache.org/maven2/com/zaxxer/HikariCP/5.1.0/HikariCP-5.1.0.pom
2025-01-15 22:17:09,452 [Worker-473: Import Getting Started Content] INFO  o.e.m.c.i.e.AbstractTransferListenerAdapter - Downloaded https://repo.maven.apache.org/maven2/com/zaxxer/HikariCP/5.1.0/HikariCP-5.1.0.pom
2025-01-15 22:17:09,509 [Worker-473: Import Getting Started Content] INFO  o.e.m.c.i.e.AbstractTransferListenerAdapter - Downloading https://repo.maven.apache.org/maven2/org/springframework/spring-jdbc/6.2.1/spring-jdbc-6.2.1.pom
2025-01-15 22:17:09,517 [Worker-473: Import Getting Started Content] INFO  o.e.m.c.i.e.AbstractTransferListenerAdapter - Downloaded https://repo.maven.apache.org/maven2/org/springframework/spring-jdbc/6.2.1/spring-jdbc-6.2.1.pom
2025-01-15 22:17:09,567 [Worker-473: Import Getting Started Content] INFO  o.e.m.c.i.e.AbstractTransferListenerAdapter - Downloading https://repo.maven.apache.org/maven2/org/springframework/spring-tx/6.2.1/spring-tx-6.2.1.pom
2025-01-15 22:17:09,575 [Worker-473: Import Getting Started Content] INFO  o.e.m.c.i.e.AbstractTransferListenerAdapter - Downloaded https://repo.maven.apache.org/maven2/org/springframework/spring-tx/6.2.1/spring-tx-6.2.1.pom
2025-01-15 22:17:09,616 [Worker-473: Import Getting Started Content] INFO  o.e.m.c.i.e.AbstractTransferListenerAdapter - Downloading https://repo.maven.apache.org/maven2/org/hibernate/orm/hibernate-core/6.6.4.Final/hibernate-core-6.6.4.Final.pom
2025-01-15 22:17:09,627 [Worker-473: Import Getting Started Content] INFO  o.e.m.c.i.e.AbstractTransferListenerAdapter - Downloaded https://repo.maven.apache.org/maven2/org/hibernate/orm/hibernate-core/6.6.4.Final/hibernate-core-6.6.4.Final.pom
2025-01-15 22:17:09,664 [Worker-473: Import Getting Started Content] INFO  o.e.m.c.i.e.AbstractTransferListenerAdapter - Downloading https://repo.maven.apache.org/maven2/jakarta/persistence/jakarta.persistence-api/3.1.0/jakarta.persistence-api-3.1.0.pom
2025-01-15 22:17:09,675 [Worker-473: Import Getting Started Content] INFO  o.e.m.c.i.e.AbstractTransferListenerAdapter - Downloaded https://repo.maven.apache.org/maven2/jakarta/persistence/jakarta.persistence-api/3.1.0/jakarta.persistence-api-3.1.0.pom
2025-01-15 22:17:09,709 [Worker-473: Import Getting Started Content] INFO  o.e.m.c.i.e.AbstractTransferListenerAdapter - Downloading https://repo.maven.apache.org/maven2/jakarta/transaction/jakarta.transaction-api/2.0.1/jakarta.transaction-api-2.0.1.pom
2025-01-15 22:17:09,725 [Worker-473: Import Getting Started Content] INFO  o.e.m.c.i.e.AbstractTransferListenerAdapter - Downloaded https://repo.maven.apache.org/maven2/jakarta/transaction/jakarta.transaction-api/2.0.1/jakarta.transaction-api-2.0.1.pom
2025-01-15 22:17:09,754 [Worker-473: Import Getting Started Content] INFO  o.e.m.c.i.e.AbstractTransferListenerAdapter - Downloading https://repo.maven.apache.org/maven2/org/eclipse/ee4j/project/1.0.6/project-1.0.6.pom
2025-01-15 22:17:09,764 [Worker-473: Import Getting Started Content] INFO  o.e.m.c.i.e.AbstractTransferListenerAdapter - Downloaded https://repo.maven.apache.org/maven2/org/eclipse/ee4j/project/1.0.6/project-1.0.6.pom
2025-01-15 22:17:09,793 [Worker-473: Import Getting Started Content] INFO  o.e.m.c.i.e.AbstractTransferListenerAdapter - Downloading https://repo.maven.apache.org/maven2/org/jboss/logging/jboss-logging/3.6.1.Final/jboss-logging-3.6.1.Final.pom
2025-01-15 22:17:09,803 [Worker-473: Import Getting Started Content] INFO  o.e.m.c.i.e.AbstractTransferListenerAdapter - Downloaded https://repo.maven.apache.org/maven2/org/jboss/logging/jboss-logging/3.6.1.Final/jboss-logging-3.6.1.Final.pom
2025-01-15 22:17:09,838 [Worker-473: Import Getting Started Content] INFO  o.e.m.c.i.e.AbstractTransferListenerAdapter - Downloading https://repo.maven.apache.org/maven2/org/jboss/logging/logging-parent/1.0.3.Final/logging-parent-1.0.3.Final.pom
2025-01-15 22:17:09,847 [Worker-473: Import Getting Started Content] INFO  o.e.m.c.i.e.AbstractTransferListenerAdapter - Downloaded https://repo.maven.apache.org/maven2/org/jboss/logging/logging-parent/1.0.3.Final/logging-parent-1.0.3.Final.pom
2025-01-15 22:17:09,878 [Worker-473: Import Getting Started Content] INFO  o.e.m.c.i.e.AbstractTransferListenerAdapter - Downloading https://repo.maven.apache.org/maven2/org/jboss/jboss-parent/42/jboss-parent-42.pom
2025-01-15 22:17:09,922 [Worker-473: Import Getting Started Content] INFO  o.e.m.c.i.e.AbstractTransferListenerAdapter - Downloaded https://repo.maven.apache.org/maven2/org/jboss/jboss-parent/42/jboss-parent-42.pom
2025-01-15 22:17:09,965 [Worker-473: Import Getting Started Content] INFO  o.e.m.c.i.e.AbstractTransferListenerAdapter - Downloading https://repo.maven.apache.org/maven2/org/hibernate/common/hibernate-commons-annotations/7.0.3.Final/hibernate-commons-annotations-7.0.3.Final.pom
2025-01-15 22:17:09,972 [Worker-473: Import Getting Started Content] INFO  o.e.m.c.i.e.AbstractTransferListenerAdapter - Downloaded https://repo.maven.apache.org/maven2/org/hibernate/common/hibernate-commons-annotations/7.0.3.Final/hibernate-commons-annotations-7.0.3.Final.pom
2025-01-15 22:17:10,005 [Worker-473: Import Getting Started Content] INFO  o.e.m.c.i.e.AbstractTransferListenerAdapter - Downloading https://repo.maven.apache.org/maven2/io/smallrye/jandex/3.2.0/jandex-3.2.0.pom
2025-01-15 22:17:10,016 [Worker-473: Import Getting Started Content] INFO  o.e.m.c.i.e.AbstractTransferListenerAdapter - Downloaded https://repo.maven.apache.org/maven2/io/smallrye/jandex/3.2.0/jandex-3.2.0.pom
2025-01-15 22:17:10,047 [Worker-473: Import Getting Started Content] INFO  o.e.m.c.i.e.AbstractTransferListenerAdapter - Downloading https://repo.maven.apache.org/maven2/io/smallrye/jandex-parent/3.2.0/jandex-parent-3.2.0.pom
2025-01-15 22:17:10,056 [Worker-473: Import Getting Started Content] INFO  o.e.m.c.i.e.AbstractTransferListenerAdapter - Downloaded https://repo.maven.apache.org/maven2/io/smallrye/jandex-parent/3.2.0/jandex-parent-3.2.0.pom
2025-01-15 22:17:10,086 [Worker-473: Import Getting Started Content] INFO  o.e.m.c.i.e.AbstractTransferListenerAdapter - Downloading https://repo.maven.apache.org/maven2/io/smallrye/smallrye-build-parent/42/smallrye-build-parent-42.pom
2025-01-15 22:17:10,105 [Worker-473: Import Getting Started Content] INFO  o.e.m.c.i.e.AbstractTransferListenerAdapter - Downloaded https://repo.maven.apache.org/maven2/io/smallrye/smallrye-build-parent/42/smallrye-build-parent-42.pom
2025-01-15 22:17:10,133 [Worker-473: Import Getting Started Content] INFO  o.e.m.c.i.e.AbstractTransferListenerAdapter - Downloading https://repo.maven.apache.org/maven2/com/fasterxml/classmate/1.7.0/classmate-1.7.0.pom
2025-01-15 22:17:10,144 [Worker-473: Import Getting Started Content] INFO  o.e.m.c.i.e.AbstractTransferListenerAdapter - Downloaded https://repo.maven.apache.org/maven2/com/fasterxml/classmate/1.7.0/classmate-1.7.0.pom
2025-01-15 22:17:10,170 [Worker-473: Import Getting Started Content] INFO  o.e.m.c.i.e.AbstractTransferListenerAdapter - Downloading https://repo.maven.apache.org/maven2/com/fasterxml/oss-parent/56/oss-parent-56.pom
2025-01-15 22:17:10,184 [Worker-473: Import Getting Started Content] INFO  o.e.m.c.i.e.AbstractTransferListenerAdapter - Downloaded https://repo.maven.apache.org/maven2/com/fasterxml/oss-parent/56/oss-parent-56.pom
2025-01-15 22:17:10,240 [Worker-473: Import Getting Started Content] INFO  o.e.m.c.i.e.AbstractTransferListenerAdapter - Downloading https://repo.maven.apache.org/maven2/org/glassfish/jaxb/jaxb-runtime/4.0.5/jaxb-runtime-4.0.5.pom
2025-01-15 22:17:10,249 [Worker-473: Import Getting Started Content] INFO  o.e.m.c.i.e.AbstractTransferListenerAdapter - Downloaded https://repo.maven.apache.org/maven2/org/glassfish/jaxb/jaxb-runtime/4.0.5/jaxb-runtime-4.0.5.pom
2025-01-15 22:17:10,286 [Worker-473: Import Getting Started Content] INFO  o.e.m.c.i.e.AbstractTransferListenerAdapter - Downloading https://repo.maven.apache.org/maven2/com/sun/xml/bind/mvn/jaxb-runtime-parent/4.0.5/jaxb-runtime-parent-4.0.5.pom
2025-01-15 22:17:10,294 [Worker-473: Import Getting Started Content] INFO  o.e.m.c.i.e.AbstractTransferListenerAdapter - Downloaded https://repo.maven.apache.org/maven2/com/sun/xml/bind/mvn/jaxb-runtime-parent/4.0.5/jaxb-runtime-parent-4.0.5.pom
2025-01-15 22:17:10,319 [Worker-473: Import Getting Started Content] INFO  o.e.m.c.i.e.AbstractTransferListenerAdapter - Downloading https://repo.maven.apache.org/maven2/com/sun/xml/bind/mvn/jaxb-parent/4.0.5/jaxb-parent-4.0.5.pom
2025-01-15 22:17:10,345 [Worker-473: Import Getting Started Content] INFO  o.e.m.c.i.e.AbstractTransferListenerAdapter - Downloaded https://repo.maven.apache.org/maven2/com/sun/xml/bind/mvn/jaxb-parent/4.0.5/jaxb-parent-4.0.5.pom
2025-01-15 22:17:10,374 [Worker-473: Import Getting Started Content] INFO  o.e.m.c.i.e.AbstractTransferListenerAdapter - Downloading https://repo.maven.apache.org/maven2/com/sun/xml/bind/jaxb-bom-ext/4.0.5/jaxb-bom-ext-4.0.5.pom
2025-01-15 22:17:10,380 [Worker-473: Import Getting Started Content] INFO  o.e.m.c.i.e.AbstractTransferListenerAdapter - Downloaded https://repo.maven.apache.org/maven2/com/sun/xml/bind/jaxb-bom-ext/4.0.5/jaxb-bom-ext-4.0.5.pom
2025-01-15 22:17:10,409 [Worker-473: Import Getting Started Content] INFO  o.e.m.c.i.e.AbstractTransferListenerAdapter - Downloading https://repo.maven.apache.org/maven2/org/glassfish/jaxb/jaxb-core/4.0.5/jaxb-core-4.0.5.pom
2025-01-15 22:17:10,417 [Worker-473: Import Getting Started Content] INFO  o.e.m.c.i.e.AbstractTransferListenerAdapter - Downloaded https://repo.maven.apache.org/maven2/org/glassfish/jaxb/jaxb-core/4.0.5/jaxb-core-4.0.5.pom
2025-01-15 22:17:10,443 [Worker-473: Import Getting Started Content] INFO  o.e.m.c.i.e.AbstractTransferListenerAdapter - Downloading https://repo.maven.apache.org/maven2/org/eclipse/angus/angus-activation/2.0.2/angus-activation-2.0.2.pom
2025-01-15 22:17:10,450 [Worker-473: Import Getting Started Content] INFO  o.e.m.c.i.e.AbstractTransferListenerAdapter - Downloaded https://repo.maven.apache.org/maven2/org/eclipse/angus/angus-activation/2.0.2/angus-activation-2.0.2.pom
2025-01-15 22:17:10,476 [Worker-473: Import Getting Started Content] INFO  o.e.m.c.i.e.AbstractTransferListenerAdapter - Downloading https://repo.maven.apache.org/maven2/org/eclipse/angus/angus-activation-project/2.0.2/angus-activation-project-2.0.2.pom
2025-01-15 22:17:10,485 [Worker-473: Import Getting Started Content] INFO  o.e.m.c.i.e.AbstractTransferListenerAdapter - Downloaded https://repo.maven.apache.org/maven2/org/eclipse/angus/angus-activation-project/2.0.2/angus-activation-project-2.0.2.pom
2025-01-15 22:17:10,515 [Worker-473: Import Getting Started Content] INFO  o.e.m.c.i.e.AbstractTransferListenerAdapter - Downloading https://repo.maven.apache.org/maven2/org/glassfish/jaxb/txw2/4.0.5/txw2-4.0.5.pom
2025-01-15 22:17:10,522 [Worker-473: Import Getting Started Content] INFO  o.e.m.c.i.e.AbstractTransferListenerAdapter - Downloaded https://repo.maven.apache.org/maven2/org/glassfish/jaxb/txw2/4.0.5/txw2-4.0.5.pom
2025-01-15 22:17:10,550 [Worker-473: Import Getting Started Content] INFO  o.e.m.c.i.e.AbstractTransferListenerAdapter - Downloading https://repo.maven.apache.org/maven2/com/sun/xml/bind/mvn/jaxb-txw-parent/4.0.5/jaxb-txw-parent-4.0.5.pom
2025-01-15 22:17:10,556 [Worker-473: Import Getting Started Content] INFO  o.e.m.c.i.e.AbstractTransferListenerAdapter - Downloaded https://repo.maven.apache.org/maven2/com/sun/xml/bind/mvn/jaxb-txw-parent/4.0.5/jaxb-txw-parent-4.0.5.pom
2025-01-15 22:17:10,590 [Worker-473: Import Getting Started Content] INFO  o.e.m.c.i.e.AbstractTransferListenerAdapter - Downloading https://repo.maven.apache.org/maven2/com/sun/istack/istack-commons-runtime/4.1.2/istack-commons-runtime-4.1.2.pom
2025-01-15 22:17:10,598 [Worker-473: Import Getting Started Content] INFO  o.e.m.c.i.e.AbstractTransferListenerAdapter - Downloaded https://repo.maven.apache.org/maven2/com/sun/istack/istack-commons-runtime/4.1.2/istack-commons-runtime-4.1.2.pom
2025-01-15 22:17:10,627 [Worker-473: Import Getting Started Content] INFO  o.e.m.c.i.e.AbstractTransferListenerAdapter - Downloading https://repo.maven.apache.org/maven2/com/sun/istack/istack-commons/4.1.2/istack-commons-4.1.2.pom
2025-01-15 22:17:10,638 [Worker-473: Import Getting Started Content] INFO  o.e.m.c.i.e.AbstractTransferListenerAdapter - Downloaded https://repo.maven.apache.org/maven2/com/sun/istack/istack-commons/4.1.2/istack-commons-4.1.2.pom
2025-01-15 22:17:10,686 [Worker-473: Import Getting Started Content] INFO  o.e.m.c.i.e.AbstractTransferListenerAdapter - Downloading https://repo.maven.apache.org/maven2/jakarta/inject/jakarta.inject-api/2.0.1/jakarta.inject-api-2.0.1.pom
2025-01-15 22:17:10,693 [Worker-473: Import Getting Started Content] INFO  o.e.m.c.i.e.AbstractTransferListenerAdapter - Downloaded https://repo.maven.apache.org/maven2/jakarta/inject/jakarta.inject-api/2.0.1/jakarta.inject-api-2.0.1.pom
2025-01-15 22:17:10,719 [Worker-473: Import Getting Started Content] INFO  o.e.m.c.i.e.AbstractTransferListenerAdapter - Downloading https://repo.maven.apache.org/maven2/org/antlr/antlr4-runtime/4.13.0/antlr4-runtime-4.13.0.pom
2025-01-15 22:17:10,726 [Worker-473: Import Getting Started Content] INFO  o.e.m.c.i.e.AbstractTransferListenerAdapter - Downloaded https://repo.maven.apache.org/maven2/org/antlr/antlr4-runtime/4.13.0/antlr4-runtime-4.13.0.pom
2025-01-15 22:17:10,753 [Worker-473: Import Getting Started Content] INFO  o.e.m.c.i.e.AbstractTransferListenerAdapter - Downloading https://repo.maven.apache.org/maven2/org/antlr/antlr4-master/4.13.0/antlr4-master-4.13.0.pom
2025-01-15 22:17:10,802 [Worker-473: Import Getting Started Content] INFO  o.e.m.c.i.e.AbstractTransferListenerAdapter - Downloaded https://repo.maven.apache.org/maven2/org/antlr/antlr4-master/4.13.0/antlr4-master-4.13.0.pom
2025-01-15 22:17:10,836 [Worker-473: Import Getting Started Content] INFO  o.e.m.c.i.e.AbstractTransferListenerAdapter - Downloading https://repo.maven.apache.org/maven2/org/springframework/data/spring-data-jpa/3.4.1/spring-data-jpa-3.4.1.pom
2025-01-15 22:17:10,843 [Worker-473: Import Getting Started Content] INFO  o.e.m.c.i.e.AbstractTransferListenerAdapter - Downloaded https://repo.maven.apache.org/maven2/org/springframework/data/spring-data-jpa/3.4.1/spring-data-jpa-3.4.1.pom
2025-01-15 22:17:10,872 [Worker-473: Import Getting Started Content] INFO  o.e.m.c.i.e.AbstractTransferListenerAdapter - Downloading https://repo.maven.apache.org/maven2/org/springframework/data/spring-data-jpa-parent/3.4.1/spring-data-jpa-parent-3.4.1.pom
2025-01-15 22:17:10,883 [Worker-473: Import Getting Started Content] INFO  o.e.m.c.i.e.AbstractTransferListenerAdapter - Downloaded https://repo.maven.apache.org/maven2/org/springframework/data/spring-data-jpa-parent/3.4.1/spring-data-jpa-parent-3.4.1.pom
2025-01-15 22:17:10,913 [Worker-473: Import Getting Started Content] INFO  o.e.m.c.i.e.AbstractTransferListenerAdapter - Downloading https://repo.maven.apache.org/maven2/org/springframework/data/build/spring-data-parent/3.4.1/spring-data-parent-3.4.1.pom
2025-01-15 22:17:10,949 [Worker-473: Import Getting Started Content] INFO  o.e.m.c.i.e.AbstractTransferListenerAdapter - Downloaded https://repo.maven.apache.org/maven2/org/springframework/data/build/spring-data-parent/3.4.1/spring-data-parent-3.4.1.pom
2025-01-15 22:17:10,979 [Worker-473: Import Getting Started Content] INFO  o.e.m.c.i.e.AbstractTransferListenerAdapter - Downloading https://repo.maven.apache.org/maven2/org/springframework/data/build/spring-data-build/3.4.1/spring-data-build-3.4.1.pom
2025-01-15 22:17:10,988 [Worker-473: Import Getting Started Content] INFO  o.e.m.c.i.e.AbstractTransferListenerAdapter - Downloaded https://repo.maven.apache.org/maven2/org/springframework/data/build/spring-data-build/3.4.1/spring-data-build-3.4.1.pom
2025-01-15 22:17:11,025 [Worker-473: Import Getting Started Content] INFO  o.e.m.c.i.e.AbstractTransferListenerAdapter - Downloading https://repo.maven.apache.org/maven2/org/jetbrains/kotlinx/kotlinx-coroutines-bom/1.9.0/kotlinx-coroutines-bom-1.9.0.pom
2025-01-15 22:17:11,033 [Worker-473: Import Getting Started Content] INFO  o.e.m.c.i.e.AbstractTransferListenerAdapter - Downloaded https://repo.maven.apache.org/maven2/org/jetbrains/kotlinx/kotlinx-coroutines-bom/1.9.0/kotlinx-coroutines-bom-1.9.0.pom
2025-01-15 22:17:11,060 [Worker-473: Import Getting Started Content] INFO  o.e.m.c.i.e.AbstractTransferListenerAdapter - Downloading https://repo.maven.apache.org/maven2/org/junit/junit-bom/5.11.3/junit-bom-5.11.3.pom
2025-01-15 22:17:11,067 [Worker-473: Import Getting Started Content] INFO  o.e.m.c.i.e.AbstractTransferListenerAdapter - Downloaded https://repo.maven.apache.org/maven2/org/junit/junit-bom/5.11.3/junit-bom-5.11.3.pom
2025-01-15 22:17:11,092 [Worker-473: Import Getting Started Content] INFO  o.e.m.c.i.e.AbstractTransferListenerAdapter - Downloading https://repo.maven.apache.org/maven2/org/springframework/data/spring-data-commons/3.4.1/spring-data-commons-3.4.1.pom
2025-01-15 22:17:11,101 [Worker-473: Import Getting Started Content] INFO  o.e.m.c.i.e.AbstractTransferListenerAdapter - Downloaded https://repo.maven.apache.org/maven2/org/springframework/data/spring-data-commons/3.4.1/spring-data-commons-3.4.1.pom
2025-01-15 22:17:11,124 [Worker-473: Import Getting Started Content] INFO  o.e.m.c.i.e.AbstractTransferListenerAdapter - Downloading https://repo.maven.apache.org/maven2/org/springframework/spring-orm/6.2.1/spring-orm-6.2.1.pom
2025-01-15 22:17:11,131 [Worker-473: Import Getting Started Content] INFO  o.e.m.c.i.e.AbstractTransferListenerAdapter - Downloaded https://repo.maven.apache.org/maven2/org/springframework/spring-orm/6.2.1/spring-orm-6.2.1.pom
2025-01-15 22:17:11,155 [Worker-473: Import Getting Started Content] INFO  o.e.m.c.i.e.AbstractTransferListenerAdapter - Downloading https://repo.maven.apache.org/maven2/org/springframework/spring-aspects/6.2.1/spring-aspects-6.2.1.pom
2025-01-15 22:17:11,162 [Worker-473: Import Getting Started Content] INFO  o.e.m.c.i.e.AbstractTransferListenerAdapter - Downloaded https://repo.maven.apache.org/maven2/org/springframework/spring-aspects/6.2.1/spring-aspects-6.2.1.pom
2025-01-15 22:17:11,184 [Worker-473: Import Getting Started Content] INFO  o.e.m.c.i.e.AbstractTransferListenerAdapter - Downloading https://repo.maven.apache.org/maven2/org/aspectj/aspectjweaver/1.9.22.1/aspectjweaver-1.9.22.1.pom
2025-01-15 22:17:11,190 [Worker-473: Import Getting Started Content] INFO  o.e.m.c.i.e.AbstractTransferListenerAdapter - Downloaded https://repo.maven.apache.org/maven2/org/aspectj/aspectjweaver/1.9.22.1/aspectjweaver-1.9.22.1.pom
2025-01-15 22:17:11,213 [Worker-473: Import Getting Started Content] INFO  o.e.m.c.i.e.AbstractTransferListenerAdapter - Downloading https://repo.maven.apache.org/maven2/com/mysql/mysql-connector-j/9.1.0/mysql-connector-j-9.1.0.pom
2025-01-15 22:17:11,220 [Worker-473: Import Getting Started Content] INFO  o.e.m.c.i.e.AbstractTransferListenerAdapter - Downloaded https://repo.maven.apache.org/maven2/com/mysql/mysql-connector-j/9.1.0/mysql-connector-j-9.1.0.pom
2025-01-15 22:17:11,434 [Worker-473: Import Getting Started Content] INFO  o.e.m.c.i.e.AbstractTransferListenerAdapter - Downloading https://repo.maven.apache.org/maven2/org/springframework/boot/spring-boot-starter-data-jpa/3.4.1/spring-boot-starter-data-jpa-3.4.1.jar
2025-01-15 22:17:11,442 [Worker-473: Import Getting Started Content] INFO  o.e.m.c.i.e.AbstractTransferListenerAdapter - Downloaded https://repo.maven.apache.org/maven2/org/springframework/boot/spring-boot-starter-data-jpa/3.4.1/spring-boot-starter-data-jpa-3.4.1.jar
2025-01-15 22:17:11,460 [BasicRepositoryConnector-repo.maven.apache.org-5-0] INFO  o.e.m.c.i.e.AbstractTransferListenerAdapter - Downloading https://repo.maven.apache.org/maven2/org/springframework/boot/spring-boot-starter-jdbc/3.4.1/spring-boot-starter-jdbc-3.4.1.jar
2025-01-15 22:17:11,471 [BasicRepositoryConnector-repo.maven.apache.org-5-0] INFO  o.e.m.c.i.e.AbstractTransferListenerAdapter - Downloaded https://repo.maven.apache.org/maven2/org/springframework/boot/spring-boot-starter-jdbc/3.4.1/spring-boot-starter-jdbc-3.4.1.jar
2025-01-15 22:17:11,490 [BasicRepositoryConnector-repo.maven.apache.org-5-0] INFO  o.e.m.c.i.e.AbstractTransferListenerAdapter - Downloading https://repo.maven.apache.org/maven2/jakarta/transaction/jakarta.transaction-api/2.0.1/jakarta.transaction-api-2.0.1.jar
2025-01-15 22:17:11,495 [BasicRepositoryConnector-repo.maven.apache.org-5-1] INFO  o.e.m.c.i.e.AbstractTransferListenerAdapter - Downloading https://repo.maven.apache.org/maven2/com/zaxxer/HikariCP/5.1.0/HikariCP-5.1.0.jar
2025-01-15 22:17:11,500 [BasicRepositoryConnector-repo.maven.apache.org-5-3] INFO  o.e.m.c.i.e.AbstractTransferListenerAdapter - Downloading https://repo.maven.apache.org/maven2/org/hibernate/orm/hibernate-core/6.6.4.Final/hibernate-core-6.6.4.Final.jar
2025-01-15 22:17:11,501 [BasicRepositoryConnector-repo.maven.apache.org-5-2] INFO  o.e.m.c.i.e.AbstractTransferListenerAdapter - Downloading https://repo.maven.apache.org/maven2/org/springframework/spring-jdbc/6.2.1/spring-jdbc-6.2.1.jar
2025-01-15 22:17:11,502 [BasicRepositoryConnector-repo.maven.apache.org-5-0] INFO  o.e.m.c.i.e.AbstractTransferListenerAdapter - Downloaded https://repo.maven.apache.org/maven2/jakarta/transaction/jakarta.transaction-api/2.0.1/jakarta.transaction-api-2.0.1.jar
2025-01-15 22:17:11,510 [BasicRepositoryConnector-repo.maven.apache.org-5-4] INFO  o.e.m.c.i.e.AbstractTransferListenerAdapter - Downloading https://repo.maven.apache.org/maven2/jakarta/persistence/jakarta.persistence-api/3.1.0/jakarta.persistence-api-3.1.0.jar
2025-01-15 22:17:11,530 [BasicRepositoryConnector-repo.maven.apache.org-5-0] INFO  o.e.m.c.i.e.AbstractTransferListenerAdapter - Downloading https://repo.maven.apache.org/maven2/org/jboss/logging/jboss-logging/3.6.1.Final/jboss-logging-3.6.1.Final.jar
2025-01-15 22:17:11,576 [BasicRepositoryConnector-repo.maven.apache.org-5-0] INFO  o.e.m.c.i.e.AbstractTransferListenerAdapter - Downloaded https://repo.maven.apache.org/maven2/org/jboss/logging/jboss-logging/3.6.1.Final/jboss-logging-3.6.1.Final.jar
2025-01-15 22:17:11,609 [BasicRepositoryConnector-repo.maven.apache.org-5-1] INFO  o.e.m.c.i.e.AbstractTransferListenerAdapter - Downloaded https://repo.maven.apache.org/maven2/com/zaxxer/HikariCP/5.1.0/HikariCP-5.1.0.jar
2025-01-15 22:17:11,617 [BasicRepositoryConnector-repo.maven.apache.org-5-0] INFO  o.e.m.c.i.e.AbstractTransferListenerAdapter - Downloading https://repo.maven.apache.org/maven2/org/hibernate/common/hibernate-commons-annotations/7.0.3.Final/hibernate-commons-annotations-7.0.3.Final.jar
2025-01-15 22:17:11,633 [BasicRepositoryConnector-repo.maven.apache.org-5-4] INFO  o.e.m.c.i.e.AbstractTransferListenerAdapter - Downloaded https://repo.maven.apache.org/maven2/jakarta/persistence/jakarta.persistence-api/3.1.0/jakarta.persistence-api-3.1.0.jar
2025-01-15 22:17:11,640 [BasicRepositoryConnector-repo.maven.apache.org-5-1] INFO  o.e.m.c.i.e.AbstractTransferListenerAdapter - Downloading https://repo.maven.apache.org/maven2/io/smallrye/jandex/3.2.0/jandex-3.2.0.jar
2025-01-15 22:17:11,650 [BasicRepositoryConnector-repo.maven.apache.org-5-0] INFO  o.e.m.c.i.e.AbstractTransferListenerAdapter - Downloaded https://repo.maven.apache.org/maven2/org/hibernate/common/hibernate-commons-annotations/7.0.3.Final/hibernate-commons-annotations-7.0.3.Final.jar
2025-01-15 22:17:11,653 [BasicRepositoryConnector-repo.maven.apache.org-5-4] INFO  o.e.m.c.i.e.AbstractTransferListenerAdapter - Downloading https://repo.maven.apache.org/maven2/com/fasterxml/classmate/1.7.0/classmate-1.7.0.jar
2025-01-15 22:17:11,686 [BasicRepositoryConnector-repo.maven.apache.org-5-0] INFO  o.e.m.c.i.e.AbstractTransferListenerAdapter - Downloading https://repo.maven.apache.org/maven2/org/glassfish/jaxb/jaxb-runtime/4.0.5/jaxb-runtime-4.0.5.jar
2025-01-15 22:17:11,699 [BasicRepositoryConnector-repo.maven.apache.org-5-4] INFO  o.e.m.c.i.e.AbstractTransferListenerAdapter - Downloaded https://repo.maven.apache.org/maven2/com/fasterxml/classmate/1.7.0/classmate-1.7.0.jar
2025-01-15 22:17:11,733 [BasicRepositoryConnector-repo.maven.apache.org-5-4] INFO  o.e.m.c.i.e.AbstractTransferListenerAdapter - Downloading https://repo.maven.apache.org/maven2/org/glassfish/jaxb/jaxb-core/4.0.5/jaxb-core-4.0.5.jar
2025-01-15 22:17:11,777 [BasicRepositoryConnector-repo.maven.apache.org-5-4] INFO  o.e.m.c.i.e.AbstractTransferListenerAdapter - Downloaded https://repo.maven.apache.org/maven2/org/glassfish/jaxb/jaxb-core/4.0.5/jaxb-core-4.0.5.jar
2025-01-15 22:17:11,786 [BasicRepositoryConnector-repo.maven.apache.org-5-2] INFO  o.e.m.c.i.e.AbstractTransferListenerAdapter - Downloaded https://repo.maven.apache.org/maven2/org/springframework/spring-jdbc/6.2.1/spring-jdbc-6.2.1.jar
2025-01-15 22:17:11,792 [BasicRepositoryConnector-repo.maven.apache.org-5-1] INFO  o.e.m.c.i.e.AbstractTransferListenerAdapter - Downloaded https://repo.maven.apache.org/maven2/io/smallrye/jandex/3.2.0/jandex-3.2.0.jar
2025-01-15 22:17:11,802 [BasicRepositoryConnector-repo.maven.apache.org-5-4] INFO  o.e.m.c.i.e.AbstractTransferListenerAdapter - Downloading https://repo.maven.apache.org/maven2/org/eclipse/angus/angus-activation/2.0.2/angus-activation-2.0.2.jar
2025-01-15 22:17:11,805 [BasicRepositoryConnector-repo.maven.apache.org-5-2] INFO  o.e.m.c.i.e.AbstractTransferListenerAdapter - Downloading https://repo.maven.apache.org/maven2/org/glassfish/jaxb/txw2/4.0.5/txw2-4.0.5.jar
2025-01-15 22:17:11,815 [BasicRepositoryConnector-repo.maven.apache.org-5-1] INFO  o.e.m.c.i.e.AbstractTransferListenerAdapter - Downloading https://repo.maven.apache.org/maven2/com/sun/istack/istack-commons-runtime/4.1.2/istack-commons-runtime-4.1.2.jar
2025-01-15 22:17:11,820 [BasicRepositoryConnector-repo.maven.apache.org-5-4] INFO  o.e.m.c.i.e.AbstractTransferListenerAdapter - Downloaded https://repo.maven.apache.org/maven2/org/eclipse/angus/angus-activation/2.0.2/angus-activation-2.0.2.jar
2025-01-15 22:17:11,826 [BasicRepositoryConnector-repo.maven.apache.org-5-1] INFO  o.e.m.c.i.e.AbstractTransferListenerAdapter - Downloaded https://repo.maven.apache.org/maven2/com/sun/istack/istack-commons-runtime/4.1.2/istack-commons-runtime-4.1.2.jar
2025-01-15 22:17:11,831 [BasicRepositoryConnector-repo.maven.apache.org-5-2] INFO  o.e.m.c.i.e.AbstractTransferListenerAdapter - Downloaded https://repo.maven.apache.org/maven2/org/glassfish/jaxb/txw2/4.0.5/txw2-4.0.5.jar
2025-01-15 22:17:11,841 [BasicRepositoryConnector-repo.maven.apache.org-5-4] INFO  o.e.m.c.i.e.AbstractTransferListenerAdapter - Downloading https://repo.maven.apache.org/maven2/jakarta/inject/jakarta.inject-api/2.0.1/jakarta.inject-api-2.0.1.jar
2025-01-15 22:17:11,847 [BasicRepositoryConnector-repo.maven.apache.org-5-1] INFO  o.e.m.c.i.e.AbstractTransferListenerAdapter - Downloading https://repo.maven.apache.org/maven2/org/antlr/antlr4-runtime/4.13.0/antlr4-runtime-4.13.0.jar
2025-01-15 22:17:11,849 [BasicRepositoryConnector-repo.maven.apache.org-5-4] INFO  o.e.m.c.i.e.AbstractTransferListenerAdapter - Downloaded https://repo.maven.apache.org/maven2/jakarta/inject/jakarta.inject-api/2.0.1/jakarta.inject-api-2.0.1.jar
2025-01-15 22:17:11,850 [BasicRepositoryConnector-repo.maven.apache.org-5-2] INFO  o.e.m.c.i.e.AbstractTransferListenerAdapter - Downloading https://repo.maven.apache.org/maven2/org/springframework/data/spring-data-jpa/3.4.1/spring-data-jpa-3.4.1.jar
2025-01-15 22:17:11,876 [BasicRepositoryConnector-repo.maven.apache.org-5-4] INFO  o.e.m.c.i.e.AbstractTransferListenerAdapter - Downloading https://repo.maven.apache.org/maven2/org/springframework/data/spring-data-commons/3.4.1/spring-data-commons-3.4.1.jar
2025-01-15 22:17:11,989 [BasicRepositoryConnector-repo.maven.apache.org-5-1] INFO  o.e.m.c.i.e.AbstractTransferListenerAdapter - Downloaded https://repo.maven.apache.org/maven2/org/antlr/antlr4-runtime/4.13.0/antlr4-runtime-4.13.0.jar
2025-01-15 22:17:12,009 [BasicRepositoryConnector-repo.maven.apache.org-5-1] INFO  o.e.m.c.i.e.AbstractTransferListenerAdapter - Downloading https://repo.maven.apache.org/maven2/org/springframework/spring-orm/6.2.1/spring-orm-6.2.1.jar
2025-01-15 22:17:12,119 [BasicRepositoryConnector-repo.maven.apache.org-5-1] INFO  o.e.m.c.i.e.AbstractTransferListenerAdapter - Downloaded https://repo.maven.apache.org/maven2/org/springframework/spring-orm/6.2.1/spring-orm-6.2.1.jar
2025-01-15 22:17:12,143 [BasicRepositoryConnector-repo.maven.apache.org-5-1] INFO  o.e.m.c.i.e.AbstractTransferListenerAdapter - Downloading https://repo.maven.apache.org/maven2/org/springframework/spring-tx/6.2.1/spring-tx-6.2.1.jar
2025-01-15 22:17:12,172 [BasicRepositoryConnector-repo.maven.apache.org-5-0] INFO  o.e.m.c.i.e.AbstractTransferListenerAdapter - Downloaded https://repo.maven.apache.org/maven2/org/glassfish/jaxb/jaxb-runtime/4.0.5/jaxb-runtime-4.0.5.jar
2025-01-15 22:17:12,194 [BasicRepositoryConnector-repo.maven.apache.org-5-0] INFO  o.e.m.c.i.e.AbstractTransferListenerAdapter - Downloading https://repo.maven.apache.org/maven2/org/springframework/spring-aspects/6.2.1/spring-aspects-6.2.1.jar
2025-01-15 22:17:12,226 [BasicRepositoryConnector-repo.maven.apache.org-5-0] INFO  o.e.m.c.i.e.AbstractTransferListenerAdapter - Downloaded https://repo.maven.apache.org/maven2/org/springframework/spring-aspects/6.2.1/spring-aspects-6.2.1.jar
2025-01-15 22:17:12,256 [BasicRepositoryConnector-repo.maven.apache.org-5-0] INFO  o.e.m.c.i.e.AbstractTransferListenerAdapter - Downloading https://repo.maven.apache.org/maven2/org/aspectj/aspectjweaver/1.9.22.1/aspectjweaver-1.9.22.1.jar
2025-01-15 22:17:12,258 [BasicRepositoryConnector-repo.maven.apache.org-5-1] INFO  o.e.m.c.i.e.AbstractTransferListenerAdapter - Downloaded https://repo.maven.apache.org/maven2/org/springframework/spring-tx/6.2.1/spring-tx-6.2.1.jar
2025-01-15 22:17:12,288 [BasicRepositoryConnector-repo.maven.apache.org-5-1] INFO  o.e.m.c.i.e.AbstractTransferListenerAdapter - Downloading https://repo.maven.apache.org/maven2/com/mysql/mysql-connector-j/9.1.0/mysql-connector-j-9.1.0.jar
2025-01-15 22:17:12,328 [BasicRepositoryConnector-repo.maven.apache.org-5-4] INFO  o.e.m.c.i.e.AbstractTransferListenerAdapter - Downloaded https://repo.maven.apache.org/maven2/org/springframework/data/spring-data-commons/3.4.1/spring-data-commons-3.4.1.jar
2025-01-15 22:17:12,724 [BasicRepositoryConnector-repo.maven.apache.org-5-2] INFO  o.e.m.c.i.e.AbstractTransferListenerAdapter - Downloaded https://repo.maven.apache.org/maven2/org/springframework/data/spring-data-jpa/3.4.1/spring-data-jpa-3.4.1.jar
2025-01-15 22:17:13,064 [BasicRepositoryConnector-repo.maven.apache.org-5-1] INFO  o.e.m.c.i.e.AbstractTransferListenerAdapter - Downloaded https://repo.maven.apache.org/maven2/com/mysql/mysql-connector-j/9.1.0/mysql-connector-j-9.1.0.jar
2025-01-15 22:17:13,125 [BasicRepositoryConnector-repo.maven.apache.org-5-0] INFO  o.e.m.c.i.e.AbstractTransferListenerAdapter - Downloaded https://repo.maven.apache.org/maven2/org/aspectj/aspectjweaver/1.9.22.1/aspectjweaver-1.9.22.1.jar
2025-01-15 22:17:14,226 [BasicRepositoryConnector-repo.maven.apache.org-5-3] INFO  o.e.m.c.i.e.AbstractTransferListenerAdapter - Downloaded https://repo.maven.apache.org/maven2/org/hibernate/orm/hibernate-core/6.6.4.Final/hibernate-core-6.6.4.Final.jar
2025-01-15 22:17:15,411 [Worker-473: Import Getting Started Content] INFO  o.e.m.c.i.l.LifecycleMappingFactory - Using org.eclipse.m2e.jdt.JarLifecycleMapping lifecycle mapping for MavenProject: com.akshay:01-Spring-ComponentScan:0.0.1-SNAPSHOT @ C:\Users\surajendra\Work_Requests\Eclipse_Workspace\Spring\Test\01-Spring-ComponentScan\pom.xml.
2025-01-15 22:17:16,243 [Worker-473: Import Getting Started Content] INFO  o.e.m.c.i.l.LifecycleMappingFactory - Using org.eclipse.m2e.jdt.JarLifecycleMapping lifecycle mapping for MavenProject: com.example:demo:0.0.1-SNAPSHOT @ C:\Users\surajendra\Work_Requests\Eclipse_Workspace\Spring\Test\demo\pom.xml.
2025-01-15 22:17:16,577 [Worker-473: Import Getting Started Content] INFO  o.e.m.c.i.l.LifecycleMappingFactory - Using org.eclipse.m2e.jdt.JarLifecycleMapping lifecycle mapping for MavenProject: com.in.akshay:02-Spring-Autowiring:0.0.1-SNAPSHOT @ C:\Users\surajendra\Work_Requests\Eclipse_Workspace\Spring\02-Spring-Autowiring\pom.xml.
2025-01-15 22:17:16,899 [Worker-473: Import Getting Started Content] INFO  o.e.m.c.i.l.LifecycleMappingFactory - Using org.eclipse.m2e.jdt.JarLifecycleMapping lifecycle mapping for MavenProject: com.in.akshay:03-Spring-BeanLife-Cycle:0.0.1-SNAPSHOT @ C:\Users\surajendra\Work_Requests\Eclipse_Workspace\Spring\03-Spring-BeanLife-Cycle\pom.xml.
2025-01-15 22:17:17,686 [Worker-473: Import Getting Started Content] INFO  o.e.m.j.i.AbstractJavaProjectConfigurator - Adding source folder /04-Spring-DataJPA_01/src/main/java
2025-01-15 22:17:17,688 [Worker-473: Import Getting Started Content] INFO  o.e.m.j.i.AbstractJavaProjectConfigurator - Adding resource folder /04-Spring-DataJPA_01/src/main/resources
2025-01-15 22:17:17,691 [Worker-473: Import Getting Started Content] INFO  o.e.m.j.i.AbstractJavaProjectConfigurator - Adding resource folder /04-Spring-DataJPA_01/src/main/resources
2025-01-15 22:17:17,696 [Worker-473: Import Getting Started Content] INFO  o.e.m.j.i.AbstractJavaProjectConfigurator - Adding source folder /04-Spring-DataJPA_01/src/test/java
2025-01-15 22:17:17,697 [Worker-473: Import Getting Started Content] INFO  o.e.m.j.i.AbstractJavaProjectConfigurator - Adding resource folder /04-Spring-DataJPA_01/src/test/resources
2025-01-15 22:17:17,954 [Worker-473: Import Getting Started Content] INFO  o.e.m.c.i.p.ProjectConfigurationManager - Imported and configured 1 project(s) in 9 sec
2025-01-15 22:17:17,955 [Worker-473: Import Getting Started Content] INFO  o.e.m.c.i.p.ProjectConfigurationManager - Update started
2025-01-15 22:17:18,272 [Worker-473: Import Getting Started Content] INFO  o.e.m.c.i.l.LifecycleMappingFactory - Using org.eclipse.m2e.jdt.JarLifecycleMapping lifecycle mapping for MavenProject: com.in.akshay:04-Spring-DataJPA_01:0.0.1-SNAPSHOT @ C:\Users\surajendra\Work_Requests\Eclipse_Workspace\Spring\Test\04-Spring-DataJPA_01\pom.xml.
2025-01-15 22:17:18,671 [Worker-474: Download sources and javadoc] INFO  o.e.m.c.i.e.AbstractTransferListenerAdapter - Downloading https://repo.maven.apache.org/maven2/org/springframework/boot/spring-boot-starter-data-jpa/3.4.1/spring-boot-starter-data-jpa-3.4.1-sources.jar
2025-01-15 22:17:18,689 [Worker-474: Download sources and javadoc] INFO  o.e.m.c.i.e.AbstractTransferListenerAdapter - Downloaded https://repo.maven.apache.org/maven2/org/springframework/boot/spring-boot-starter-data-jpa/3.4.1/spring-boot-starter-data-jpa-3.4.1-sources.jar
2025-01-15 22:17:18,699 [Worker-474: Download sources and javadoc] INFO  o.e.m.j.internal.DownloadSourcesJob - Downloaded sources for org.springframework.boot:spring-boot-starter-data-jpa:3.4.1
2025-01-15 22:17:18,776 [Worker-474: Download sources and javadoc] INFO  o.e.m.c.i.e.AbstractTransferListenerAdapter - Downloading https://repo.maven.apache.org/maven2/org/springframework/boot/spring-boot-starter-jdbc/3.4.1/spring-boot-starter-jdbc-3.4.1-sources.jar
2025-01-15 22:17:18,793 [Worker-474: Download sources and javadoc] INFO  o.e.m.c.i.e.AbstractTransferListenerAdapter - Downloaded https://repo.maven.apache.org/maven2/org/springframework/boot/spring-boot-starter-jdbc/3.4.1/spring-boot-starter-jdbc-3.4.1-sources.jar
2025-01-15 22:17:18,802 [Worker-474: Download sources and javadoc] INFO  o.e.m.j.internal.DownloadSourcesJob - Downloaded sources for org.springframework.boot:spring-boot-starter-jdbc:3.4.1
2025-01-15 22:17:18,933 [Worker-474: Download sources and javadoc] INFO  o.e.m.c.i.e.AbstractTransferListenerAdapter - Downloading https://repo.maven.apache.org/maven2/com/zaxxer/HikariCP/5.1.0/HikariCP-5.1.0-sources.jar
2025-01-15 22:17:19,016 [Worker-474: Download sources and javadoc] INFO  o.e.m.c.i.e.AbstractTransferListenerAdapter - Downloaded https://repo.maven.apache.org/maven2/com/zaxxer/HikariCP/5.1.0/HikariCP-5.1.0-sources.jar
2025-01-15 22:17:19,026 [Worker-474: Download sources and javadoc] INFO  o.e.m.j.internal.DownloadSourcesJob - Downloaded sources for com.zaxxer:HikariCP:5.1.0
2025-01-15 22:17:19,064 [Worker-473: Import Getting Started Content] INFO  o.e.m.j.i.AbstractJavaProjectConfigurator - Adding source folder /04-Spring-DataJPA_01/src/main/java
2025-01-15 22:17:19,065 [Worker-473: Import Getting Started Content] INFO  o.e.m.j.i.AbstractJavaProjectConfigurator - Adding resource folder /04-Spring-DataJPA_01/src/main/resources
2025-01-15 22:17:19,065 [Worker-473: Import Getting Started Content] INFO  o.e.m.j.i.AbstractJavaProjectConfigurator - Adding resource folder /04-Spring-DataJPA_01/src/main/resources
2025-01-15 22:17:19,065 [Worker-473: Import Getting Started Content] INFO  o.e.m.j.i.AbstractJavaProjectConfigurator - Adding source folder /04-Spring-DataJPA_01/src/test/java
2025-01-15 22:17:19,066 [Worker-473: Import Getting Started Content] INFO  o.e.m.j.i.AbstractJavaProjectConfigurator - Adding resource folder /04-Spring-DataJPA_01/src/test/resources
2025-01-15 22:17:19,092 [Worker-474: Download sources and javadoc] INFO  o.e.m.c.i.e.AbstractTransferListenerAdapter - Downloading https://repo.maven.apache.org/maven2/org/springframework/spring-jdbc/6.2.1/spring-jdbc-6.2.1-sources.jar
2025-01-15 22:17:19,181 [Worker-474: Download sources and javadoc] INFO  o.e.m.c.i.e.AbstractTransferListenerAdapter - Downloaded https://repo.maven.apache.org/maven2/org/springframework/spring-jdbc/6.2.1/spring-jdbc-6.2.1-sources.jar
2025-01-15 22:17:19,190 [Worker-474: Download sources and javadoc] INFO  o.e.m.j.internal.DownloadSourcesJob - Downloaded sources for org.springframework:spring-jdbc:6.2.1
2025-01-15 22:17:19,253 [Worker-474: Download sources and javadoc] INFO  o.e.m.c.i.e.AbstractTransferListenerAdapter - Downloading https://repo.maven.apache.org/maven2/org/hibernate/orm/hibernate-core/6.6.4.Final/hibernate-core-6.6.4.Final-sources.jar
2025-01-15 22:17:19,338 [Worker-473: Import Getting Started Content] INFO  o.e.m.c.i.p.ProjectConfigurationManager - Update completed for 1 poms: local refresh takes 0.00 sec, refresh facades takes 1.00 sec, update config takes 0.00 sec 
2025-01-15 22:17:19,916 [Worker-483: Building] INFO  o.a.m.s.f.DefaultMavenResourcesFiltering - Copying 1 resource from src\main\resources to target\classes
2025-01-15 22:17:19,945 [Worker-483: Building] INFO  o.a.m.s.f.DefaultMavenResourcesFiltering - Copying 0 resource from src\main\resources to target\classes
2025-01-15 22:17:19,951 [Worker-483: Building] INFO  o.a.m.s.f.DefaultMavenResourcesFiltering - skip non existing resourceDirectory C:\Users\surajendra\Work_Requests\Eclipse_Workspace\Spring\Test\04-Spring-DataJPA_01\src\test\resources
2025-01-15 22:17:20,112 [Worker-474: Download sources and javadoc] INFO  o.e.m.c.i.e.AbstractTransferListenerAdapter - Downloaded https://repo.maven.apache.org/maven2/org/hibernate/orm/hibernate-core/6.6.4.Final/hibernate-core-6.6.4.Final-sources.jar
2025-01-15 22:17:20,122 [Worker-474: Download sources and javadoc] INFO  o.e.m.j.internal.DownloadSourcesJob - Downloaded sources for org.hibernate.orm:hibernate-core:6.6.4.Final
2025-01-15 22:17:20,185 [Worker-474: Download sources and javadoc] INFO  o.e.m.c.i.e.AbstractTransferListenerAdapter - Downloading https://repo.maven.apache.org/maven2/jakarta/persistence/jakarta.persistence-api/3.1.0/jakarta.persistence-api-3.1.0-sources.jar
2025-01-15 22:17:20,258 [Worker-474: Download sources and javadoc] INFO  o.e.m.c.i.e.AbstractTransferListenerAdapter - Downloaded https://repo.maven.apache.org/maven2/jakarta/persistence/jakarta.persistence-api/3.1.0/jakarta.persistence-api-3.1.0-sources.jar
2025-01-15 22:17:20,267 [Worker-474: Download sources and javadoc] INFO  o.e.m.j.internal.DownloadSourcesJob - Downloaded sources for jakarta.persistence:jakarta.persistence-api:3.1.0
2025-01-15 22:17:20,324 [Worker-474: Download sources and javadoc] INFO  o.e.m.c.i.e.AbstractTransferListenerAdapter - Downloading https://repo.maven.apache.org/maven2/jakarta/transaction/jakarta.transaction-api/2.0.1/jakarta.transaction-api-2.0.1-sources.jar
2025-01-15 22:17:20,341 [Worker-474: Download sources and javadoc] INFO  o.e.m.c.i.e.AbstractTransferListenerAdapter - Downloaded https://repo.maven.apache.org/maven2/jakarta/transaction/jakarta.transaction-api/2.0.1/jakarta.transaction-api-2.0.1-sources.jar
2025-01-15 22:17:20,351 [Worker-474: Download sources and javadoc] INFO  o.e.m.j.internal.DownloadSourcesJob - Downloaded sources for jakarta.transaction:jakarta.transaction-api:2.0.1
2025-01-15 22:17:20,409 [Worker-474: Download sources and javadoc] INFO  o.e.m.c.i.e.AbstractTransferListenerAdapter - Downloading https://repo.maven.apache.org/maven2/org/jboss/logging/jboss-logging/3.6.1.Final/jboss-logging-3.6.1.Final-sources.jar
2025-01-15 22:17:20,447 [Worker-474: Download sources and javadoc] INFO  o.e.m.c.i.e.AbstractTransferListenerAdapter - Downloaded https://repo.maven.apache.org/maven2/org/jboss/logging/jboss-logging/3.6.1.Final/jboss-logging-3.6.1.Final-sources.jar
2025-01-15 22:17:20,457 [Worker-474: Download sources and javadoc] INFO  o.e.m.j.internal.DownloadSourcesJob - Downloaded sources for org.jboss.logging:jboss-logging:3.6.1.Final
2025-01-15 22:17:20,529 [Worker-474: Download sources and javadoc] INFO  o.e.m.c.i.e.AbstractTransferListenerAdapter - Downloading https://repo.maven.apache.org/maven2/org/hibernate/common/hibernate-commons-annotations/7.0.3.Final/hibernate-commons-annotations-7.0.3.Final-sources.jar
2025-01-15 22:17:20,548 [Worker-474: Download sources and javadoc] INFO  o.e.m.c.i.e.AbstractTransferListenerAdapter - Downloaded https://repo.maven.apache.org/maven2/org/hibernate/common/hibernate-commons-annotations/7.0.3.Final/hibernate-commons-annotations-7.0.3.Final-sources.jar
2025-01-15 22:17:20,559 [Worker-474: Download sources and javadoc] INFO  o.e.m.j.internal.DownloadSourcesJob - Downloaded sources for org.hibernate.common:hibernate-commons-annotations:7.0.3.Final
2025-01-15 22:17:20,620 [Worker-474: Download sources and javadoc] INFO  o.e.m.c.i.e.AbstractTransferListenerAdapter - Downloading https://repo.maven.apache.org/maven2/io/smallrye/jandex/3.2.0/jandex-3.2.0-sources.jar
2025-01-15 22:17:20,679 [Worker-474: Download sources and javadoc] INFO  o.e.m.c.i.e.AbstractTransferListenerAdapter - Downloaded https://repo.maven.apache.org/maven2/io/smallrye/jandex/3.2.0/jandex-3.2.0-sources.jar
2025-01-15 22:17:20,689 [Worker-474: Download sources and javadoc] INFO  o.e.m.j.internal.DownloadSourcesJob - Downloaded sources for io.smallrye:jandex:3.2.0
2025-01-15 22:17:20,745 [Worker-474: Download sources and javadoc] INFO  o.e.m.c.i.e.AbstractTransferListenerAdapter - Downloading https://repo.maven.apache.org/maven2/com/fasterxml/classmate/1.7.0/classmate-1.7.0-sources.jar
2025-01-15 22:17:20,773 [Worker-474: Download sources and javadoc] INFO  o.e.m.c.i.e.AbstractTransferListenerAdapter - Downloaded https://repo.maven.apache.org/maven2/com/fasterxml/classmate/1.7.0/classmate-1.7.0-sources.jar
2025-01-15 22:17:20,781 [Worker-474: Download sources and javadoc] INFO  o.e.m.j.internal.DownloadSourcesJob - Downloaded sources for com.fasterxml:classmate:1.7.0
2025-01-15 22:17:20,877 [Worker-474: Download sources and javadoc] INFO  o.e.m.c.i.e.AbstractTransferListenerAdapter - Downloading https://repo.maven.apache.org/maven2/org/glassfish/jaxb/jaxb-runtime/4.0.5/jaxb-runtime-4.0.5-sources.jar
2025-01-15 22:17:20,997 [Worker-474: Download sources and javadoc] INFO  o.e.m.c.i.e.AbstractTransferListenerAdapter - Downloaded https://repo.maven.apache.org/maven2/org/glassfish/jaxb/jaxb-runtime/4.0.5/jaxb-runtime-4.0.5-sources.jar
2025-01-15 22:17:21,006 [Worker-474: Download sources and javadoc] INFO  o.e.m.j.internal.DownloadSourcesJob - Downloaded sources for org.glassfish.jaxb:jaxb-runtime:4.0.5
2025-01-15 22:17:21,062 [Worker-474: Download sources and javadoc] INFO  o.e.m.c.i.e.AbstractTransferListenerAdapter - Downloading https://repo.maven.apache.org/maven2/org/glassfish/jaxb/jaxb-core/4.0.5/jaxb-core-4.0.5-sources.jar
2025-01-15 22:17:21,103 [Worker-474: Download sources and javadoc] INFO  o.e.m.c.i.e.AbstractTransferListenerAdapter - Downloaded https://repo.maven.apache.org/maven2/org/glassfish/jaxb/jaxb-core/4.0.5/jaxb-core-4.0.5-sources.jar
2025-01-15 22:17:21,109 [Worker-474: Download sources and javadoc] INFO  o.e.m.j.internal.DownloadSourcesJob - Downloaded sources for org.glassfish.jaxb:jaxb-core:4.0.5
2025-01-15 22:17:21,171 [Worker-474: Download sources and javadoc] INFO  o.e.m.c.i.e.AbstractTransferListenerAdapter - Downloading https://repo.maven.apache.org/maven2/org/eclipse/angus/angus-activation/2.0.2/angus-activation-2.0.2-sources.jar
2025-01-15 22:17:21,183 [Worker-474: Download sources and javadoc] INFO  o.e.m.c.i.e.AbstractTransferListenerAdapter - Downloaded https://repo.maven.apache.org/maven2/org/eclipse/angus/angus-activation/2.0.2/angus-activation-2.0.2-sources.jar
2025-01-15 22:17:21,203 [Worker-474: Download sources and javadoc] INFO  o.e.m.j.internal.DownloadSourcesJob - Downloaded sources for org.eclipse.angus:angus-activation:2.0.2
2025-01-15 22:17:21,258 [Worker-474: Download sources and javadoc] INFO  o.e.m.c.i.e.AbstractTransferListenerAdapter - Downloading https://repo.maven.apache.org/maven2/org/glassfish/jaxb/txw2/4.0.5/txw2-4.0.5-sources.jar
2025-01-15 22:17:21,285 [Worker-474: Download sources and javadoc] INFO  o.e.m.c.i.e.AbstractTransferListenerAdapter - Downloaded https://repo.maven.apache.org/maven2/org/glassfish/jaxb/txw2/4.0.5/txw2-4.0.5-sources.jar
2025-01-15 22:17:21,291 [Worker-474: Download sources and javadoc] INFO  o.e.m.j.internal.DownloadSourcesJob - Downloaded sources for org.glassfish.jaxb:txw2:4.0.5
2025-01-15 22:17:21,341 [Worker-474: Download sources and javadoc] INFO  o.e.m.c.i.e.AbstractTransferListenerAdapter - Downloading https://repo.maven.apache.org/maven2/com/sun/istack/istack-commons-runtime/4.1.2/istack-commons-runtime-4.1.2-sources.jar
2025-01-15 22:17:21,355 [Worker-474: Download sources and javadoc] INFO  o.e.m.c.i.e.AbstractTransferListenerAdapter - Downloaded https://repo.maven.apache.org/maven2/com/sun/istack/istack-commons-runtime/4.1.2/istack-commons-runtime-4.1.2-sources.jar
2025-01-15 22:17:21,363 [Worker-474: Download sources and javadoc] INFO  o.e.m.j.internal.DownloadSourcesJob - Downloaded sources for com.sun.istack:istack-commons-runtime:4.1.2
2025-01-15 22:17:21,419 [Worker-474: Download sources and javadoc] INFO  o.e.m.c.i.e.AbstractTransferListenerAdapter - Downloading https://repo.maven.apache.org/maven2/jakarta/inject/jakarta.inject-api/2.0.1/jakarta.inject-api-2.0.1-sources.jar
2025-01-15 22:17:21,425 [Worker-474: Download sources and javadoc] INFO  o.e.m.c.i.e.AbstractTransferListenerAdapter - Downloaded https://repo.maven.apache.org/maven2/jakarta/inject/jakarta.inject-api/2.0.1/jakarta.inject-api-2.0.1-sources.jar
2025-01-15 22:17:21,430 [Worker-474: Download sources and javadoc] INFO  o.e.m.j.internal.DownloadSourcesJob - Downloaded sources for jakarta.inject:jakarta.inject-api:2.0.1
2025-01-15 22:17:21,477 [Worker-474: Download sources and javadoc] INFO  o.e.m.c.i.e.AbstractTransferListenerAdapter - Downloading https://repo.maven.apache.org/maven2/org/antlr/antlr4-runtime/4.13.0/antlr4-runtime-4.13.0-sources.jar
2025-01-15 22:17:21,552 [Worker-474: Download sources and javadoc] INFO  o.e.m.c.i.e.AbstractTransferListenerAdapter - Downloaded https://repo.maven.apache.org/maven2/org/antlr/antlr4-runtime/4.13.0/antlr4-runtime-4.13.0-sources.jar
2025-01-15 22:17:21,556 [Worker-474: Download sources and javadoc] INFO  o.e.m.j.internal.DownloadSourcesJob - Downloaded sources for org.antlr:antlr4-runtime:4.13.0
2025-01-15 22:17:21,604 [Worker-474: Download sources and javadoc] INFO  o.e.m.c.i.e.AbstractTransferListenerAdapter - Downloading https://repo.maven.apache.org/maven2/org/springframework/data/spring-data-jpa/3.4.1/spring-data-jpa-3.4.1-sources.jar
2025-01-15 22:17:21,736 [Worker-474: Download sources and javadoc] INFO  o.e.m.c.i.e.AbstractTransferListenerAdapter - Downloaded https://repo.maven.apache.org/maven2/org/springframework/data/spring-data-jpa/3.4.1/spring-data-jpa-3.4.1-sources.jar
2025-01-15 22:17:21,740 [Worker-474: Download sources and javadoc] INFO  o.e.m.j.internal.DownloadSourcesJob - Downloaded sources for org.springframework.data:spring-data-jpa:3.4.1
2025-01-15 22:17:21,789 [Worker-474: Download sources and javadoc] INFO  o.e.m.c.i.e.AbstractTransferListenerAdapter - Downloading https://repo.maven.apache.org/maven2/org/springframework/data/spring-data-commons/3.4.1/spring-data-commons-3.4.1-sources.jar
2025-01-15 22:17:21,945 [Worker-474: Download sources and javadoc] INFO  o.e.m.c.i.e.AbstractTransferListenerAdapter - Downloaded https://repo.maven.apache.org/maven2/org/springframework/data/spring-data-commons/3.4.1/spring-data-commons-3.4.1-sources.jar
2025-01-15 22:17:21,949 [Worker-474: Download sources and javadoc] INFO  o.e.m.j.internal.DownloadSourcesJob - Downloaded sources for org.springframework.data:spring-data-commons:3.4.1
2025-01-15 22:17:21,998 [Worker-474: Download sources and javadoc] INFO  o.e.m.c.i.e.AbstractTransferListenerAdapter - Downloading https://repo.maven.apache.org/maven2/org/springframework/spring-orm/6.2.1/spring-orm-6.2.1-sources.jar
2025-01-15 22:17:22,067 [Worker-474: Download sources and javadoc] INFO  o.e.m.c.i.e.AbstractTransferListenerAdapter - Downloaded https://repo.maven.apache.org/maven2/org/springframework/spring-orm/6.2.1/spring-orm-6.2.1-sources.jar
2025-01-15 22:17:22,071 [Worker-474: Download sources and javadoc] INFO  o.e.m.j.internal.DownloadSourcesJob - Downloaded sources for org.springframework:spring-orm:6.2.1
2025-01-15 22:17:22,120 [Worker-474: Download sources and javadoc] INFO  o.e.m.c.i.e.AbstractTransferListenerAdapter - Downloading https://repo.maven.apache.org/maven2/org/springframework/spring-tx/6.2.1/spring-tx-6.2.1-sources.jar
2025-01-15 22:17:22,179 [Worker-474: Download sources and javadoc] INFO  o.e.m.c.i.e.AbstractTransferListenerAdapter - Downloaded https://repo.maven.apache.org/maven2/org/springframework/spring-tx/6.2.1/spring-tx-6.2.1-sources.jar
2025-01-15 22:17:22,182 [Worker-474: Download sources and javadoc] INFO  o.e.m.j.internal.DownloadSourcesJob - Downloaded sources for org.springframework:spring-tx:6.2.1
2025-01-15 22:17:22,231 [Worker-474: Download sources and javadoc] INFO  o.e.m.c.i.e.AbstractTransferListenerAdapter - Downloading https://repo.maven.apache.org/maven2/org/springframework/spring-aspects/6.2.1/spring-aspects-6.2.1-sources.jar
2025-01-15 22:17:22,242 [Worker-474: Download sources and javadoc] INFO  o.e.m.c.i.e.AbstractTransferListenerAdapter - Downloaded https://repo.maven.apache.org/maven2/org/springframework/spring-aspects/6.2.1/spring-aspects-6.2.1-sources.jar
2025-01-15 22:17:22,246 [Worker-474: Download sources and javadoc] INFO  o.e.m.j.internal.DownloadSourcesJob - Downloaded sources for org.springframework:spring-aspects:6.2.1
2025-01-15 22:17:22,305 [Worker-474: Download sources and javadoc] INFO  o.e.m.c.i.e.AbstractTransferListenerAdapter - Downloading https://repo.maven.apache.org/maven2/org/aspectj/aspectjweaver/1.9.22.1/aspectjweaver-1.9.22.1-sources.jar
2025-01-15 22:17:22,527 [Worker-474: Download sources and javadoc] INFO  o.e.m.c.i.e.AbstractTransferListenerAdapter - Downloaded https://repo.maven.apache.org/maven2/org/aspectj/aspectjweaver/1.9.22.1/aspectjweaver-1.9.22.1-sources.jar
2025-01-15 22:17:22,531 [Worker-474: Download sources and javadoc] INFO  o.e.m.j.internal.DownloadSourcesJob - Downloaded sources for org.aspectj:aspectjweaver:1.9.22.1
2025-01-15 22:17:22,582 [Worker-474: Download sources and javadoc] INFO  o.e.m.c.i.e.AbstractTransferListenerAdapter - Downloading https://repo.maven.apache.org/maven2/com/mysql/mysql-connector-j/9.1.0/mysql-connector-j-9.1.0-sources.jar
2025-01-15 22:17:22,797 [Worker-474: Download sources and javadoc] INFO  o.e.m.c.i.e.AbstractTransferListenerAdapter - Downloaded https://repo.maven.apache.org/maven2/com/mysql/mysql-connector-j/9.1.0/mysql-connector-j-9.1.0-sources.jar
2025-01-15 22:17:22,802 [Worker-474: Download sources and javadoc] INFO  o.e.m.j.internal.DownloadSourcesJob - Downloaded sources for com.mysql:mysql-connector-j:9.1.0
2025-01-15 22:28:02,061 [Worker-481: Building] INFO  o.a.m.s.f.DefaultMavenResourcesFiltering - Copying 1 resource from src\main\resources to target\classes
2025-01-15 22:28:02,067 [Worker-481: Building] INFO  o.a.m.s.f.DefaultMavenResourcesFiltering - Copying 0 resource from src\main\resources to target\classes
2025-01-15 22:28:02,069 [Worker-481: Building] INFO  o.a.m.s.f.DefaultMavenResourcesFiltering - skip non existing resourceDirectory C:\Users\surajendra\Work_Requests\Eclipse_Workspace\Spring\Test\04-Spring-DataJPA_01\src\test\resources
2025-01-15 22:30:06,477 [Worker-490: Building] INFO  o.a.m.s.f.DefaultMavenResourcesFiltering - Copying 1 resource from src\main\resources to target\classes
2025-01-15 22:30:06,482 [Worker-490: Building] INFO  o.a.m.s.f.DefaultMavenResourcesFiltering - Copying 0 resource from src\main\resources to target\classes
2025-01-15 22:30:06,484 [Worker-490: Building] INFO  o.a.m.s.f.DefaultMavenResourcesFiltering - skip non existing resourceDirectory C:\Users\surajendra\Work_Requests\Eclipse_Workspace\Spring\Test\04-Spring-DataJPA_01\src\test\resources
2025-01-15 22:30:35,007 [Worker-493: Building] INFO  o.a.m.s.f.DefaultMavenResourcesFiltering - Copying 1 resource from src\main\resources to target\classes
2025-01-15 22:30:35,019 [Worker-493: Building] INFO  o.a.m.s.f.DefaultMavenResourcesFiltering - Copying 0 resource from src\main\resources to target\classes
2025-01-15 22:30:35,021 [Worker-493: Building] INFO  o.a.m.s.f.DefaultMavenResourcesFiltering - skip non existing resourceDirectory C:\Users\surajendra\Work_Requests\Eclipse_Workspace\Spring\Test\04-Spring-DataJPA_01\src\test\resources
2025-01-15 22:37:32,791 [Worker-495: Building] INFO  o.a.m.s.f.DefaultMavenResourcesFiltering - Copying 1 resource from src\main\resources to target\classes
2025-01-15 22:37:32,798 [Worker-495: Building] INFO  o.a.m.s.f.DefaultMavenResourcesFiltering - Copying 0 resource from src\main\resources to target\classes
2025-01-15 22:37:32,800 [Worker-495: Building] INFO  o.a.m.s.f.DefaultMavenResourcesFiltering - skip non existing resourceDirectory C:\Users\surajendra\Work_Requests\Eclipse_Workspace\Spring\Test\04-Spring-DataJPA_01\src\test\resources
2025-01-15 22:38:24,884 [Worker-493: Building] INFO  o.a.m.s.f.DefaultMavenResourcesFiltering - Copying 1 resource from src\main\resources to target\classes
2025-01-15 22:38:24,891 [Worker-493: Building] INFO  o.a.m.s.f.DefaultMavenResourcesFiltering - Copying 0 resource from src\main\resources to target\classes
2025-01-15 22:38:24,893 [Worker-493: Building] INFO  o.a.m.s.f.DefaultMavenResourcesFiltering - skip non existing resourceDirectory C:\Users\surajendra\Work_Requests\Eclipse_Workspace\Spring\Test\04-Spring-DataJPA_01\src\test\resources
2025-01-15 22:41:01,008 [Worker-499: Building] INFO  o.a.m.s.f.DefaultMavenResourcesFiltering - Copying 1 resource from src\main\resources to target\classes
2025-01-15 22:41:01,016 [Worker-499: Building] INFO  o.a.m.s.f.DefaultMavenResourcesFiltering - Copying 0 resource from src\main\resources to target\classes
2025-01-15 22:41:01,018 [Worker-499: Building] INFO  o.a.m.s.f.DefaultMavenResourcesFiltering - skip non existing resourceDirectory C:\Users\surajendra\Work_Requests\Eclipse_Workspace\Spring\Test\04-Spring-DataJPA_01\src\test\resources
2025-01-15 22:42:07,041 [Worker-494: Building] INFO  o.a.m.s.f.DefaultMavenResourcesFiltering - Copying 1 resource from src\main\resources to target\classes
2025-01-15 22:42:07,047 [Worker-494: Building] INFO  o.a.m.s.f.DefaultMavenResourcesFiltering - Copying 0 resource from src\main\resources to target\classes
2025-01-15 22:42:07,048 [Worker-494: Building] INFO  o.a.m.s.f.DefaultMavenResourcesFiltering - skip non existing resourceDirectory C:\Users\surajendra\Work_Requests\Eclipse_Workspace\Spring\Test\04-Spring-DataJPA_01\src\test\resources
2025-01-15 22:45:24,636 [Worker-501: Building] INFO  o.a.m.s.f.DefaultMavenResourcesFiltering - Copying 1 resource from src\main\resources to target\classes
2025-01-15 22:45:24,640 [Worker-501: Building] INFO  o.a.m.s.f.DefaultMavenResourcesFiltering - Copying 0 resource from src\main\resources to target\classes
2025-01-15 22:45:24,641 [Worker-501: Building] INFO  o.a.m.s.f.DefaultMavenResourcesFiltering - skip non existing resourceDirectory C:\Users\surajendra\Work_Requests\Eclipse_Workspace\Spring\Test\04-Spring-DataJPA_01\src\test\resources
2025-01-15 22:48:51,011 [Worker-500: Building] INFO  o.a.m.s.f.DefaultMavenResourcesFiltering - Copying 1 resource from src\main\resources to target\classes
2025-01-15 22:48:51,017 [Worker-500: Building] INFO  o.a.m.s.f.DefaultMavenResourcesFiltering - Copying 0 resource from src\main\resources to target\classes
2025-01-15 22:48:51,019 [Worker-500: Building] INFO  o.a.m.s.f.DefaultMavenResourcesFiltering - skip non existing resourceDirectory C:\Users\surajendra\Work_Requests\Eclipse_Workspace\Spring\Test\04-Spring-DataJPA_01\src\test\resources
2025-01-15 22:51:50,674 [Worker-500: Building] INFO  o.a.m.s.f.DefaultMavenResourcesFiltering - Copying 1 resource from src\main\resources to target\classes
2025-01-15 22:51:50,678 [Worker-500: Building] INFO  o.a.m.s.f.DefaultMavenResourcesFiltering - Copying 0 resource from src\main\resources to target\classes
2025-01-15 22:51:50,680 [Worker-500: Building] INFO  o.a.m.s.f.DefaultMavenResourcesFiltering - skip non existing resourceDirectory C:\Users\surajendra\Work_Requests\Eclipse_Workspace\Spring\Test\04-Spring-DataJPA_01\src\test\resources
2025-01-15 22:59:48,480 [Worker-507: Building] INFO  o.a.m.s.f.DefaultMavenResourcesFiltering - Copying 1 resource from src\main\resources to target\classes
2025-01-15 22:59:48,485 [Worker-507: Building] INFO  o.a.m.s.f.DefaultMavenResourcesFiltering - Copying 0 resource from src\main\resources to target\classes
2025-01-15 22:59:48,487 [Worker-507: Building] INFO  o.a.m.s.f.DefaultMavenResourcesFiltering - skip non existing resourceDirectory C:\Users\surajendra\Work_Requests\Eclipse_Workspace\Spring\Test\04-Spring-DataJPA_01\src\test\resources
2025-01-15 23:01:34,288 [Worker-500: Building] INFO  o.a.m.s.f.DefaultMavenResourcesFiltering - Copying 1 resource from src\main\resources to target\classes
2025-01-15 23:01:34,294 [Worker-500: Building] INFO  o.a.m.s.f.DefaultMavenResourcesFiltering - Copying 0 resource from src\main\resources to target\classes
2025-01-15 23:01:34,296 [Worker-500: Building] INFO  o.a.m.s.f.DefaultMavenResourcesFiltering - skip non existing resourceDirectory C:\Users\surajendra\Work_Requests\Eclipse_Workspace\Spring\Test\04-Spring-DataJPA_01\src\test\resources
2025-01-15 23:02:44,232 [Worker-507: Launching 04-Spring-DataJPA_01 - Application] INFO  o.a.m.s.f.DefaultMavenResourcesFiltering - Copying 1 resource from src\main\resources to target\classes
2025-01-15 23:02:44,237 [Worker-507: Launching 04-Spring-DataJPA_01 - Application] INFO  o.a.m.s.f.DefaultMavenResourcesFiltering - Copying 0 resource from src\main\resources to target\classes
2025-01-15 23:02:44,239 [Worker-507: Launching 04-Spring-DataJPA_01 - Application] INFO  o.a.m.s.f.DefaultMavenResourcesFiltering - skip non existing resourceDirectory C:\Users\surajendra\Work_Requests\Eclipse_Workspace\Spring\Test\04-Spring-DataJPA_01\src\test\resources
2025-01-15 23:03:07,721 [Worker-511: Building] INFO  o.a.m.s.f.DefaultMavenResourcesFiltering - Copying 1 resource from src\main\resources to target\classes
2025-01-15 23:03:07,725 [Worker-511: Building] INFO  o.a.m.s.f.DefaultMavenResourcesFiltering - Copying 0 resource from src\main\resources to target\classes
2025-01-15 23:03:07,727 [Worker-511: Building] INFO  o.a.m.s.f.DefaultMavenResourcesFiltering - skip non existing resourceDirectory C:\Users\surajendra\Work_Requests\Eclipse_Workspace\Spring\Test\04-Spring-DataJPA_01\src\test\resources
2025-01-15 23:03:27,225 [Worker-512: Building] INFO  o.a.m.s.f.DefaultMavenResourcesFiltering - Copying 1 resource from src\main\resources to target\classes
2025-01-15 23:03:27,228 [Worker-512: Building] INFO  o.a.m.s.f.DefaultMavenResourcesFiltering - Copying 0 resource from src\main\resources to target\classes
2025-01-15 23:03:27,229 [Worker-512: Building] INFO  o.a.m.s.f.DefaultMavenResourcesFiltering - skip non existing resourceDirectory C:\Users\surajendra\Work_Requests\Eclipse_Workspace\Spring\Test\04-Spring-DataJPA_01\src\test\resources
2025-01-15 23:04:10,008 [Worker-511: Launching 04-Spring-DataJPA_01 - Application] INFO  o.a.m.s.f.DefaultMavenResourcesFiltering - Copying 1 resource from src\main\resources to target\classes
2025-01-15 23:04:10,014 [Worker-511: Launching 04-Spring-DataJPA_01 - Application] INFO  o.a.m.s.f.DefaultMavenResourcesFiltering - Copying 0 resource from src\main\resources to target\classes
2025-01-15 23:04:10,016 [Worker-511: Launching 04-Spring-DataJPA_01 - Application] INFO  o.a.m.s.f.DefaultMavenResourcesFiltering - skip non existing resourceDirectory C:\Users\surajendra\Work_Requests\Eclipse_Workspace\Spring\Test\04-Spring-DataJPA_01\src\test\resources
2025-01-16 17:23:59,191 [Worker-556: Building] INFO  o.a.m.s.f.DefaultMavenResourcesFiltering - Copying 1 resource from src\main\resources to target\classes
2025-01-16 17:23:59,216 [Worker-556: Building] INFO  o.a.m.s.f.DefaultMavenResourcesFiltering - Copying 0 resource from src\main\resources to target\classes
2025-01-16 17:23:59,222 [Worker-556: Building] INFO  o.a.m.s.f.DefaultMavenResourcesFiltering - skip non existing resourceDirectory C:\Users\surajendra\Work_Requests\Eclipse_Workspace\Spring\Test\04-Spring-DataJPA_01\src\test\resources
2025-01-16 17:24:37,400 [Worker-566: Building] INFO  o.a.m.s.f.DefaultMavenResourcesFiltering - Copying 1 resource from src\main\resources to target\classes
2025-01-16 17:24:37,419 [Worker-566: Building] INFO  o.a.m.s.f.DefaultMavenResourcesFiltering - Copying 0 resource from src\main\resources to target\classes
2025-01-16 17:24:37,422 [Worker-566: Building] INFO  o.a.m.s.f.DefaultMavenResourcesFiltering - skip non existing resourceDirectory C:\Users\surajendra\Work_Requests\Eclipse_Workspace\Spring\Test\04-Spring-DataJPA_01\src\test\resources
2025-01-16 17:25:30,675 [Worker-563: Building] INFO  o.a.m.s.f.DefaultMavenResourcesFiltering - Copying 1 resource from src\main\resources to target\classes
2025-01-16 17:25:30,713 [Worker-563: Building] INFO  o.a.m.s.f.DefaultMavenResourcesFiltering - Copying 0 resource from src\main\resources to target\classes
2025-01-16 17:25:30,716 [Worker-563: Building] INFO  o.a.m.s.f.DefaultMavenResourcesFiltering - skip non existing resourceDirectory C:\Users\surajendra\Work_Requests\Eclipse_Workspace\Spring\Test\04-Spring-DataJPA_01\src\test\resources
2025-01-16 17:26:58,683 [Worker-569: Building] INFO  o.a.m.s.f.DefaultMavenResourcesFiltering - Copying 1 resource from src\main\resources to target\classes
2025-01-16 17:26:58,722 [Worker-569: Building] INFO  o.a.m.s.f.DefaultMavenResourcesFiltering - Copying 0 resource from src\main\resources to target\classes
2025-01-16 17:26:58,725 [Worker-569: Building] INFO  o.a.m.s.f.DefaultMavenResourcesFiltering - skip non existing resourceDirectory C:\Users\surajendra\Work_Requests\Eclipse_Workspace\Spring\Test\04-Spring-DataJPA_01\src\test\resources
2025-01-16 18:17:15,963 [Worker-574: Building] INFO  o.a.m.s.f.DefaultMavenResourcesFiltering - Copying 1 resource from src\main\resources to target\classes
2025-01-16 18:17:15,998 [Worker-574: Building] INFO  o.a.m.s.f.DefaultMavenResourcesFiltering - Copying 0 resource from src\main\resources to target\classes
2025-01-16 18:17:16,003 [Worker-574: Building] INFO  o.a.m.s.f.DefaultMavenResourcesFiltering - skip non existing resourceDirectory C:\Users\surajendra\Work_Requests\Eclipse_Workspace\Spring\Test\04-Spring-DataJPA_01\src\test\resources
2025-01-16 18:17:38,332 [Worker-578: Building] INFO  o.a.m.s.f.DefaultMavenResourcesFiltering - Copying 1 resource from src\main\resources to target\classes
2025-01-16 18:17:38,348 [Worker-578: Building] INFO  o.a.m.s.f.DefaultMavenResourcesFiltering - Copying 0 resource from src\main\resources to target\classes
2025-01-16 18:17:38,350 [Worker-578: Building] INFO  o.a.m.s.f.DefaultMavenResourcesFiltering - skip non existing resourceDirectory C:\Users\surajendra\Work_Requests\Eclipse_Workspace\Spring\Test\04-Spring-DataJPA_01\src\test\resources
2025-01-16 18:18:14,915 [Worker-576: Building] INFO  o.a.m.s.f.DefaultMavenResourcesFiltering - Copying 1 resource from src\main\resources to target\classes
2025-01-16 18:18:14,928 [Worker-576: Building] INFO  o.a.m.s.f.DefaultMavenResourcesFiltering - Copying 0 resource from src\main\resources to target\classes
2025-01-16 18:18:14,932 [Worker-576: Building] INFO  o.a.m.s.f.DefaultMavenResourcesFiltering - skip non existing resourceDirectory C:\Users\surajendra\Work_Requests\Eclipse_Workspace\Spring\Test\04-Spring-DataJPA_01\src\test\resources
2025-01-16 18:18:44,595 [Worker-574: Building] INFO  o.a.m.s.f.DefaultMavenResourcesFiltering - Copying 1 resource from src\main\resources to target\classes
2025-01-16 18:18:44,600 [Worker-574: Building] INFO  o.a.m.s.f.DefaultMavenResourcesFiltering - Copying 0 resource from src\main\resources to target\classes
2025-01-16 18:18:44,602 [Worker-574: Building] INFO  o.a.m.s.f.DefaultMavenResourcesFiltering - skip non existing resourceDirectory C:\Users\surajendra\Work_Requests\Eclipse_Workspace\Spring\Test\04-Spring-DataJPA_01\src\test\resources
2025-01-16 18:18:56,056 [Worker-577: Building] INFO  o.a.m.s.f.DefaultMavenResourcesFiltering - Copying 1 resource from src\main\resources to target\classes
2025-01-16 18:18:56,064 [Worker-577: Building] INFO  o.a.m.s.f.DefaultMavenResourcesFiltering - Copying 0 resource from src\main\resources to target\classes
2025-01-16 18:18:56,067 [Worker-577: Building] INFO  o.a.m.s.f.DefaultMavenResourcesFiltering - skip non existing resourceDirectory C:\Users\surajendra\Work_Requests\Eclipse_Workspace\Spring\Test\04-Spring-DataJPA_01\src\test\resources
2025-01-16 18:19:01,071 [Worker-574: Building] INFO  o.a.m.s.f.DefaultMavenResourcesFiltering - Copying 1 resource from src\main\resources to target\classes
2025-01-16 18:19:01,089 [Worker-574: Building] INFO  o.a.m.s.f.DefaultMavenResourcesFiltering - Copying 0 resource from src\main\resources to target\classes
2025-01-16 18:19:01,091 [Worker-574: Building] INFO  o.a.m.s.f.DefaultMavenResourcesFiltering - skip non existing resourceDirectory C:\Users\surajendra\Work_Requests\Eclipse_Workspace\Spring\Test\04-Spring-DataJPA_01\src\test\resources
2025-01-16 18:21:02,021 [Worker-578: Building] INFO  o.a.m.s.f.DefaultMavenResourcesFiltering - Copying 1 resource from src\main\resources to target\classes
2025-01-16 18:21:02,036 [Worker-578: Building] INFO  o.a.m.s.f.DefaultMavenResourcesFiltering - Copying 0 resource from src\main\resources to target\classes
2025-01-16 18:21:02,043 [Worker-578: Building] INFO  o.a.m.s.f.DefaultMavenResourcesFiltering - skip non existing resourceDirectory C:\Users\surajendra\Work_Requests\Eclipse_Workspace\Spring\Test\04-Spring-DataJPA_01\src\test\resources
2025-01-16 19:57:53,833 [Worker-583: Import Getting Started Content] INFO  o.e.m.c.i.l.LifecycleMappingFactory - Using org.eclipse.m2e.jdt.JarLifecycleMapping lifecycle mapping for MavenProject: com.in.akshay:05-Spring-DataJPA_01:0.0.1-SNAPSHOT @ C:\Users\surajendra\Work_Requests\Eclipse_Workspace\Spring\Test\05-Spring-DataJPA_01\pom.xml.
2025-01-16 19:57:54,562 [Worker-583: Import Getting Started Content] INFO  o.e.m.j.i.AbstractJavaProjectConfigurator - Adding source folder /05-Spring-DataJPA_01/src/main/java
2025-01-16 19:57:54,564 [Worker-583: Import Getting Started Content] INFO  o.e.m.j.i.AbstractJavaProjectConfigurator - Adding resource folder /05-Spring-DataJPA_01/src/main/resources
2025-01-16 19:57:54,571 [Worker-583: Import Getting Started Content] INFO  o.e.m.j.i.AbstractJavaProjectConfigurator - Adding resource folder /05-Spring-DataJPA_01/src/main/resources
2025-01-16 19:57:54,576 [Worker-583: Import Getting Started Content] INFO  o.e.m.j.i.AbstractJavaProjectConfigurator - Adding source folder /05-Spring-DataJPA_01/src/test/java
2025-01-16 19:57:54,576 [Worker-583: Import Getting Started Content] INFO  o.e.m.j.i.AbstractJavaProjectConfigurator - Adding resource folder /05-Spring-DataJPA_01/src/test/resources
2025-01-16 19:57:54,912 [Worker-583: Import Getting Started Content] INFO  o.e.m.c.i.p.ProjectConfigurationManager - Imported and configured 1 project(s) in 1 sec
2025-01-16 19:57:54,914 [Worker-583: Import Getting Started Content] INFO  o.e.m.c.i.p.ProjectConfigurationManager - Update started
2025-01-16 19:57:55,409 [Worker-583: Import Getting Started Content] INFO  o.e.m.c.i.l.LifecycleMappingFactory - Using org.eclipse.m2e.jdt.JarLifecycleMapping lifecycle mapping for MavenProject: com.in.akshay:05-Spring-DataJPA_01:0.0.1-SNAPSHOT @ C:\Users\surajendra\Work_Requests\Eclipse_Workspace\Spring\Test\05-Spring-DataJPA_01\pom.xml.
2025-01-16 19:57:56,097 [Worker-583: Import Getting Started Content] INFO  o.e.m.j.i.AbstractJavaProjectConfigurator - Adding source folder /05-Spring-DataJPA_01/src/main/java
2025-01-16 19:57:56,098 [Worker-583: Import Getting Started Content] INFO  o.e.m.j.i.AbstractJavaProjectConfigurator - Adding resource folder /05-Spring-DataJPA_01/src/main/resources
2025-01-16 19:57:56,099 [Worker-583: Import Getting Started Content] INFO  o.e.m.j.i.AbstractJavaProjectConfigurator - Adding resource folder /05-Spring-DataJPA_01/src/main/resources
2025-01-16 19:57:56,099 [Worker-583: Import Getting Started Content] INFO  o.e.m.j.i.AbstractJavaProjectConfigurator - Adding source folder /05-Spring-DataJPA_01/src/test/java
2025-01-16 19:57:56,101 [Worker-583: Import Getting Started Content] INFO  o.e.m.j.i.AbstractJavaProjectConfigurator - Adding resource folder /05-Spring-DataJPA_01/src/test/resources
2025-01-16 19:57:56,420 [Worker-583: Import Getting Started Content] INFO  o.e.m.c.i.p.ProjectConfigurationManager - Update completed for 1 poms: local refresh takes 0.00 sec, refresh facades takes 1.00 sec, update config takes 0.00 sec 
2025-01-16 19:57:56,841 [Worker-583: Building] INFO  o.a.m.s.f.DefaultMavenResourcesFiltering - Copying 1 resource from src\main\resources to target\classes
2025-01-16 19:57:56,872 [Worker-583: Building] INFO  o.a.m.s.f.DefaultMavenResourcesFiltering - Copying 0 resource from src\main\resources to target\classes
2025-01-16 19:57:56,879 [Worker-583: Building] INFO  o.a.m.s.f.DefaultMavenResourcesFiltering - skip non existing resourceDirectory C:\Users\surajendra\Work_Requests\Eclipse_Workspace\Spring\Test\05-Spring-DataJPA_01\src\test\resources
2025-01-16 19:58:34,183 [Worker-590: Building] INFO  o.e.m.c.i.l.LifecycleMappingFactory - Using org.eclipse.m2e.jdt.JarLifecycleMapping lifecycle mapping for MavenProject: com.in.akshay:05-Spring-DataJPA_01:0.0.1-SNAPSHOT @ C:\Users\surajendra\Work_Requests\Eclipse_Workspace\Spring\Test\05-Spring-DataJPA\pom.xml.
2025-01-16 19:58:34,647 [Worker-590: Building] INFO  o.a.m.s.f.DefaultMavenResourcesFiltering - Copying 1 resource from src\main\resources to target\classes
2025-01-16 19:58:34,661 [Worker-590: Building] INFO  o.a.m.s.f.DefaultMavenResourcesFiltering - Copying 0 resource from src\main\resources to target\classes
2025-01-16 19:58:34,663 [Worker-590: Building] INFO  o.a.m.s.f.DefaultMavenResourcesFiltering - skip non existing resourceDirectory C:\Users\surajendra\Work_Requests\Eclipse_Workspace\Spring\Test\05-Spring-DataJPA\src\test\resources
2025-01-16 19:58:35,769 [Worker-593: Building] INFO  o.a.m.s.f.DefaultMavenResourcesFiltering - Copying 1 resource from src\main\resources to target\classes
2025-01-16 19:58:35,771 [Worker-593: Building] INFO  o.a.m.s.f.DefaultMavenResourcesFiltering - Copying 0 resource from src\main\resources to target\classes
2025-01-16 19:58:35,772 [Worker-593: Building] INFO  o.a.m.s.f.DefaultMavenResourcesFiltering - skip non existing resourceDirectory C:\Users\surajendra\Work_Requests\Eclipse_Workspace\Spring\Test\05-Spring-DataJPA\src\test\resources
2025-01-16 20:05:37,987 [Worker-596: Building] INFO  o.a.m.s.f.DefaultMavenResourcesFiltering - Copying 1 resource from src\main\resources to target\classes
2025-01-16 20:05:37,998 [Worker-596: Building] INFO  o.a.m.s.f.DefaultMavenResourcesFiltering - Copying 0 resource from src\main\resources to target\classes
2025-01-16 20:05:38,000 [Worker-596: Building] INFO  o.a.m.s.f.DefaultMavenResourcesFiltering - skip non existing resourceDirectory C:\Users\surajendra\Work_Requests\Eclipse_Workspace\Spring\Test\05-Spring-DataJPA\src\test\resources
2025-01-16 20:06:24,950 [Worker-595: Building] INFO  o.a.m.s.f.DefaultMavenResourcesFiltering - Copying 1 resource from src\main\resources to target\classes
2025-01-16 20:06:24,956 [Worker-595: Building] INFO  o.a.m.s.f.DefaultMavenResourcesFiltering - Copying 0 resource from src\main\resources to target\classes
2025-01-16 20:06:24,958 [Worker-595: Building] INFO  o.a.m.s.f.DefaultMavenResourcesFiltering - skip non existing resourceDirectory C:\Users\surajendra\Work_Requests\Eclipse_Workspace\Spring\Test\05-Spring-DataJPA\src\test\resources
2025-01-16 20:06:43,430 [Worker-594: Building] INFO  o.a.m.s.f.DefaultMavenResourcesFiltering - Copying 1 resource from src\main\resources to target\classes
2025-01-16 20:06:43,436 [Worker-594: Building] INFO  o.a.m.s.f.DefaultMavenResourcesFiltering - Copying 0 resource from src\main\resources to target\classes
2025-01-16 20:06:43,438 [Worker-594: Building] INFO  o.a.m.s.f.DefaultMavenResourcesFiltering - skip non existing resourceDirectory C:\Users\surajendra\Work_Requests\Eclipse_Workspace\Spring\Test\05-Spring-DataJPA\src\test\resources
2025-01-16 20:09:46,380 [Worker-586: Building] INFO  o.e.m.c.i.l.LifecycleMappingFactory - Using org.eclipse.m2e.jdt.JarLifecycleMapping lifecycle mapping for MavenProject: com.in.akshay:05-Spring-DataJPA_01:0.0.1-SNAPSHOT @ C:\Users\surajendra\Work_Requests\Eclipse_Workspace\Spring\Test\05-Spring-DataJPA\pom.xml.
2025-01-16 20:09:46,654 [Worker-586: Building] INFO  o.e.m.c.i.e.AbstractTransferListenerAdapter - Downloading https://repo.maven.apache.org/maven2/org/projectlombok/lombok/1.18.36/lombok-1.18.36.pom
2025-01-16 20:09:46,662 [Worker-586: Building] INFO  o.e.m.c.i.e.AbstractTransferListenerAdapter - Downloaded https://repo.maven.apache.org/maven2/org/projectlombok/lombok/1.18.36/lombok-1.18.36.pom
2025-01-16 20:09:46,767 [Worker-586: Building] INFO  o.e.m.c.i.e.AbstractTransferListenerAdapter - Downloading https://repo.maven.apache.org/maven2/org/projectlombok/lombok/1.18.36/lombok-1.18.36.jar
2025-01-16 20:09:47,093 [Worker-586: Building] INFO  o.e.m.c.i.e.AbstractTransferListenerAdapter - Downloaded https://repo.maven.apache.org/maven2/org/projectlombok/lombok/1.18.36/lombok-1.18.36.jar
2025-01-16 20:09:47,334 [Worker-586: Building] INFO  o.a.m.s.f.DefaultMavenResourcesFiltering - Copying 0 resource from src\main\resources to target\classes
2025-01-16 20:09:47,334 [Worker-586: Building] INFO  o.a.m.s.f.DefaultMavenResourcesFiltering - Copying 0 resource from src\main\resources to target\classes
2025-01-16 20:09:47,337 [Worker-586: Building] INFO  o.a.m.s.f.DefaultMavenResourcesFiltering - skip non existing resourceDirectory C:\Users\surajendra\Work_Requests\Eclipse_Workspace\Spring\Test\05-Spring-DataJPA\src\test\resources
2025-01-16 20:09:47,583 [Worker-595: Building] INFO  o.a.m.s.f.DefaultMavenResourcesFiltering - Copying 1 resource from src\main\resources to target\classes
2025-01-16 20:09:47,602 [Worker-595: Building] INFO  o.a.m.s.f.DefaultMavenResourcesFiltering - Copying 0 resource from src\main\resources to target\classes
2025-01-16 20:09:47,606 [Worker-595: Building] INFO  o.a.m.s.f.DefaultMavenResourcesFiltering - skip non existing resourceDirectory C:\Users\surajendra\Work_Requests\Eclipse_Workspace\Spring\Test\05-Spring-DataJPA\src\test\resources
2025-01-16 20:09:48,330 [Worker-595: Download sources and javadoc] INFO  o.e.m.c.i.e.AbstractTransferListenerAdapter - Downloading https://repo.maven.apache.org/maven2/org/projectlombok/lombok/1.18.36/lombok-1.18.36-sources.jar
2025-01-16 20:09:48,502 [Worker-595: Download sources and javadoc] INFO  o.e.m.c.i.e.AbstractTransferListenerAdapter - Downloaded https://repo.maven.apache.org/maven2/org/projectlombok/lombok/1.18.36/lombok-1.18.36-sources.jar
2025-01-16 20:09:48,508 [Worker-595: Download sources and javadoc] INFO  o.e.m.j.internal.DownloadSourcesJob - Downloaded sources for org.projectlombok:lombok:1.18.36
2025-01-16 20:15:04,965 [Worker-583: Building] INFO  o.a.m.s.f.DefaultMavenResourcesFiltering - Copying 1 resource from src\main\resources to target\classes
2025-01-16 20:15:04,971 [Worker-583: Building] INFO  o.a.m.s.f.DefaultMavenResourcesFiltering - Copying 0 resource from src\main\resources to target\classes
2025-01-16 20:15:04,973 [Worker-583: Building] INFO  o.a.m.s.f.DefaultMavenResourcesFiltering - skip non existing resourceDirectory C:\Users\surajendra\Work_Requests\Eclipse_Workspace\Spring\Test\05-Spring-DataJPA\src\test\resources
2025-01-16 20:16:03,658 [Worker-591: Building] INFO  o.a.m.s.f.DefaultMavenResourcesFiltering - Copying 1 resource from src\main\resources to target\classes
2025-01-16 20:16:03,663 [Worker-591: Building] INFO  o.a.m.s.f.DefaultMavenResourcesFiltering - Copying 0 resource from src\main\resources to target\classes
2025-01-16 20:16:03,665 [Worker-591: Building] INFO  o.a.m.s.f.DefaultMavenResourcesFiltering - skip non existing resourceDirectory C:\Users\surajendra\Work_Requests\Eclipse_Workspace\Spring\Test\05-Spring-DataJPA\src\test\resources
2025-01-16 20:16:24,338 [Worker-593: Building] INFO  o.a.m.s.f.DefaultMavenResourcesFiltering - Copying 1 resource from src\main\resources to target\classes
2025-01-16 20:16:24,346 [Worker-593: Building] INFO  o.a.m.s.f.DefaultMavenResourcesFiltering - Copying 0 resource from src\main\resources to target\classes
2025-01-16 20:16:24,348 [Worker-593: Building] INFO  o.a.m.s.f.DefaultMavenResourcesFiltering - skip non existing resourceDirectory C:\Users\surajendra\Work_Requests\Eclipse_Workspace\Spring\Test\05-Spring-DataJPA\src\test\resources
2025-01-16 20:18:01,531 [Worker-589: Building] INFO  o.a.m.s.f.DefaultMavenResourcesFiltering - Copying 1 resource from src\main\resources to target\classes
2025-01-16 20:18:01,537 [Worker-589: Building] INFO  o.a.m.s.f.DefaultMavenResourcesFiltering - Copying 0 resource from src\main\resources to target\classes
2025-01-16 20:18:01,539 [Worker-589: Building] INFO  o.a.m.s.f.DefaultMavenResourcesFiltering - skip non existing resourceDirectory C:\Users\surajendra\Work_Requests\Eclipse_Workspace\Spring\Test\05-Spring-DataJPA\src\test\resources
2025-01-16 20:18:15,628 [Worker-590: Building] INFO  o.a.m.s.f.DefaultMavenResourcesFiltering - Copying 1 resource from src\main\resources to target\classes
2025-01-16 20:18:15,634 [Worker-590: Building] INFO  o.a.m.s.f.DefaultMavenResourcesFiltering - Copying 0 resource from src\main\resources to target\classes
2025-01-16 20:18:15,635 [Worker-590: Building] INFO  o.a.m.s.f.DefaultMavenResourcesFiltering - skip non existing resourceDirectory C:\Users\surajendra\Work_Requests\Eclipse_Workspace\Spring\Test\05-Spring-DataJPA\src\test\resources
2025-01-16 20:21:40,511 [Worker-598: Building] INFO  o.a.m.s.f.DefaultMavenResourcesFiltering - Copying 1 resource from src\main\resources to target\classes
2025-01-16 20:21:40,515 [Worker-598: Building] INFO  o.a.m.s.f.DefaultMavenResourcesFiltering - Copying 0 resource from src\main\resources to target\classes
2025-01-16 20:21:40,517 [Worker-598: Building] INFO  o.a.m.s.f.DefaultMavenResourcesFiltering - skip non existing resourceDirectory C:\Users\surajendra\Work_Requests\Eclipse_Workspace\Spring\Test\05-Spring-DataJPA\src\test\resources
2025-01-16 20:23:16,258 [Worker-597: Building] INFO  o.a.m.s.f.DefaultMavenResourcesFiltering - Copying 1 resource from src\main\resources to target\classes
2025-01-16 20:23:16,265 [Worker-597: Building] INFO  o.a.m.s.f.DefaultMavenResourcesFiltering - Copying 0 resource from src\main\resources to target\classes
2025-01-16 20:23:16,267 [Worker-597: Building] INFO  o.a.m.s.f.DefaultMavenResourcesFiltering - skip non existing resourceDirectory C:\Users\surajendra\Work_Requests\Eclipse_Workspace\Spring\Test\05-Spring-DataJPA\src\test\resources
2025-01-16 20:24:49,199 [Worker-599: Updating Maven Project] INFO  o.e.m.c.i.p.ProjectConfigurationManager - Update started
2025-01-16 20:24:49,506 [Worker-599: Updating Maven Project] INFO  o.e.m.c.i.l.LifecycleMappingFactory - Using org.eclipse.m2e.jdt.JarLifecycleMapping lifecycle mapping for MavenProject: com.in.akshay:05-Spring-DataJPA_01:0.0.1-SNAPSHOT @ C:\Users\surajendra\Work_Requests\Eclipse_Workspace\Spring\Test\05-Spring-DataJPA\pom.xml.
2025-01-16 20:24:49,904 [Worker-599: Updating Maven Project] INFO  o.e.m.j.i.AbstractJavaProjectConfigurator - Adding source folder /05-Spring-DataJPA/src/main/java
2025-01-16 20:24:49,905 [Worker-599: Updating Maven Project] INFO  o.e.m.j.i.AbstractJavaProjectConfigurator - Adding resource folder /05-Spring-DataJPA/src/main/resources
2025-01-16 20:24:49,905 [Worker-599: Updating Maven Project] INFO  o.e.m.j.i.AbstractJavaProjectConfigurator - Adding resource folder /05-Spring-DataJPA/src/main/resources
2025-01-16 20:24:49,906 [Worker-599: Updating Maven Project] INFO  o.e.m.j.i.AbstractJavaProjectConfigurator - Adding source folder /05-Spring-DataJPA/src/test/java
2025-01-16 20:24:49,906 [Worker-599: Updating Maven Project] INFO  o.e.m.j.i.AbstractJavaProjectConfigurator - Adding resource folder /05-Spring-DataJPA/src/test/resources
2025-01-16 20:24:50,168 [Worker-599: Updating Maven Project] INFO  o.e.m.c.i.p.ProjectConfigurationManager - Update completed for 1 poms: local refresh takes 0.00 sec, refresh facades takes 0.00 sec, update config takes 0.00 sec 
2025-01-16 20:24:50,568 [Worker-598: Building] INFO  o.a.m.s.f.DefaultMavenResourcesFiltering - Copying 1 resource from src\main\resources to target\classes
2025-01-16 20:24:50,588 [Worker-598: Building] INFO  o.a.m.s.f.DefaultMavenResourcesFiltering - Copying 0 resource from src\main\resources to target\classes
2025-01-16 20:24:50,592 [Worker-598: Building] INFO  o.a.m.s.f.DefaultMavenResourcesFiltering - skip non existing resourceDirectory C:\Users\surajendra\Work_Requests\Eclipse_Workspace\Spring\Test\05-Spring-DataJPA\src\test\resources
2025-01-16 20:26:11,226 [Worker-583: Building] INFO  o.e.m.c.i.l.LifecycleMappingFactory - Using org.eclipse.m2e.jdt.JarLifecycleMapping lifecycle mapping for MavenProject: com.in.akshay:05-Spring-DataJPA_01:0.0.1-SNAPSHOT @ C:\Users\surajendra\Work_Requests\Eclipse_Workspace\Spring\Test\05-Spring-DataJPA\pom.xml.
2025-01-16 20:26:11,678 [Worker-583: Building] INFO  o.a.m.s.f.DefaultMavenResourcesFiltering - Copying 0 resource from src\main\resources to target\classes
2025-01-16 20:26:11,678 [Worker-583: Building] INFO  o.a.m.s.f.DefaultMavenResourcesFiltering - Copying 0 resource from src\main\resources to target\classes
2025-01-16 20:26:11,682 [Worker-583: Building] INFO  o.a.m.s.f.DefaultMavenResourcesFiltering - skip non existing resourceDirectory C:\Users\surajendra\Work_Requests\Eclipse_Workspace\Spring\Test\05-Spring-DataJPA\src\test\resources
2025-01-16 20:26:16,169 [Worker-600: Building] INFO  o.a.m.s.f.DefaultMavenResourcesFiltering - Copying 1 resource from src\main\resources to target\classes
2025-01-16 20:26:16,183 [Worker-600: Building] INFO  o.a.m.s.f.DefaultMavenResourcesFiltering - Copying 0 resource from src\main\resources to target\classes
2025-01-16 20:26:16,185 [Worker-600: Building] INFO  o.a.m.s.f.DefaultMavenResourcesFiltering - skip non existing resourceDirectory C:\Users\surajendra\Work_Requests\Eclipse_Workspace\Spring\Test\05-Spring-DataJPA\src\test\resources
2025-01-16 20:27:09,993 [Worker-600: Updating Maven Dependencies] ERROR o.e.m.j.i.l.MavenLaunchConfigurationListener - Launch configuration DemoApplication references closed project demo
org.eclipse.core.runtime.CoreException: Launch configuration DemoApplication references closed project demo
	at org.eclipse.jdt.launching.JavaRuntime.abort(JavaRuntime.java:1870)
	at org.eclipse.jdt.launching.JavaRuntime.getJavaProject(JavaRuntime.java:1744)
	at org.eclipse.m2e.jdt.internal.launch.MavenLaunchConfigurationListener.updateLaunchConfiguration(MavenLaunchConfigurationListener.java:66)
	at org.eclipse.m2e.jdt.internal.launch.MavenLaunchConfigurationListener.launchConfigurationChanged(MavenLaunchConfigurationListener.java:52)
	at org.eclipse.debug.internal.core.LaunchManager$ConfigurationNotifier.run(LaunchManager.java:220)
	at org.eclipse.core.runtime.SafeRunner.run(SafeRunner.java:47)
	at org.eclipse.debug.internal.core.LaunchManager$ConfigurationNotifier.notify(LaunchManager.java:204)
	at org.eclipse.debug.internal.core.LaunchConfigurationWorkingCopy.setDirty(LaunchConfigurationWorkingCopy.java:527)
	at org.eclipse.debug.internal.core.LaunchConfigurationWorkingCopy.setAttribute(LaunchConfigurationWorkingCopy.java:415)
	at org.eclipse.m2e.jdt.internal.launch.MavenRuntimeClasspathProvider.disable(MavenRuntimeClasspathProvider.java:409)
	at org.eclipse.m2e.jdt.internal.launch.MavenRuntimeClasspathProvider.disable(MavenRuntimeClasspathProvider.java:435)
	at org.eclipse.m2e.jdt.internal.launch.MavenLaunchConfigurationListener.mavenProjectChanged(MavenLaunchConfigurationListener.java:137)
	at org.eclipse.m2e.core.internal.project.registry.ProjectRegistryManager.notifyProjectChangeListeners(ProjectRegistryManager.java:892)
	at org.eclipse.m2e.core.internal.project.registry.ProjectRegistryManager.applyMutableProjectRegistry(ProjectRegistryManager.java:1042)
	at org.eclipse.m2e.core.internal.project.registry.ProjectRegistryRefreshJob.lambda$0(ProjectRegistryRefreshJob.java:162)
	at org.eclipse.m2e.core.internal.embedder.MavenExecutionContext.executeBare(MavenExecutionContext.java:458)
	at org.eclipse.m2e.core.internal.embedder.MavenExecutionContext.execute(MavenExecutionContext.java:339)
	at org.eclipse.m2e.core.internal.embedder.MavenExecutionContext.execute(MavenExecutionContext.java:278)
	at org.eclipse.m2e.core.internal.project.registry.ProjectRegistryRefreshJob.run(ProjectRegistryRefreshJob.java:106)
	at org.eclipse.core.internal.jobs.Worker.run(Worker.java:63)
2025-01-16 20:27:09,994 [Worker-600: Updating Maven Dependencies] ERROR o.e.m.j.i.l.MavenLaunchConfigurationListener - Launch configuration DemoApplication references closed project demo
org.eclipse.core.runtime.CoreException: Launch configuration DemoApplication references closed project demo
	at org.eclipse.jdt.launching.JavaRuntime.abort(JavaRuntime.java:1870)
	at org.eclipse.jdt.launching.JavaRuntime.getJavaProject(JavaRuntime.java:1744)
	at org.eclipse.m2e.jdt.internal.launch.MavenLaunchConfigurationListener.updateLaunchConfiguration(MavenLaunchConfigurationListener.java:66)
	at org.eclipse.m2e.jdt.internal.launch.MavenLaunchConfigurationListener.launchConfigurationChanged(MavenLaunchConfigurationListener.java:52)
	at org.eclipse.debug.internal.core.LaunchManager$ConfigurationNotifier.run(LaunchManager.java:220)
	at org.eclipse.core.runtime.SafeRunner.run(SafeRunner.java:47)
	at org.eclipse.debug.internal.core.LaunchManager$ConfigurationNotifier.notify(LaunchManager.java:204)
	at org.eclipse.debug.internal.core.LaunchConfigurationWorkingCopy.setDirty(LaunchConfigurationWorkingCopy.java:527)
	at org.eclipse.debug.internal.core.LaunchConfigurationWorkingCopy.setAttribute(LaunchConfigurationWorkingCopy.java:415)
	at org.eclipse.m2e.jdt.internal.launch.MavenRuntimeClasspathProvider.disable(MavenRuntimeClasspathProvider.java:410)
	at org.eclipse.m2e.jdt.internal.launch.MavenRuntimeClasspathProvider.disable(MavenRuntimeClasspathProvider.java:435)
	at org.eclipse.m2e.jdt.internal.launch.MavenLaunchConfigurationListener.mavenProjectChanged(MavenLaunchConfigurationListener.java:137)
	at org.eclipse.m2e.core.internal.project.registry.ProjectRegistryManager.notifyProjectChangeListeners(ProjectRegistryManager.java:892)
	at org.eclipse.m2e.core.internal.project.registry.ProjectRegistryManager.applyMutableProjectRegistry(ProjectRegistryManager.java:1042)
	at org.eclipse.m2e.core.internal.project.registry.ProjectRegistryRefreshJob.lambda$0(ProjectRegistryRefreshJob.java:162)
	at org.eclipse.m2e.core.internal.embedder.MavenExecutionContext.executeBare(MavenExecutionContext.java:458)
	at org.eclipse.m2e.core.internal.embedder.MavenExecutionContext.execute(MavenExecutionContext.java:339)
	at org.eclipse.m2e.core.internal.embedder.MavenExecutionContext.execute(MavenExecutionContext.java:278)
	at org.eclipse.m2e.core.internal.project.registry.ProjectRegistryRefreshJob.run(ProjectRegistryRefreshJob.java:106)
	at org.eclipse.core.internal.jobs.Worker.run(Worker.java:63)
2025-01-16 20:27:09,998 [Worker-600: Updating Maven Dependencies] ERROR o.e.m.j.i.l.MavenLaunchConfigurationListener - Launch configuration DemoApplication references closed project demo
org.eclipse.core.runtime.CoreException: Launch configuration DemoApplication references closed project demo
	at org.eclipse.jdt.launching.JavaRuntime.abort(JavaRuntime.java:1870)
	at org.eclipse.jdt.launching.JavaRuntime.getJavaProject(JavaRuntime.java:1744)
	at org.eclipse.m2e.jdt.internal.launch.MavenLaunchConfigurationListener.updateLaunchConfiguration(MavenLaunchConfigurationListener.java:66)
	at org.eclipse.m2e.jdt.internal.launch.MavenLaunchConfigurationListener.launchConfigurationChanged(MavenLaunchConfigurationListener.java:52)
	at org.eclipse.debug.internal.core.LaunchManager$ConfigurationNotifier.run(LaunchManager.java:220)
	at org.eclipse.core.runtime.SafeRunner.run(SafeRunner.java:47)
	at org.eclipse.debug.internal.core.LaunchManager$ConfigurationNotifier.notify(LaunchManager.java:204)
	at org.eclipse.debug.internal.core.LaunchManager.launchConfigurationChanged(LaunchManager.java:2010)
	at org.eclipse.debug.internal.core.LaunchConfigurationWorkingCopy.writeNewFile(LaunchConfigurationWorkingCopy.java:380)
	at org.eclipse.debug.internal.core.LaunchConfigurationWorkingCopy.doSave0(LaunchConfigurationWorkingCopy.java:259)
	at org.eclipse.debug.internal.core.LaunchConfigurationWorkingCopy.doSave(LaunchConfigurationWorkingCopy.java:229)
	at org.eclipse.debug.internal.core.LaunchConfigurationWorkingCopy.doSave(LaunchConfigurationWorkingCopy.java:187)
	at org.eclipse.m2e.jdt.internal.launch.MavenRuntimeClasspathProvider.disable(MavenRuntimeClasspathProvider.java:411)
	at org.eclipse.m2e.jdt.internal.launch.MavenRuntimeClasspathProvider.disable(MavenRuntimeClasspathProvider.java:435)
	at org.eclipse.m2e.jdt.internal.launch.MavenLaunchConfigurationListener.mavenProjectChanged(MavenLaunchConfigurationListener.java:137)
	at org.eclipse.m2e.core.internal.project.registry.ProjectRegistryManager.notifyProjectChangeListeners(ProjectRegistryManager.java:892)
	at org.eclipse.m2e.core.internal.project.registry.ProjectRegistryManager.applyMutableProjectRegistry(ProjectRegistryManager.java:1042)
	at org.eclipse.m2e.core.internal.project.registry.ProjectRegistryRefreshJob.lambda$0(ProjectRegistryRefreshJob.java:162)
	at org.eclipse.m2e.core.internal.embedder.MavenExecutionContext.executeBare(MavenExecutionContext.java:458)
	at org.eclipse.m2e.core.internal.embedder.MavenExecutionContext.execute(MavenExecutionContext.java:339)
	at org.eclipse.m2e.core.internal.embedder.MavenExecutionContext.execute(MavenExecutionContext.java:278)
	at org.eclipse.m2e.core.internal.project.registry.ProjectRegistryRefreshJob.run(ProjectRegistryRefreshJob.java:106)
	at org.eclipse.core.internal.jobs.Worker.run(Worker.java:63)
2025-01-16 20:28:15,950 [Worker-601: Building] INFO  o.a.m.s.f.DefaultMavenResourcesFiltering - Copying 1 resource from src\main\resources to target\classes
2025-01-16 20:28:15,959 [Worker-601: Building] INFO  o.a.m.s.f.DefaultMavenResourcesFiltering - Copying 0 resource from src\main\resources to target\classes
2025-01-16 20:28:15,960 [Worker-601: Building] INFO  o.a.m.s.f.DefaultMavenResourcesFiltering - skip non existing resourceDirectory C:\Users\surajendra\Work_Requests\Eclipse_Workspace\Spring\Test\05-Spring-DataJPA\src\test\resources
2025-01-16 20:28:31,505 [Worker-4: Loading available Gradle versions] INFO  o.e.b.c.i.u.g.PublishedGradleVersions - Gradle version information cache is out-of-date. Trying to update.
2025-01-16 20:52:21,703 [Worker-17: Launching 05-Spring-DataJPA - Application] INFO  o.a.m.s.f.DefaultMavenResourcesFiltering - Copying 1 resource from src\main\resources to target\classes
2025-01-16 20:52:21,727 [Worker-17: Launching 05-Spring-DataJPA - Application] INFO  o.a.m.s.f.DefaultMavenResourcesFiltering - Copying 0 resource from src\main\resources to target\classes
2025-01-16 20:52:21,732 [Worker-17: Launching 05-Spring-DataJPA - Application] INFO  o.a.m.s.f.DefaultMavenResourcesFiltering - skip non existing resourceDirectory C:\Users\surajendra\Work_Requests\Eclipse_Workspace\Spring\Test\05-Spring-DataJPA\src\test\resources
2025-01-16 20:56:35,912 [Worker-19: Building] INFO  o.a.m.s.f.DefaultMavenResourcesFiltering - Copying 1 resource from src\main\resources to target\classes
2025-01-16 20:56:35,919 [Worker-19: Building] INFO  o.a.m.s.f.DefaultMavenResourcesFiltering - Copying 0 resource from src\main\resources to target\classes
2025-01-16 20:56:35,921 [Worker-19: Building] INFO  o.a.m.s.f.DefaultMavenResourcesFiltering - skip non existing resourceDirectory C:\Users\surajendra\Work_Requests\Eclipse_Workspace\Spring\Test\05-Spring-DataJPA\src\test\resources
2025-01-16 20:57:57,245 [Worker-4: Building] INFO  o.a.m.s.f.DefaultMavenResourcesFiltering - Copying 1 resource from src\main\resources to target\classes
2025-01-16 20:57:57,254 [Worker-4: Building] INFO  o.a.m.s.f.DefaultMavenResourcesFiltering - Copying 0 resource from src\main\resources to target\classes
2025-01-16 20:57:57,257 [Worker-4: Building] INFO  o.a.m.s.f.DefaultMavenResourcesFiltering - skip non existing resourceDirectory C:\Users\surajendra\Work_Requests\Eclipse_Workspace\Spring\Test\05-Spring-DataJPA\src\test\resources
2025-01-16 20:58:18,446 [Worker-18: Building] INFO  o.a.m.s.f.DefaultMavenResourcesFiltering - Copying 1 resource from src\main\resources to target\classes
2025-01-16 20:58:18,451 [Worker-18: Building] INFO  o.a.m.s.f.DefaultMavenResourcesFiltering - Copying 0 resource from src\main\resources to target\classes
2025-01-16 20:58:18,453 [Worker-18: Building] INFO  o.a.m.s.f.DefaultMavenResourcesFiltering - skip non existing resourceDirectory C:\Users\surajendra\Work_Requests\Eclipse_Workspace\Spring\Test\05-Spring-DataJPA\src\test\resources
2025-01-16 20:59:01,203 [Worker-20: Building] INFO  o.a.m.s.f.DefaultMavenResourcesFiltering - Copying 1 resource from src\main\resources to target\classes
2025-01-16 20:59:01,207 [Worker-20: Building] INFO  o.a.m.s.f.DefaultMavenResourcesFiltering - Copying 0 resource from src\main\resources to target\classes
2025-01-16 20:59:01,210 [Worker-20: Building] INFO  o.a.m.s.f.DefaultMavenResourcesFiltering - skip non existing resourceDirectory C:\Users\surajendra\Work_Requests\Eclipse_Workspace\Spring\Test\05-Spring-DataJPA\src\test\resources
2025-01-16 20:59:44,580 [Worker-17: Building] INFO  o.a.m.s.f.DefaultMavenResourcesFiltering - Copying 1 resource from src\main\resources to target\classes
2025-01-16 20:59:44,585 [Worker-17: Building] INFO  o.a.m.s.f.DefaultMavenResourcesFiltering - Copying 0 resource from src\main\resources to target\classes
2025-01-16 20:59:44,587 [Worker-17: Building] INFO  o.a.m.s.f.DefaultMavenResourcesFiltering - skip non existing resourceDirectory C:\Users\surajendra\Work_Requests\Eclipse_Workspace\Spring\Test\05-Spring-DataJPA\src\test\resources
2025-01-16 21:00:08,893 [Worker-17: Building] INFO  o.a.m.s.f.DefaultMavenResourcesFiltering - Copying 1 resource from src\main\resources to target\classes
2025-01-16 21:00:08,900 [Worker-17: Building] INFO  o.a.m.s.f.DefaultMavenResourcesFiltering - Copying 0 resource from src\main\resources to target\classes
2025-01-16 21:00:08,902 [Worker-17: Building] INFO  o.a.m.s.f.DefaultMavenResourcesFiltering - skip non existing resourceDirectory C:\Users\surajendra\Work_Requests\Eclipse_Workspace\Spring\Test\05-Spring-DataJPA\src\test\resources
2025-01-17 14:56:17,146 [Worker-90: Building] INFO  o.a.m.s.f.DefaultMavenResourcesFiltering - Copying 1 resource from src\main\resources to target\classes
2025-01-17 14:56:17,272 [Worker-90: Building] INFO  o.a.m.s.f.DefaultMavenResourcesFiltering - Copying 0 resource from src\main\resources to target\classes
2025-01-17 14:56:17,272 [Worker-90: Building] INFO  o.a.m.s.f.DefaultMavenResourcesFiltering - skip non existing resourceDirectory C:\Users\surajendra\Work_Requests\Eclipse_Workspace\Spring\Test\05-Spring-DataJPA\src\test\resources
2025-01-17 17:01:42,083 [Worker-2: Loading available Gradle versions] INFO  o.e.b.c.i.u.g.PublishedGradleVersions - Gradle version information cache is up-to-date. Trying to read.
2025-01-17 17:02:14,791 [Worker-13: Building] INFO  o.a.m.s.f.DefaultMavenResourcesFiltering - Copying 1 resource from src\main\resources to target\classes
2025-01-17 17:02:14,833 [Worker-13: Building] INFO  o.a.m.s.f.DefaultMavenResourcesFiltering - Copying 0 resource from src\main\resources to target\classes
2025-01-17 17:02:14,840 [Worker-13: Building] INFO  o.a.m.s.f.DefaultMavenResourcesFiltering - skip non existing resourceDirectory C:\Users\surajendra\Work_Requests\Eclipse_Workspace\Spring\Test\05-Spring-DataJPA\src\test\resources
2025-01-17 17:04:08,057 [Worker-6: Import Getting Started Content] INFO  o.e.m.c.i.l.LifecycleMappingFactory - Using org.eclipse.m2e.jdt.JarLifecycleMapping lifecycle mapping for MavenProject: com.in.akshay:06-Spring-DataJPA_findByMethods:0.0.1-SNAPSHOT @ C:\Users\surajendra\Work_Requests\Eclipse_Workspace\Spring\Test\06-Spring-DataJPA_findByMethods\pom.xml.
2025-01-17 17:04:08,957 [Worker-6: Import Getting Started Content] INFO  o.e.m.j.i.AbstractJavaProjectConfigurator - Adding source folder /06-Spring-DataJPA_findByMethods/src/main/java
2025-01-17 17:04:08,965 [Worker-6: Import Getting Started Content] INFO  o.e.m.j.i.AbstractJavaProjectConfigurator - Adding resource folder /06-Spring-DataJPA_findByMethods/src/main/resources
2025-01-17 17:04:08,970 [Worker-6: Import Getting Started Content] INFO  o.e.m.j.i.AbstractJavaProjectConfigurator - Adding resource folder /06-Spring-DataJPA_findByMethods/src/main/resources
2025-01-17 17:04:08,975 [Worker-6: Import Getting Started Content] INFO  o.e.m.j.i.AbstractJavaProjectConfigurator - Adding source folder /06-Spring-DataJPA_findByMethods/src/test/java
2025-01-17 17:04:08,976 [Worker-6: Import Getting Started Content] INFO  o.e.m.j.i.AbstractJavaProjectConfigurator - Adding resource folder /06-Spring-DataJPA_findByMethods/src/test/resources
2025-01-17 17:04:09,342 [Worker-6: Import Getting Started Content] INFO  o.e.m.c.i.p.ProjectConfigurationManager - Imported and configured 1 project(s) in 2 sec
2025-01-17 17:04:09,346 [Worker-6: Import Getting Started Content] INFO  o.e.m.c.i.p.ProjectConfigurationManager - Update started
2025-01-17 17:04:09,667 [Worker-6: Import Getting Started Content] INFO  o.e.m.c.i.l.LifecycleMappingFactory - Using org.eclipse.m2e.jdt.JarLifecycleMapping lifecycle mapping for MavenProject: com.in.akshay:06-Spring-DataJPA_findByMethods:0.0.1-SNAPSHOT @ C:\Users\surajendra\Work_Requests\Eclipse_Workspace\Spring\Test\06-Spring-DataJPA_findByMethods\pom.xml.
2025-01-17 17:04:10,205 [Worker-6: Import Getting Started Content] INFO  o.e.m.j.i.AbstractJavaProjectConfigurator - Adding source folder /06-Spring-DataJPA_findByMethods/src/main/java
2025-01-17 17:04:10,206 [Worker-6: Import Getting Started Content] INFO  o.e.m.j.i.AbstractJavaProjectConfigurator - Adding resource folder /06-Spring-DataJPA_findByMethods/src/main/resources
2025-01-17 17:04:10,206 [Worker-6: Import Getting Started Content] INFO  o.e.m.j.i.AbstractJavaProjectConfigurator - Adding resource folder /06-Spring-DataJPA_findByMethods/src/main/resources
2025-01-17 17:04:10,207 [Worker-6: Import Getting Started Content] INFO  o.e.m.j.i.AbstractJavaProjectConfigurator - Adding source folder /06-Spring-DataJPA_findByMethods/src/test/java
2025-01-17 17:04:10,208 [Worker-6: Import Getting Started Content] INFO  o.e.m.j.i.AbstractJavaProjectConfigurator - Adding resource folder /06-Spring-DataJPA_findByMethods/src/test/resources
2025-01-17 17:04:10,592 [Worker-6: Import Getting Started Content] INFO  o.e.m.c.i.p.ProjectConfigurationManager - Update completed for 1 poms: local refresh takes 0.00 sec, refresh facades takes 0.00 sec, update config takes 0.00 sec 
2025-01-17 17:04:11,236 [Worker-0: Building] INFO  o.a.m.s.f.DefaultMavenResourcesFiltering - Copying 1 resource from src\main\resources to target\classes
2025-01-17 17:04:11,286 [Worker-0: Building] INFO  o.a.m.s.f.DefaultMavenResourcesFiltering - Copying 0 resource from src\main\resources to target\classes
2025-01-17 17:04:11,296 [Worker-0: Building] INFO  o.a.m.s.f.DefaultMavenResourcesFiltering - skip non existing resourceDirectory C:\Users\surajendra\Work_Requests\Eclipse_Workspace\Spring\Test\06-Spring-DataJPA_findByMethods\src\test\resources
2025-01-17 17:05:01,393 [Worker-3: Building] INFO  o.a.m.s.f.DefaultMavenResourcesFiltering - Copying 1 resource from src\main\resources to target\classes
2025-01-17 17:05:01,403 [Worker-3: Building] INFO  o.a.m.s.f.DefaultMavenResourcesFiltering - Copying 0 resource from src\main\resources to target\classes
2025-01-17 17:05:01,408 [Worker-3: Building] INFO  o.a.m.s.f.DefaultMavenResourcesFiltering - skip non existing resourceDirectory C:\Users\surajendra\Work_Requests\Eclipse_Workspace\Spring\Test\06-Spring-DataJPA_findByMethods\src\test\resources
2025-01-17 17:06:10,523 [Worker-13: Building] INFO  o.e.m.c.i.l.LifecycleMappingFactory - Using org.eclipse.m2e.jdt.JarLifecycleMapping lifecycle mapping for MavenProject: com.in.akshay:06-Spring-DataJPA_findByMethods:0.0.1-SNAPSHOT @ C:\Users\surajendra\Work_Requests\Eclipse_Workspace\Spring\Test\06-Spring-DataJPA_findByMethods\pom.xml.
2025-01-17 17:06:11,048 [Worker-13: Building] INFO  o.a.m.s.f.DefaultMavenResourcesFiltering - Copying 0 resource from src\main\resources to target\classes
2025-01-17 17:06:11,049 [Worker-13: Building] INFO  o.a.m.s.f.DefaultMavenResourcesFiltering - Copying 0 resource from src\main\resources to target\classes
2025-01-17 17:06:11,053 [Worker-13: Building] INFO  o.a.m.s.f.DefaultMavenResourcesFiltering - skip non existing resourceDirectory C:\Users\surajendra\Work_Requests\Eclipse_Workspace\Spring\Test\06-Spring-DataJPA_findByMethods\src\test\resources
2025-01-17 17:06:12,253 [Worker-12: Building] INFO  o.a.m.s.f.DefaultMavenResourcesFiltering - Copying 1 resource from src\main\resources to target\classes
2025-01-17 17:06:12,269 [Worker-12: Building] INFO  o.a.m.s.f.DefaultMavenResourcesFiltering - Copying 0 resource from src\main\resources to target\classes
2025-01-17 17:06:12,272 [Worker-12: Building] INFO  o.a.m.s.f.DefaultMavenResourcesFiltering - skip non existing resourceDirectory C:\Users\surajendra\Work_Requests\Eclipse_Workspace\Spring\Test\06-Spring-DataJPA_findByMethods\src\test\resources
2025-01-17 17:07:50,851 [Worker-0: Building] INFO  o.a.m.s.f.DefaultMavenResourcesFiltering - Copying 1 resource from src\main\resources to target\classes
2025-01-17 17:07:50,856 [Worker-0: Building] INFO  o.a.m.s.f.DefaultMavenResourcesFiltering - Copying 0 resource from src\main\resources to target\classes
2025-01-17 17:07:50,860 [Worker-0: Building] INFO  o.a.m.s.f.DefaultMavenResourcesFiltering - skip non existing resourceDirectory C:\Users\surajendra\Work_Requests\Eclipse_Workspace\Spring\Test\06-Spring-DataJPA_findByMethods\src\test\resources
2025-01-17 17:08:24,268 [Worker-2: Updating Maven Project] INFO  o.e.m.c.i.p.ProjectConfigurationManager - Update started
2025-01-17 17:08:24,593 [Worker-2: Updating Maven Project] INFO  o.e.m.c.i.l.LifecycleMappingFactory - Using org.eclipse.m2e.jdt.JarLifecycleMapping lifecycle mapping for MavenProject: com.in.akshay:06-Spring-DataJPA_findByMethods:0.0.1-SNAPSHOT @ C:\Users\surajendra\Work_Requests\Eclipse_Workspace\Spring\Test\06-Spring-DataJPA_findByMethods\pom.xml.
2025-01-17 17:08:25,181 [Worker-2: Updating Maven Project] INFO  o.e.m.j.i.AbstractJavaProjectConfigurator - Adding source folder /06-Spring-DataJPA_findByMethods/src/main/java
2025-01-17 17:08:25,182 [Worker-2: Updating Maven Project] INFO  o.e.m.j.i.AbstractJavaProjectConfigurator - Adding resource folder /06-Spring-DataJPA_findByMethods/src/main/resources
2025-01-17 17:08:25,183 [Worker-2: Updating Maven Project] INFO  o.e.m.j.i.AbstractJavaProjectConfigurator - Adding resource folder /06-Spring-DataJPA_findByMethods/src/main/resources
2025-01-17 17:08:25,183 [Worker-2: Updating Maven Project] INFO  o.e.m.j.i.AbstractJavaProjectConfigurator - Adding source folder /06-Spring-DataJPA_findByMethods/src/test/java
2025-01-17 17:08:25,184 [Worker-2: Updating Maven Project] INFO  o.e.m.j.i.AbstractJavaProjectConfigurator - Adding resource folder /06-Spring-DataJPA_findByMethods/src/test/resources
2025-01-17 17:08:25,531 [Worker-2: Updating Maven Project] INFO  o.e.m.c.i.p.ProjectConfigurationManager - Update completed for 1 poms: local refresh takes 0.00 sec, refresh facades takes 0.00 sec, update config takes 0.00 sec 
2025-01-17 17:08:25,861 [Worker-1: Building] INFO  o.a.m.s.f.DefaultMavenResourcesFiltering - Copying 1 resource from src\main\resources to target\classes
2025-01-17 17:08:25,889 [Worker-1: Building] INFO  o.a.m.s.f.DefaultMavenResourcesFiltering - Copying 0 resource from src\main\resources to target\classes
2025-01-17 17:08:25,894 [Worker-1: Building] INFO  o.a.m.s.f.DefaultMavenResourcesFiltering - skip non existing resourceDirectory C:\Users\surajendra\Work_Requests\Eclipse_Workspace\Spring\Test\06-Spring-DataJPA_findByMethods\src\test\resources
2025-01-17 17:08:47,400 [Worker-6: Loading available Gradle versions] INFO  o.e.b.c.i.u.g.PublishedGradleVersions - Gradle version information cache is up-to-date. Trying to read.
2025-01-17 17:09:39,815 [Worker-5: Updating Maven Project] INFO  o.e.m.c.i.p.ProjectConfigurationManager - Update started
2025-01-17 17:09:40,705 [Worker-5: Updating Maven Project] INFO  o.e.m.c.i.l.LifecycleMappingFactory - Using org.eclipse.m2e.jdt.JarLifecycleMapping lifecycle mapping for MavenProject: com.in.akshay:06-Spring-DataJPA_findByMethods:0.0.1-SNAPSHOT @ C:\Users\surajendra\Work_Requests\Eclipse_Workspace\Spring\Test\06-Spring-DataJPA_findByMethods\pom.xml.
2025-01-17 17:09:41,505 [Worker-5: Updating Maven Project] INFO  o.e.m.j.i.AbstractJavaProjectConfigurator - Adding source folder /06-Spring-DataJPA_findByMethods/src/main/java
2025-01-17 17:09:41,509 [Worker-5: Updating Maven Project] INFO  o.e.m.j.i.AbstractJavaProjectConfigurator - Adding resource folder /06-Spring-DataJPA_findByMethods/src/main/resources
2025-01-17 17:09:41,511 [Worker-5: Updating Maven Project] INFO  o.e.m.j.i.AbstractJavaProjectConfigurator - Adding resource folder /06-Spring-DataJPA_findByMethods/src/main/resources
2025-01-17 17:09:41,512 [Worker-5: Updating Maven Project] INFO  o.e.m.j.i.AbstractJavaProjectConfigurator - Adding source folder /06-Spring-DataJPA_findByMethods/src/test/java
2025-01-17 17:09:41,513 [Worker-5: Updating Maven Project] INFO  o.e.m.j.i.AbstractJavaProjectConfigurator - Adding resource folder /06-Spring-DataJPA_findByMethods/src/test/resources
2025-01-17 17:09:42,060 [Worker-5: Updating Maven Project] INFO  o.e.m.c.i.p.ProjectConfigurationManager - Update completed for 1 poms: local refresh takes 0.00 sec, refresh facades takes 1.00 sec, update config takes 0.00 sec 
2025-01-17 17:09:42,615 [Worker-3: Building] INFO  o.a.m.s.f.DefaultMavenResourcesFiltering - Copying 1 resource from src\main\resources to target\classes
2025-01-17 17:09:42,645 [Worker-3: Building] INFO  o.a.m.s.f.DefaultMavenResourcesFiltering - Copying 0 resource from src\main\resources to target\classes
2025-01-17 17:09:42,654 [Worker-3: Building] INFO  o.a.m.s.f.DefaultMavenResourcesFiltering - skip non existing resourceDirectory C:\Users\surajendra\Work_Requests\Eclipse_Workspace\Spring\Test\06-Spring-DataJPA_findByMethods\src\test\resources
2025-01-17 17:10:11,155 [Worker-14: Building] INFO  o.a.m.s.f.DefaultMavenResourcesFiltering - Copying 1 resource from src\main\resources to target\classes
2025-01-17 17:10:11,164 [Worker-14: Building] INFO  o.a.m.s.f.DefaultMavenResourcesFiltering - Copying 0 resource from src\main\resources to target\classes
2025-01-17 17:10:11,170 [Worker-14: Building] INFO  o.a.m.s.f.DefaultMavenResourcesFiltering - skip non existing resourceDirectory C:\Users\surajendra\Work_Requests\Eclipse_Workspace\Spring\Test\06-Spring-DataJPA_findByMethods\src\test\resources
2025-01-17 17:10:21,434 [Worker-11: Building] INFO  o.a.m.s.f.DefaultMavenResourcesFiltering - Copying 1 resource from src\main\resources to target\classes
2025-01-17 17:10:21,447 [Worker-11: Building] INFO  o.a.m.s.f.DefaultMavenResourcesFiltering - Copying 0 resource from src\main\resources to target\classes
2025-01-17 17:10:21,451 [Worker-11: Building] INFO  o.a.m.s.f.DefaultMavenResourcesFiltering - skip non existing resourceDirectory C:\Users\surajendra\Work_Requests\Eclipse_Workspace\Spring\Test\06-Spring-DataJPA_findByMethods\src\test\resources
2025-01-17 17:10:30,903 [Worker-13: Building] INFO  o.a.m.s.f.DefaultMavenResourcesFiltering - Copying 1 resource from src\main\resources to target\classes
2025-01-17 17:10:30,908 [Worker-13: Building] INFO  o.a.m.s.f.DefaultMavenResourcesFiltering - Copying 0 resource from src\main\resources to target\classes
2025-01-17 17:10:30,912 [Worker-13: Building] INFO  o.a.m.s.f.DefaultMavenResourcesFiltering - skip non existing resourceDirectory C:\Users\surajendra\Work_Requests\Eclipse_Workspace\Spring\Test\06-Spring-DataJPA_findByMethods\src\test\resources
2025-01-17 17:10:47,249 [Worker-5: Building] INFO  o.a.m.s.f.DefaultMavenResourcesFiltering - Copying 1 resource from src\main\resources to target\classes
2025-01-17 17:10:47,256 [Worker-5: Building] INFO  o.a.m.s.f.DefaultMavenResourcesFiltering - Copying 0 resource from src\main\resources to target\classes
2025-01-17 17:10:47,260 [Worker-5: Building] INFO  o.a.m.s.f.DefaultMavenResourcesFiltering - skip non existing resourceDirectory C:\Users\surajendra\Work_Requests\Eclipse_Workspace\Spring\Test\06-Spring-DataJPA_findByMethods\src\test\resources
2025-01-17 17:11:05,046 [Worker-7: Building] INFO  o.a.m.s.f.DefaultMavenResourcesFiltering - Copying 1 resource from src\main\resources to target\classes
2025-01-17 17:11:05,066 [Worker-7: Building] INFO  o.a.m.s.f.DefaultMavenResourcesFiltering - Copying 0 resource from src\main\resources to target\classes
2025-01-17 17:11:05,073 [Worker-7: Building] INFO  o.a.m.s.f.DefaultMavenResourcesFiltering - skip non existing resourceDirectory C:\Users\surajendra\Work_Requests\Eclipse_Workspace\Spring\Test\06-Spring-DataJPA_findByMethods\src\test\resources
2025-01-17 17:11:31,358 [Worker-6: Building] INFO  o.a.m.s.f.DefaultMavenResourcesFiltering - Copying 1 resource from src\main\resources to target\classes
2025-01-17 17:11:31,368 [Worker-6: Building] INFO  o.a.m.s.f.DefaultMavenResourcesFiltering - Copying 0 resource from src\main\resources to target\classes
2025-01-17 17:11:31,372 [Worker-6: Building] INFO  o.a.m.s.f.DefaultMavenResourcesFiltering - skip non existing resourceDirectory C:\Users\surajendra\Work_Requests\Eclipse_Workspace\Spring\Test\06-Spring-DataJPA_findByMethods\src\test\resources
2025-01-17 17:12:14,894 [Worker-10: Building] INFO  o.a.m.s.f.DefaultMavenResourcesFiltering - Copying 1 resource from src\main\resources to target\classes
2025-01-17 17:12:14,904 [Worker-10: Building] INFO  o.a.m.s.f.DefaultMavenResourcesFiltering - Copying 0 resource from src\main\resources to target\classes
2025-01-17 17:12:14,908 [Worker-10: Building] INFO  o.a.m.s.f.DefaultMavenResourcesFiltering - skip non existing resourceDirectory C:\Users\surajendra\Work_Requests\Eclipse_Workspace\Spring\Test\06-Spring-DataJPA_findByMethods\src\test\resources
2025-01-17 17:14:12,866 [Worker-0: Building] INFO  o.a.m.s.f.DefaultMavenResourcesFiltering - Copying 1 resource from src\main\resources to target\classes
2025-01-17 17:14:12,871 [Worker-0: Building] INFO  o.a.m.s.f.DefaultMavenResourcesFiltering - Copying 0 resource from src\main\resources to target\classes
2025-01-17 17:14:12,874 [Worker-0: Building] INFO  o.a.m.s.f.DefaultMavenResourcesFiltering - skip non existing resourceDirectory C:\Users\surajendra\Work_Requests\Eclipse_Workspace\Spring\Test\06-Spring-DataJPA_findByMethods\src\test\resources
2025-01-17 17:17:13,948 [Worker-13: Building] INFO  o.a.m.s.f.DefaultMavenResourcesFiltering - Copying 1 resource from src\main\resources to target\classes
2025-01-17 17:17:13,972 [Worker-13: Building] INFO  o.a.m.s.f.DefaultMavenResourcesFiltering - Copying 0 resource from src\main\resources to target\classes
2025-01-17 17:17:13,979 [Worker-13: Building] INFO  o.a.m.s.f.DefaultMavenResourcesFiltering - skip non existing resourceDirectory C:\Users\surajendra\Work_Requests\Eclipse_Workspace\Spring\Test\05-Spring-DataJPA\src\test\resources
2025-01-17 17:17:54,609 [Worker-2: Launching 05-Spring-DataJPA - Application] INFO  o.a.m.s.f.DefaultMavenResourcesFiltering - Copying 1 resource from src\main\resources to target\classes
2025-01-17 17:17:54,618 [Worker-2: Launching 05-Spring-DataJPA - Application] INFO  o.a.m.s.f.DefaultMavenResourcesFiltering - Copying 0 resource from src\main\resources to target\classes
2025-01-17 17:17:54,621 [Worker-2: Launching 05-Spring-DataJPA - Application] INFO  o.a.m.s.f.DefaultMavenResourcesFiltering - skip non existing resourceDirectory C:\Users\surajendra\Work_Requests\Eclipse_Workspace\Spring\Test\05-Spring-DataJPA\src\test\resources
2025-01-17 17:21:47,658 [Worker-11: Building] INFO  o.a.m.s.f.DefaultMavenResourcesFiltering - Copying 1 resource from src\main\resources to target\classes
2025-01-17 17:21:47,665 [Worker-11: Building] INFO  o.a.m.s.f.DefaultMavenResourcesFiltering - Copying 0 resource from src\main\resources to target\classes
2025-01-17 17:21:47,668 [Worker-11: Building] INFO  o.a.m.s.f.DefaultMavenResourcesFiltering - skip non existing resourceDirectory C:\Users\surajendra\Work_Requests\Eclipse_Workspace\Spring\Test\06-Spring-DataJPA_findByMethods\src\test\resources
2025-01-17 17:22:29,860 [Worker-11: Building] INFO  o.a.m.s.f.DefaultMavenResourcesFiltering - Copying 1 resource from src\main\resources to target\classes
2025-01-17 17:22:29,869 [Worker-11: Building] INFO  o.a.m.s.f.DefaultMavenResourcesFiltering - Copying 0 resource from src\main\resources to target\classes
2025-01-17 17:22:29,873 [Worker-11: Building] INFO  o.a.m.s.f.DefaultMavenResourcesFiltering - skip non existing resourceDirectory C:\Users\surajendra\Work_Requests\Eclipse_Workspace\Spring\Test\06-Spring-DataJPA_findByMethods\src\test\resources
2025-01-17 17:25:03,897 [Worker-15: Building] INFO  o.a.m.s.f.DefaultMavenResourcesFiltering - Copying 1 resource from src\main\resources to target\classes
2025-01-17 17:25:03,907 [Worker-15: Building] INFO  o.a.m.s.f.DefaultMavenResourcesFiltering - Copying 0 resource from src\main\resources to target\classes
2025-01-17 17:25:03,911 [Worker-15: Building] INFO  o.a.m.s.f.DefaultMavenResourcesFiltering - skip non existing resourceDirectory C:\Users\surajendra\Work_Requests\Eclipse_Workspace\Spring\Test\06-Spring-DataJPA_findByMethods\src\test\resources
2025-01-17 17:25:26,776 [Worker-9: Building] INFO  o.a.m.s.f.DefaultMavenResourcesFiltering - Copying 1 resource from src\main\resources to target\classes
2025-01-17 17:25:26,787 [Worker-9: Building] INFO  o.a.m.s.f.DefaultMavenResourcesFiltering - Copying 0 resource from src\main\resources to target\classes
2025-01-17 17:25:26,791 [Worker-9: Building] INFO  o.a.m.s.f.DefaultMavenResourcesFiltering - skip non existing resourceDirectory C:\Users\surajendra\Work_Requests\Eclipse_Workspace\Spring\Test\06-Spring-DataJPA_findByMethods\src\test\resources
2025-01-17 17:28:24,365 [Worker-8: Building] INFO  o.a.m.s.f.DefaultMavenResourcesFiltering - Copying 1 resource from src\main\resources to target\classes
2025-01-17 17:28:24,375 [Worker-8: Building] INFO  o.a.m.s.f.DefaultMavenResourcesFiltering - Copying 0 resource from src\main\resources to target\classes
2025-01-17 17:28:24,378 [Worker-8: Building] INFO  o.a.m.s.f.DefaultMavenResourcesFiltering - skip non existing resourceDirectory C:\Users\surajendra\Work_Requests\Eclipse_Workspace\Spring\Test\06-Spring-DataJPA_findByMethods\src\test\resources
2025-01-17 17:29:38,183 [Worker-15: Building] INFO  o.a.m.s.f.DefaultMavenResourcesFiltering - Copying 1 resource from src\main\resources to target\classes
2025-01-17 17:29:38,191 [Worker-15: Building] INFO  o.a.m.s.f.DefaultMavenResourcesFiltering - Copying 0 resource from src\main\resources to target\classes
2025-01-17 17:29:38,194 [Worker-15: Building] INFO  o.a.m.s.f.DefaultMavenResourcesFiltering - skip non existing resourceDirectory C:\Users\surajendra\Work_Requests\Eclipse_Workspace\Spring\Test\06-Spring-DataJPA_findByMethods\src\test\resources
2025-01-17 17:37:15,070 [Worker-20: Building] INFO  o.a.m.s.f.DefaultMavenResourcesFiltering - Copying 1 resource from src\main\resources to target\classes
2025-01-17 17:37:15,076 [Worker-20: Building] INFO  o.a.m.s.f.DefaultMavenResourcesFiltering - Copying 0 resource from src\main\resources to target\classes
2025-01-17 17:37:15,079 [Worker-20: Building] INFO  o.a.m.s.f.DefaultMavenResourcesFiltering - skip non existing resourceDirectory C:\Users\surajendra\Work_Requests\Eclipse_Workspace\Spring\Test\06-Spring-DataJPA_findByMethods\src\test\resources
2025-01-17 17:37:37,157 [Worker-20: Building] INFO  o.a.m.s.f.DefaultMavenResourcesFiltering - Copying 1 resource from src\main\resources to target\classes
2025-01-17 17:37:37,162 [Worker-20: Building] INFO  o.a.m.s.f.DefaultMavenResourcesFiltering - Copying 0 resource from src\main\resources to target\classes
2025-01-17 17:37:37,165 [Worker-20: Building] INFO  o.a.m.s.f.DefaultMavenResourcesFiltering - skip non existing resourceDirectory C:\Users\surajendra\Work_Requests\Eclipse_Workspace\Spring\Test\06-Spring-DataJPA_findByMethods\src\test\resources
2025-01-17 17:37:48,692 [Worker-18: Building] INFO  o.a.m.s.f.DefaultMavenResourcesFiltering - Copying 1 resource from src\main\resources to target\classes
2025-01-17 17:37:48,699 [Worker-18: Building] INFO  o.a.m.s.f.DefaultMavenResourcesFiltering - Copying 0 resource from src\main\resources to target\classes
2025-01-17 17:37:48,702 [Worker-18: Building] INFO  o.a.m.s.f.DefaultMavenResourcesFiltering - skip non existing resourceDirectory C:\Users\surajendra\Work_Requests\Eclipse_Workspace\Spring\Test\06-Spring-DataJPA_findByMethods\src\test\resources
2025-01-17 17:43:48,586 [Worker-20: Import Getting Started Content] INFO  o.e.m.c.i.l.LifecycleMappingFactory - Using org.eclipse.m2e.jdt.JarLifecycleMapping lifecycle mapping for MavenProject: com.in.akshay:07-Spring-DataJPA_CustomQueries:0.0.1-SNAPSHOT @ C:\Users\surajendra\Work_Requests\Eclipse_Workspace\Spring\Test\07-Spring-DataJPA_CustomQueries\pom.xml.
2025-01-17 17:43:49,840 [Worker-20: Import Getting Started Content] INFO  o.e.m.j.i.AbstractJavaProjectConfigurator - Adding source folder /07-Spring-DataJPA_CustomQueries/src/main/java
2025-01-17 17:43:49,841 [Worker-20: Import Getting Started Content] INFO  o.e.m.j.i.AbstractJavaProjectConfigurator - Adding resource folder /07-Spring-DataJPA_CustomQueries/src/main/resources
2025-01-17 17:43:49,848 [Worker-20: Import Getting Started Content] INFO  o.e.m.j.i.AbstractJavaProjectConfigurator - Adding resource folder /07-Spring-DataJPA_CustomQueries/src/main/resources
2025-01-17 17:43:49,855 [Worker-20: Import Getting Started Content] INFO  o.e.m.j.i.AbstractJavaProjectConfigurator - Adding source folder /07-Spring-DataJPA_CustomQueries/src/test/java
2025-01-17 17:43:49,856 [Worker-20: Import Getting Started Content] INFO  o.e.m.j.i.AbstractJavaProjectConfigurator - Adding resource folder /07-Spring-DataJPA_CustomQueries/src/test/resources
2025-01-17 17:43:50,121 [Worker-20: Import Getting Started Content] INFO  o.e.m.c.i.p.ProjectConfigurationManager - Imported and configured 1 project(s) in 2 sec
2025-01-17 17:43:50,124 [Worker-20: Import Getting Started Content] INFO  o.e.m.c.i.p.ProjectConfigurationManager - Update started
2025-01-17 17:43:50,529 [Worker-20: Import Getting Started Content] INFO  o.e.m.c.i.l.LifecycleMappingFactory - Using org.eclipse.m2e.jdt.JarLifecycleMapping lifecycle mapping for MavenProject: com.in.akshay:07-Spring-DataJPA_CustomQueries:0.0.1-SNAPSHOT @ C:\Users\surajendra\Work_Requests\Eclipse_Workspace\Spring\Test\07-Spring-DataJPA_CustomQueries\pom.xml.
2025-01-17 17:43:50,989 [Worker-20: Import Getting Started Content] INFO  o.e.m.j.i.AbstractJavaProjectConfigurator - Adding source folder /07-Spring-DataJPA_CustomQueries/src/main/java
2025-01-17 17:43:50,990 [Worker-20: Import Getting Started Content] INFO  o.e.m.j.i.AbstractJavaProjectConfigurator - Adding resource folder /07-Spring-DataJPA_CustomQueries/src/main/resources
2025-01-17 17:43:50,991 [Worker-20: Import Getting Started Content] INFO  o.e.m.j.i.AbstractJavaProjectConfigurator - Adding resource folder /07-Spring-DataJPA_CustomQueries/src/main/resources
2025-01-17 17:43:50,991 [Worker-20: Import Getting Started Content] INFO  o.e.m.j.i.AbstractJavaProjectConfigurator - Adding source folder /07-Spring-DataJPA_CustomQueries/src/test/java
2025-01-17 17:43:50,992 [Worker-20: Import Getting Started Content] INFO  o.e.m.j.i.AbstractJavaProjectConfigurator - Adding resource folder /07-Spring-DataJPA_CustomQueries/src/test/resources
2025-01-17 17:43:51,216 [Worker-20: Import Getting Started Content] INFO  o.e.m.c.i.p.ProjectConfigurationManager - Update completed for 1 poms: local refresh takes 0.00 sec, refresh facades takes 0.00 sec, update config takes 0.00 sec 
2025-01-17 17:43:51,614 [Worker-26: Building] INFO  o.a.m.s.f.DefaultMavenResourcesFiltering - Copying 1 resource from src\main\resources to target\classes
2025-01-17 17:43:51,638 [Worker-26: Building] INFO  o.a.m.s.f.DefaultMavenResourcesFiltering - Copying 0 resource from src\main\resources to target\classes
2025-01-17 17:43:51,644 [Worker-26: Building] INFO  o.a.m.s.f.DefaultMavenResourcesFiltering - skip non existing resourceDirectory C:\Users\surajendra\Work_Requests\Eclipse_Workspace\Spring\Test\07-Spring-DataJPA_CustomQueries\src\test\resources
2025-01-17 17:44:31,684 [Worker-23: Building] INFO  o.e.m.c.i.l.LifecycleMappingFactory - Using org.eclipse.m2e.jdt.JarLifecycleMapping lifecycle mapping for MavenProject: com.in.akshay:07-Spring-DataJPA_CustomQueries:0.0.1-SNAPSHOT @ C:\Users\surajendra\Work_Requests\Eclipse_Workspace\Spring\Test\07-Spring-DataJPA_CustomQueries\pom.xml.
2025-01-17 17:44:32,207 [Worker-23: Building] INFO  o.a.m.s.f.DefaultMavenResourcesFiltering - Copying 0 resource from src\main\resources to target\classes
2025-01-17 17:44:32,207 [Worker-23: Building] INFO  o.a.m.s.f.DefaultMavenResourcesFiltering - Copying 0 resource from src\main\resources to target\classes
2025-01-17 17:44:32,211 [Worker-23: Building] INFO  o.a.m.s.f.DefaultMavenResourcesFiltering - skip non existing resourceDirectory C:\Users\surajendra\Work_Requests\Eclipse_Workspace\Spring\Test\07-Spring-DataJPA_CustomQueries\src\test\resources
2025-01-17 17:44:33,375 [Worker-23: Building] INFO  o.a.m.s.f.DefaultMavenResourcesFiltering - Copying 1 resource from src\main\resources to target\classes
2025-01-17 17:44:33,384 [Worker-23: Building] INFO  o.a.m.s.f.DefaultMavenResourcesFiltering - Copying 0 resource from src\main\resources to target\classes
2025-01-17 17:44:33,387 [Worker-23: Building] INFO  o.a.m.s.f.DefaultMavenResourcesFiltering - skip non existing resourceDirectory C:\Users\surajendra\Work_Requests\Eclipse_Workspace\Spring\Test\07-Spring-DataJPA_CustomQueries\src\test\resources
2025-01-17 17:44:50,792 [Worker-26: Building] INFO  o.a.m.s.f.DefaultMavenResourcesFiltering - Copying 1 resource from src\main\resources to target\classes
2025-01-17 17:44:50,847 [Worker-26: Building] INFO  o.a.m.s.f.DefaultMavenResourcesFiltering - Copying 0 resource from src\main\resources to target\classes
2025-01-17 17:44:50,851 [Worker-26: Building] INFO  o.a.m.s.f.DefaultMavenResourcesFiltering - skip non existing resourceDirectory C:\Users\surajendra\Work_Requests\Eclipse_Workspace\Spring\Test\07-Spring-DataJPA_CustomQueries\src\test\resources
2025-01-17 17:47:25,173 [Worker-28: Building] INFO  o.a.m.s.f.DefaultMavenResourcesFiltering - Copying 1 resource from src\main\resources to target\classes
2025-01-17 17:47:25,216 [Worker-28: Building] INFO  o.a.m.s.f.DefaultMavenResourcesFiltering - Copying 0 resource from src\main\resources to target\classes
2025-01-17 17:47:25,219 [Worker-28: Building] INFO  o.a.m.s.f.DefaultMavenResourcesFiltering - skip non existing resourceDirectory C:\Users\surajendra\Work_Requests\Eclipse_Workspace\Spring\Test\07-Spring-DataJPA_CustomQueries\src\test\resources
2025-01-17 17:47:51,237 [Worker-27: Building Workspace] INFO  o.a.m.s.f.DefaultMavenResourcesFiltering - Copying 1 resource from src\main\resources to target\classes
2025-01-17 17:47:51,246 [Worker-27: Building Workspace] INFO  o.a.m.s.f.DefaultMavenResourcesFiltering - Copying 0 resource from src\main\resources to target\classes
2025-01-17 17:47:51,249 [Worker-27: Building Workspace] INFO  o.a.m.s.f.DefaultMavenResourcesFiltering - skip non existing resourceDirectory C:\Users\surajendra\Work_Requests\Eclipse_Workspace\Spring\Test\07-Spring-DataJPA_CustomQueries\src\test\resources
2025-01-17 17:52:02,494 [Worker-27: Building] INFO  o.a.m.s.f.DefaultMavenResourcesFiltering - Copying 1 resource from src\main\resources to target\classes
2025-01-17 17:52:02,502 [Worker-27: Building] INFO  o.a.m.s.f.DefaultMavenResourcesFiltering - Copying 0 resource from src\main\resources to target\classes
2025-01-17 17:52:02,504 [Worker-27: Building] INFO  o.a.m.s.f.DefaultMavenResourcesFiltering - skip non existing resourceDirectory C:\Users\surajendra\Work_Requests\Eclipse_Workspace\Spring\Test\07-Spring-DataJPA_CustomQueries\src\test\resources
2025-01-17 17:53:16,390 [Worker-25: Building] INFO  o.a.m.s.f.DefaultMavenResourcesFiltering - Copying 1 resource from src\main\resources to target\classes
2025-01-17 17:53:16,402 [Worker-25: Building] INFO  o.a.m.s.f.DefaultMavenResourcesFiltering - Copying 0 resource from src\main\resources to target\classes
2025-01-17 17:53:16,405 [Worker-25: Building] INFO  o.a.m.s.f.DefaultMavenResourcesFiltering - skip non existing resourceDirectory C:\Users\surajendra\Work_Requests\Eclipse_Workspace\Spring\Test\07-Spring-DataJPA_CustomQueries\src\test\resources
2025-01-17 17:53:54,286 [Worker-29: Building] INFO  o.a.m.s.f.DefaultMavenResourcesFiltering - Copying 1 resource from src\main\resources to target\classes
2025-01-17 17:53:54,291 [Worker-29: Building] INFO  o.a.m.s.f.DefaultMavenResourcesFiltering - Copying 0 resource from src\main\resources to target\classes
2025-01-17 17:53:54,294 [Worker-29: Building] INFO  o.a.m.s.f.DefaultMavenResourcesFiltering - skip non existing resourceDirectory C:\Users\surajendra\Work_Requests\Eclipse_Workspace\Spring\Test\07-Spring-DataJPA_CustomQueries\src\test\resources
2025-01-17 17:56:59,623 [Worker-31: Building] INFO  o.a.m.s.f.DefaultMavenResourcesFiltering - Copying 1 resource from src\main\resources to target\classes
2025-01-17 17:56:59,631 [Worker-31: Building] INFO  o.a.m.s.f.DefaultMavenResourcesFiltering - Copying 0 resource from src\main\resources to target\classes
2025-01-17 17:56:59,633 [Worker-31: Building] INFO  o.a.m.s.f.DefaultMavenResourcesFiltering - skip non existing resourceDirectory C:\Users\surajendra\Work_Requests\Eclipse_Workspace\Spring\Test\07-Spring-DataJPA_CustomQueries\src\test\resources
2025-01-17 17:57:16,280 [Worker-34: Building] INFO  o.a.m.s.f.DefaultMavenResourcesFiltering - Copying 1 resource from src\main\resources to target\classes
2025-01-17 17:57:16,285 [Worker-34: Building] INFO  o.a.m.s.f.DefaultMavenResourcesFiltering - Copying 0 resource from src\main\resources to target\classes
2025-01-17 17:57:16,290 [Worker-34: Building] INFO  o.a.m.s.f.DefaultMavenResourcesFiltering - skip non existing resourceDirectory C:\Users\surajendra\Work_Requests\Eclipse_Workspace\Spring\Test\07-Spring-DataJPA_CustomQueries\src\test\resources
2025-01-17 17:57:46,711 [Worker-32: Building] INFO  o.a.m.s.f.DefaultMavenResourcesFiltering - Copying 1 resource from src\main\resources to target\classes
2025-01-17 17:57:46,718 [Worker-32: Building] INFO  o.a.m.s.f.DefaultMavenResourcesFiltering - Copying 0 resource from src\main\resources to target\classes
2025-01-17 17:57:46,721 [Worker-32: Building] INFO  o.a.m.s.f.DefaultMavenResourcesFiltering - skip non existing resourceDirectory C:\Users\surajendra\Work_Requests\Eclipse_Workspace\Spring\Test\07-Spring-DataJPA_CustomQueries\src\test\resources
2025-01-17 17:58:53,518 [Worker-27: Building] INFO  o.a.m.s.f.DefaultMavenResourcesFiltering - Copying 1 resource from src\main\resources to target\classes
2025-01-17 17:58:53,527 [Worker-27: Building] INFO  o.a.m.s.f.DefaultMavenResourcesFiltering - Copying 0 resource from src\main\resources to target\classes
2025-01-17 17:58:53,530 [Worker-27: Building] INFO  o.a.m.s.f.DefaultMavenResourcesFiltering - skip non existing resourceDirectory C:\Users\surajendra\Work_Requests\Eclipse_Workspace\Spring\Test\07-Spring-DataJPA_CustomQueries\src\test\resources
2025-01-17 17:59:32,070 [Worker-35: Building] INFO  o.a.m.s.f.DefaultMavenResourcesFiltering - Copying 1 resource from src\main\resources to target\classes
2025-01-17 17:59:32,084 [Worker-35: Building] INFO  o.a.m.s.f.DefaultMavenResourcesFiltering - Copying 0 resource from src\main\resources to target\classes
2025-01-17 17:59:32,087 [Worker-35: Building] INFO  o.a.m.s.f.DefaultMavenResourcesFiltering - skip non existing resourceDirectory C:\Users\surajendra\Work_Requests\Eclipse_Workspace\Spring\Test\07-Spring-DataJPA_CustomQueries\src\test\resources
2025-01-17 18:02:42,313 [Worker-36: Building] INFO  o.a.m.s.f.DefaultMavenResourcesFiltering - Copying 1 resource from src\main\resources to target\classes
2025-01-17 18:02:42,322 [Worker-36: Building] INFO  o.a.m.s.f.DefaultMavenResourcesFiltering - Copying 0 resource from src\main\resources to target\classes
2025-01-17 18:02:42,325 [Worker-36: Building] INFO  o.a.m.s.f.DefaultMavenResourcesFiltering - skip non existing resourceDirectory C:\Users\surajendra\Work_Requests\Eclipse_Workspace\Spring\Test\07-Spring-DataJPA_CustomQueries\src\test\resources
2025-01-17 18:03:16,808 [Worker-28: Updating Maven Project] INFO  o.e.m.c.i.p.ProjectConfigurationManager - Update started
2025-01-17 18:03:17,190 [Worker-28: Updating Maven Project] INFO  o.e.m.c.i.l.LifecycleMappingFactory - Using org.eclipse.m2e.jdt.JarLifecycleMapping lifecycle mapping for MavenProject: com.in.akshay:07-Spring-DataJPA_CustomQueries:0.0.1-SNAPSHOT @ C:\Users\surajendra\Work_Requests\Eclipse_Workspace\Spring\Test\07-Spring-DataJPA_CustomQueries\pom.xml.
2025-01-17 18:03:17,834 [Worker-28: Updating Maven Project] INFO  o.e.m.j.i.AbstractJavaProjectConfigurator - Adding source folder /07-Spring-DataJPA_CustomQueries/src/main/java
2025-01-17 18:03:17,834 [Worker-28: Updating Maven Project] INFO  o.e.m.j.i.AbstractJavaProjectConfigurator - Adding resource folder /07-Spring-DataJPA_CustomQueries/src/main/resources
2025-01-17 18:03:17,835 [Worker-28: Updating Maven Project] INFO  o.e.m.j.i.AbstractJavaProjectConfigurator - Adding resource folder /07-Spring-DataJPA_CustomQueries/src/main/resources
2025-01-17 18:03:17,835 [Worker-28: Updating Maven Project] INFO  o.e.m.j.i.AbstractJavaProjectConfigurator - Adding source folder /07-Spring-DataJPA_CustomQueries/src/test/java
2025-01-17 18:03:17,836 [Worker-28: Updating Maven Project] INFO  o.e.m.j.i.AbstractJavaProjectConfigurator - Adding resource folder /07-Spring-DataJPA_CustomQueries/src/test/resources
2025-01-17 18:03:18,105 [Worker-28: Updating Maven Project] INFO  o.e.m.c.i.p.ProjectConfigurationManager - Update completed for 1 poms: local refresh takes 0.00 sec, refresh facades takes 0.00 sec, update config takes 0.00 sec 
2025-01-17 18:03:18,410 [Worker-37: Building] INFO  o.a.m.s.f.DefaultMavenResourcesFiltering - Copying 1 resource from src\main\resources to target\classes
2025-01-17 18:03:18,424 [Worker-37: Building] INFO  o.a.m.s.f.DefaultMavenResourcesFiltering - Copying 0 resource from src\main\resources to target\classes
2025-01-17 18:03:18,428 [Worker-37: Building] INFO  o.a.m.s.f.DefaultMavenResourcesFiltering - skip non existing resourceDirectory C:\Users\surajendra\Work_Requests\Eclipse_Workspace\Spring\Test\07-Spring-DataJPA_CustomQueries\src\test\resources
2025-01-17 18:03:53,793 [Worker-37: Building] INFO  o.a.m.s.f.DefaultMavenResourcesFiltering - Copying 1 resource from src\main\resources to target\classes
2025-01-17 18:03:53,798 [Worker-37: Building] INFO  o.a.m.s.f.DefaultMavenResourcesFiltering - Copying 0 resource from src\main\resources to target\classes
2025-01-17 18:03:53,801 [Worker-37: Building] INFO  o.a.m.s.f.DefaultMavenResourcesFiltering - skip non existing resourceDirectory C:\Users\surajendra\Work_Requests\Eclipse_Workspace\Spring\Test\07-Spring-DataJPA_CustomQueries\src\test\resources
2025-01-17 18:04:32,408 [Worker-38: Building] INFO  o.a.m.s.f.DefaultMavenResourcesFiltering - Copying 1 resource from src\main\resources to target\classes
2025-01-17 18:04:32,418 [Worker-38: Building] INFO  o.a.m.s.f.DefaultMavenResourcesFiltering - Copying 0 resource from src\main\resources to target\classes
2025-01-17 18:04:32,420 [Worker-38: Building] INFO  o.a.m.s.f.DefaultMavenResourcesFiltering - skip non existing resourceDirectory C:\Users\surajendra\Work_Requests\Eclipse_Workspace\Spring\Test\07-Spring-DataJPA_CustomQueries\src\test\resources
2025-01-17 20:34:49,682 [Worker-37: Building] INFO  o.a.m.s.f.DefaultMavenResourcesFiltering - Copying 1 resource from src\main\resources to target\classes
2025-01-17 20:34:49,705 [Worker-37: Building] INFO  o.a.m.s.f.DefaultMavenResourcesFiltering - Copying 0 resource from src\main\resources to target\classes
2025-01-17 20:34:49,708 [Worker-37: Building] INFO  o.a.m.s.f.DefaultMavenResourcesFiltering - skip non existing resourceDirectory C:\Users\surajendra\Work_Requests\Eclipse_Workspace\Spring\Test\07-Spring-DataJPA_CustomQueries\src\test\resources
2025-01-17 20:35:52,519 [Worker-37: Building] INFO  o.a.m.s.f.DefaultMavenResourcesFiltering - Copying 1 resource from src\main\resources to target\classes
2025-01-17 20:35:52,548 [Worker-37: Building] INFO  o.a.m.s.f.DefaultMavenResourcesFiltering - Copying 0 resource from src\main\resources to target\classes
2025-01-17 20:35:52,550 [Worker-37: Building] INFO  o.a.m.s.f.DefaultMavenResourcesFiltering - skip non existing resourceDirectory C:\Users\surajendra\Work_Requests\Eclipse_Workspace\Spring\Test\07-Spring-DataJPA_CustomQueries\src\test\resources
2025-01-17 20:39:06,251 [Worker-45: Building] INFO  o.a.m.s.f.DefaultMavenResourcesFiltering - Copying 1 resource from src\main\resources to target\classes
2025-01-17 20:39:06,260 [Worker-45: Building] INFO  o.a.m.s.f.DefaultMavenResourcesFiltering - Copying 0 resource from src\main\resources to target\classes
2025-01-17 20:39:06,263 [Worker-45: Building] INFO  o.a.m.s.f.DefaultMavenResourcesFiltering - skip non existing resourceDirectory C:\Users\surajendra\Work_Requests\Eclipse_Workspace\Spring\Test\07-Spring-DataJPA_CustomQueries\src\test\resources
2025-01-17 20:40:34,812 [Worker-44: Building] INFO  o.a.m.s.f.DefaultMavenResourcesFiltering - Copying 1 resource from src\main\resources to target\classes
2025-01-17 20:40:34,818 [Worker-44: Building] INFO  o.a.m.s.f.DefaultMavenResourcesFiltering - Copying 0 resource from src\main\resources to target\classes
2025-01-17 20:40:34,820 [Worker-44: Building] INFO  o.a.m.s.f.DefaultMavenResourcesFiltering - skip non existing resourceDirectory C:\Users\surajendra\Work_Requests\Eclipse_Workspace\Spring\Test\07-Spring-DataJPA_CustomQueries\src\test\resources
2025-01-17 20:43:04,991 [Worker-49: Building] INFO  o.a.m.s.f.DefaultMavenResourcesFiltering - Copying 1 resource from src\main\resources to target\classes
2025-01-17 20:43:04,999 [Worker-49: Building] INFO  o.a.m.s.f.DefaultMavenResourcesFiltering - Copying 0 resource from src\main\resources to target\classes
2025-01-17 20:43:05,003 [Worker-49: Building] INFO  o.a.m.s.f.DefaultMavenResourcesFiltering - skip non existing resourceDirectory C:\Users\surajendra\Work_Requests\Eclipse_Workspace\Spring\Test\07-Spring-DataJPA_CustomQueries\src\test\resources
2025-01-17 20:44:25,660 [Worker-49: Building] INFO  o.a.m.s.f.DefaultMavenResourcesFiltering - Copying 1 resource from src\main\resources to target\classes
2025-01-17 20:44:25,664 [Worker-49: Building] INFO  o.a.m.s.f.DefaultMavenResourcesFiltering - Copying 0 resource from src\main\resources to target\classes
2025-01-17 20:44:25,666 [Worker-49: Building] INFO  o.a.m.s.f.DefaultMavenResourcesFiltering - skip non existing resourceDirectory C:\Users\surajendra\Work_Requests\Eclipse_Workspace\Spring\Test\07-Spring-DataJPA_CustomQueries\src\test\resources
2025-01-17 20:45:07,353 [Worker-49: Building] INFO  o.a.m.s.f.DefaultMavenResourcesFiltering - Copying 1 resource from src\main\resources to target\classes
2025-01-17 20:45:07,357 [Worker-49: Building] INFO  o.a.m.s.f.DefaultMavenResourcesFiltering - Copying 0 resource from src\main\resources to target\classes
2025-01-17 20:45:07,358 [Worker-49: Building] INFO  o.a.m.s.f.DefaultMavenResourcesFiltering - skip non existing resourceDirectory C:\Users\surajendra\Work_Requests\Eclipse_Workspace\Spring\Test\07-Spring-DataJPA_CustomQueries\src\test\resources
2025-01-17 20:49:43,337 [Worker-54: Building] INFO  o.a.m.s.f.DefaultMavenResourcesFiltering - Copying 1 resource from src\main\resources to target\classes
2025-01-17 20:49:43,343 [Worker-54: Building] INFO  o.a.m.s.f.DefaultMavenResourcesFiltering - Copying 0 resource from src\main\resources to target\classes
2025-01-17 20:49:43,345 [Worker-54: Building] INFO  o.a.m.s.f.DefaultMavenResourcesFiltering - skip non existing resourceDirectory C:\Users\surajendra\Work_Requests\Eclipse_Workspace\Spring\Test\07-Spring-DataJPA_CustomQueries\src\test\resources
2025-01-17 21:08:52,352 [Worker-57: Building] INFO  o.a.m.s.f.DefaultMavenResourcesFiltering - Copying 1 resource from src\main\resources to target\classes
2025-01-17 21:08:52,368 [Worker-57: Building] INFO  o.a.m.s.f.DefaultMavenResourcesFiltering - Copying 0 resource from src\main\resources to target\classes
2025-01-17 21:08:52,372 [Worker-57: Building] INFO  o.a.m.s.f.DefaultMavenResourcesFiltering - skip non existing resourceDirectory C:\Users\surajendra\Work_Requests\Eclipse_Workspace\Spring\Test\07-Spring-DataJPA_CustomQueries\src\test\resources
2025-01-17 21:09:49,876 [Worker-59: Building] INFO  o.a.m.s.f.DefaultMavenResourcesFiltering - Copying 1 resource from src\main\resources to target\classes
2025-01-17 21:09:49,880 [Worker-59: Building] INFO  o.a.m.s.f.DefaultMavenResourcesFiltering - Copying 0 resource from src\main\resources to target\classes
2025-01-17 21:09:49,882 [Worker-59: Building] INFO  o.a.m.s.f.DefaultMavenResourcesFiltering - skip non existing resourceDirectory C:\Users\surajendra\Work_Requests\Eclipse_Workspace\Spring\Test\07-Spring-DataJPA_CustomQueries\src\test\resources
2025-01-17 21:10:08,824 [Worker-59: Building] INFO  o.a.m.s.f.DefaultMavenResourcesFiltering - Copying 1 resource from src\main\resources to target\classes
2025-01-17 21:10:08,828 [Worker-59: Building] INFO  o.a.m.s.f.DefaultMavenResourcesFiltering - Copying 0 resource from src\main\resources to target\classes
2025-01-17 21:10:08,830 [Worker-59: Building] INFO  o.a.m.s.f.DefaultMavenResourcesFiltering - skip non existing resourceDirectory C:\Users\surajendra\Work_Requests\Eclipse_Workspace\Spring\Test\07-Spring-DataJPA_CustomQueries\src\test\resources
2025-01-17 21:11:05,779 [Worker-60: Building] INFO  o.a.m.s.f.DefaultMavenResourcesFiltering - Copying 1 resource from src\main\resources to target\classes
2025-01-17 21:11:05,786 [Worker-60: Building] INFO  o.a.m.s.f.DefaultMavenResourcesFiltering - Copying 0 resource from src\main\resources to target\classes
2025-01-17 21:11:05,788 [Worker-60: Building] INFO  o.a.m.s.f.DefaultMavenResourcesFiltering - skip non existing resourceDirectory C:\Users\surajendra\Work_Requests\Eclipse_Workspace\Spring\Test\07-Spring-DataJPA_CustomQueries\src\test\resources
2025-01-17 21:12:54,179 [Worker-61: Building] INFO  o.a.m.s.f.DefaultMavenResourcesFiltering - Copying 1 resource from src\main\resources to target\classes
2025-01-17 21:12:54,184 [Worker-61: Building] INFO  o.a.m.s.f.DefaultMavenResourcesFiltering - Copying 0 resource from src\main\resources to target\classes
2025-01-17 21:12:54,186 [Worker-61: Building] INFO  o.a.m.s.f.DefaultMavenResourcesFiltering - skip non existing resourceDirectory C:\Users\surajendra\Work_Requests\Eclipse_Workspace\Spring\Test\07-Spring-DataJPA_CustomQueries\src\test\resources
2025-01-17 21:14:43,571 [Worker-59: Building] INFO  o.a.m.s.f.DefaultMavenResourcesFiltering - Copying 1 resource from src\main\resources to target\classes
2025-01-17 21:14:43,577 [Worker-59: Building] INFO  o.a.m.s.f.DefaultMavenResourcesFiltering - Copying 0 resource from src\main\resources to target\classes
2025-01-17 21:14:43,579 [Worker-59: Building] INFO  o.a.m.s.f.DefaultMavenResourcesFiltering - skip non existing resourceDirectory C:\Users\surajendra\Work_Requests\Eclipse_Workspace\Spring\Test\07-Spring-DataJPA_CustomQueries\src\test\resources
2025-01-17 21:15:39,687 [Worker-58: Building] INFO  o.a.m.s.f.DefaultMavenResourcesFiltering - Copying 1 resource from src\main\resources to target\classes
2025-01-17 21:15:39,690 [Worker-58: Building] INFO  o.a.m.s.f.DefaultMavenResourcesFiltering - Copying 0 resource from src\main\resources to target\classes
2025-01-17 21:15:39,693 [Worker-58: Building] INFO  o.a.m.s.f.DefaultMavenResourcesFiltering - skip non existing resourceDirectory C:\Users\surajendra\Work_Requests\Eclipse_Workspace\Spring\Test\07-Spring-DataJPA_CustomQueries\src\test\resources
2025-01-17 21:20:22,951 [Worker-65: Building] INFO  o.a.m.s.f.DefaultMavenResourcesFiltering - Copying 1 resource from src\main\resources to target\classes
2025-01-17 21:20:22,957 [Worker-65: Building] INFO  o.a.m.s.f.DefaultMavenResourcesFiltering - Copying 0 resource from src\main\resources to target\classes
2025-01-17 21:20:22,959 [Worker-65: Building] INFO  o.a.m.s.f.DefaultMavenResourcesFiltering - skip non existing resourceDirectory C:\Users\surajendra\Work_Requests\Eclipse_Workspace\Spring\Test\07-Spring-DataJPA_CustomQueries\src\test\resources
2025-01-17 21:21:01,839 [Worker-62: Building] INFO  o.a.m.s.f.DefaultMavenResourcesFiltering - Copying 1 resource from src\main\resources to target\classes
2025-01-17 21:21:01,845 [Worker-62: Building] INFO  o.a.m.s.f.DefaultMavenResourcesFiltering - Copying 0 resource from src\main\resources to target\classes
2025-01-17 21:21:01,847 [Worker-62: Building] INFO  o.a.m.s.f.DefaultMavenResourcesFiltering - skip non existing resourceDirectory C:\Users\surajendra\Work_Requests\Eclipse_Workspace\Spring\Test\07-Spring-DataJPA_CustomQueries\src\test\resources
2025-01-17 21:21:27,978 [Worker-65: Building] INFO  o.a.m.s.f.DefaultMavenResourcesFiltering - Copying 1 resource from src\main\resources to target\classes
2025-01-17 21:21:27,981 [Worker-65: Building] INFO  o.a.m.s.f.DefaultMavenResourcesFiltering - Copying 0 resource from src\main\resources to target\classes
2025-01-17 21:21:27,983 [Worker-65: Building] INFO  o.a.m.s.f.DefaultMavenResourcesFiltering - skip non existing resourceDirectory C:\Users\surajendra\Work_Requests\Eclipse_Workspace\Spring\Test\07-Spring-DataJPA_CustomQueries\src\test\resources
2025-01-17 21:21:45,540 [Worker-66: Building] INFO  o.a.m.s.f.DefaultMavenResourcesFiltering - Copying 1 resource from src\main\resources to target\classes
2025-01-17 21:21:45,544 [Worker-66: Building] INFO  o.a.m.s.f.DefaultMavenResourcesFiltering - Copying 0 resource from src\main\resources to target\classes
2025-01-17 21:21:45,545 [Worker-66: Building] INFO  o.a.m.s.f.DefaultMavenResourcesFiltering - skip non existing resourceDirectory C:\Users\surajendra\Work_Requests\Eclipse_Workspace\Spring\Test\07-Spring-DataJPA_CustomQueries\src\test\resources
2025-01-18 14:17:33,736 [Worker-113: Building] INFO  o.a.m.s.f.DefaultMavenResourcesFiltering - Copying 1 resource from src\main\resources to target\classes
2025-01-18 14:17:33,780 [Worker-113: Building] INFO  o.a.m.s.f.DefaultMavenResourcesFiltering - Copying 0 resource from src\main\resources to target\classes
2025-01-18 14:17:33,785 [Worker-113: Building] INFO  o.a.m.s.f.DefaultMavenResourcesFiltering - skip non existing resourceDirectory C:\Users\surajendra\Work_Requests\Eclipse_Workspace\Spring\Test\07-Spring-DataJPA_CustomQueries\src\test\resources
2025-01-18 14:17:59,087 [Worker-118: Building] INFO  o.a.m.s.f.DefaultMavenResourcesFiltering - Copying 1 resource from src\main\resources to target\classes
2025-01-18 14:17:59,142 [Worker-118: Building] INFO  o.a.m.s.f.DefaultMavenResourcesFiltering - Copying 0 resource from src\main\resources to target\classes
2025-01-18 14:17:59,148 [Worker-118: Building] INFO  o.a.m.s.f.DefaultMavenResourcesFiltering - skip non existing resourceDirectory C:\Users\surajendra\Work_Requests\Eclipse_Workspace\Spring\Test\07-Spring-DataJPA_CustomQueries\src\test\resources
2025-01-18 14:19:44,887 [Worker-113: Import Getting Started Content] INFO  o.e.m.c.i.l.LifecycleMappingFactory - Using org.eclipse.m2e.jdt.JarLifecycleMapping lifecycle mapping for MavenProject: com.in.akshay:08-Spring-DataJPA_JpaRepository:0.0.1-SNAPSHOT @ C:\Users\surajendra\Work_Requests\Eclipse_Workspace\Spring\Test\08-Spring-DataJPA_JpaRepository\pom.xml.
2025-01-18 14:19:45,626 [Worker-113: Import Getting Started Content] INFO  o.e.m.j.i.AbstractJavaProjectConfigurator - Adding source folder /08-Spring-DataJPA_JpaRepository/src/main/java
2025-01-18 14:19:45,627 [Worker-113: Import Getting Started Content] INFO  o.e.m.j.i.AbstractJavaProjectConfigurator - Adding resource folder /08-Spring-DataJPA_JpaRepository/src/main/resources
2025-01-18 14:19:45,631 [Worker-113: Import Getting Started Content] INFO  o.e.m.j.i.AbstractJavaProjectConfigurator - Adding resource folder /08-Spring-DataJPA_JpaRepository/src/main/resources
2025-01-18 14:19:45,636 [Worker-113: Import Getting Started Content] INFO  o.e.m.j.i.AbstractJavaProjectConfigurator - Adding source folder /08-Spring-DataJPA_JpaRepository/src/test/java
2025-01-18 14:19:45,638 [Worker-113: Import Getting Started Content] INFO  o.e.m.j.i.AbstractJavaProjectConfigurator - Adding resource folder /08-Spring-DataJPA_JpaRepository/src/test/resources
2025-01-18 14:19:46,131 [Worker-113: Import Getting Started Content] INFO  o.e.m.c.i.p.ProjectConfigurationManager - Imported and configured 1 project(s) in 1 sec
2025-01-18 14:19:46,133 [Worker-113: Import Getting Started Content] INFO  o.e.m.c.i.p.ProjectConfigurationManager - Update started
2025-01-18 14:19:46,858 [Worker-113: Import Getting Started Content] INFO  o.e.m.c.i.l.LifecycleMappingFactory - Using org.eclipse.m2e.jdt.JarLifecycleMapping lifecycle mapping for MavenProject: com.in.akshay:08-Spring-DataJPA_JpaRepository:0.0.1-SNAPSHOT @ C:\Users\surajendra\Work_Requests\Eclipse_Workspace\Spring\Test\08-Spring-DataJPA_JpaRepository\pom.xml.
2025-01-18 14:19:47,322 [Worker-113: Import Getting Started Content] INFO  o.e.m.j.i.AbstractJavaProjectConfigurator - Adding source folder /08-Spring-DataJPA_JpaRepository/src/main/java
2025-01-18 14:19:47,323 [Worker-113: Import Getting Started Content] INFO  o.e.m.j.i.AbstractJavaProjectConfigurator - Adding resource folder /08-Spring-DataJPA_JpaRepository/src/main/resources
2025-01-18 14:19:47,323 [Worker-113: Import Getting Started Content] INFO  o.e.m.j.i.AbstractJavaProjectConfigurator - Adding resource folder /08-Spring-DataJPA_JpaRepository/src/main/resources
2025-01-18 14:19:47,324 [Worker-113: Import Getting Started Content] INFO  o.e.m.j.i.AbstractJavaProjectConfigurator - Adding source folder /08-Spring-DataJPA_JpaRepository/src/test/java
2025-01-18 14:19:47,324 [Worker-113: Import Getting Started Content] INFO  o.e.m.j.i.AbstractJavaProjectConfigurator - Adding resource folder /08-Spring-DataJPA_JpaRepository/src/test/resources
2025-01-18 14:19:47,540 [Worker-113: Import Getting Started Content] INFO  o.e.m.c.i.p.ProjectConfigurationManager - Update completed for 1 poms: local refresh takes 0.00 sec, refresh facades takes 1.00 sec, update config takes 0.00 sec 
2025-01-18 14:19:47,875 [Worker-119: Building] INFO  o.a.m.s.f.DefaultMavenResourcesFiltering - Copying 1 resource from src\main\resources to target\classes
2025-01-18 14:19:47,889 [Worker-119: Building] INFO  o.a.m.s.f.DefaultMavenResourcesFiltering - Copying 0 resource from src\main\resources to target\classes
2025-01-18 14:19:47,893 [Worker-119: Building] INFO  o.a.m.s.f.DefaultMavenResourcesFiltering - skip non existing resourceDirectory C:\Users\surajendra\Work_Requests\Eclipse_Workspace\Spring\Test\08-Spring-DataJPA_JpaRepository\src\test\resources
2025-01-18 14:21:05,431 [Worker-115: Building] INFO  o.a.m.s.f.DefaultMavenResourcesFiltering - Copying 1 resource from src\main\resources to target\classes
2025-01-18 14:21:05,440 [Worker-115: Building] INFO  o.a.m.s.f.DefaultMavenResourcesFiltering - Copying 0 resource from src\main\resources to target\classes
2025-01-18 14:21:05,443 [Worker-115: Building] INFO  o.a.m.s.f.DefaultMavenResourcesFiltering - skip non existing resourceDirectory C:\Users\surajendra\Work_Requests\Eclipse_Workspace\Spring\Test\08-Spring-DataJPA_JpaRepository\src\test\resources
2025-01-18 14:21:44,959 [Worker-119: Building] INFO  o.e.m.c.i.l.LifecycleMappingFactory - Using org.eclipse.m2e.jdt.JarLifecycleMapping lifecycle mapping for MavenProject: com.in.akshay:08-Spring-DataJPA_JpaRepository:0.0.1-SNAPSHOT @ C:\Users\surajendra\Work_Requests\Eclipse_Workspace\Spring\Test\08-Spring-DataJPA_JpaRepository\pom.xml.
2025-01-18 14:21:45,641 [Worker-119: Building] INFO  o.a.m.s.f.DefaultMavenResourcesFiltering - Copying 0 resource from src\main\resources to target\classes
2025-01-18 14:21:45,642 [Worker-119: Building] INFO  o.a.m.s.f.DefaultMavenResourcesFiltering - Copying 0 resource from src\main\resources to target\classes
2025-01-18 14:21:45,645 [Worker-119: Building] INFO  o.a.m.s.f.DefaultMavenResourcesFiltering - skip non existing resourceDirectory C:\Users\surajendra\Work_Requests\Eclipse_Workspace\Spring\Test\08-Spring-DataJPA_JpaRepository\src\test\resources
2025-01-18 14:21:46,805 [Worker-115: Building] INFO  o.a.m.s.f.DefaultMavenResourcesFiltering - Copying 1 resource from src\main\resources to target\classes
2025-01-18 14:21:46,818 [Worker-115: Building] INFO  o.a.m.s.f.DefaultMavenResourcesFiltering - Copying 0 resource from src\main\resources to target\classes
2025-01-18 14:21:46,820 [Worker-115: Building] INFO  o.a.m.s.f.DefaultMavenResourcesFiltering - skip non existing resourceDirectory C:\Users\surajendra\Work_Requests\Eclipse_Workspace\Spring\Test\08-Spring-DataJPA_JpaRepository\src\test\resources
2025-01-18 14:22:13,214 [Worker-113: Building] INFO  o.a.m.s.f.DefaultMavenResourcesFiltering - Copying 1 resource from src\main\resources to target\classes
2025-01-18 14:22:13,247 [Worker-113: Building] INFO  o.a.m.s.f.DefaultMavenResourcesFiltering - Copying 0 resource from src\main\resources to target\classes
2025-01-18 14:22:13,251 [Worker-113: Building] INFO  o.a.m.s.f.DefaultMavenResourcesFiltering - skip non existing resourceDirectory C:\Users\surajendra\Work_Requests\Eclipse_Workspace\Spring\Test\08-Spring-DataJPA_JpaRepository\src\test\resources
2025-01-18 14:22:44,240 [Worker-115: Building] INFO  o.a.m.s.f.DefaultMavenResourcesFiltering - Copying 1 resource from src\main\resources to target\classes
2025-01-18 14:22:44,246 [Worker-115: Building] INFO  o.a.m.s.f.DefaultMavenResourcesFiltering - Copying 0 resource from src\main\resources to target\classes
2025-01-18 14:22:44,251 [Worker-115: Building] INFO  o.a.m.s.f.DefaultMavenResourcesFiltering - skip non existing resourceDirectory C:\Users\surajendra\Work_Requests\Eclipse_Workspace\Spring\Test\08-Spring-DataJPA_JpaRepository\src\test\resources
2025-01-18 14:23:33,311 [Worker-119: Building] INFO  o.a.m.s.f.DefaultMavenResourcesFiltering - Copying 1 resource from src\main\resources to target\classes
2025-01-18 14:23:33,317 [Worker-119: Building] INFO  o.a.m.s.f.DefaultMavenResourcesFiltering - Copying 0 resource from src\main\resources to target\classes
2025-01-18 14:23:33,318 [Worker-119: Building] INFO  o.a.m.s.f.DefaultMavenResourcesFiltering - skip non existing resourceDirectory C:\Users\surajendra\Work_Requests\Eclipse_Workspace\Spring\Test\08-Spring-DataJPA_JpaRepository\src\test\resources
2025-01-18 14:25:16,418 [Worker-113: Building] INFO  o.a.m.s.f.DefaultMavenResourcesFiltering - Copying 1 resource from src\main\resources to target\classes
2025-01-18 14:25:16,439 [Worker-113: Building] INFO  o.a.m.s.f.DefaultMavenResourcesFiltering - Copying 0 resource from src\main\resources to target\classes
2025-01-18 14:25:16,443 [Worker-113: Building] INFO  o.a.m.s.f.DefaultMavenResourcesFiltering - skip non existing resourceDirectory C:\Users\surajendra\Work_Requests\Eclipse_Workspace\Spring\Test\08-Spring-DataJPA_JpaRepository\src\test\resources
2025-01-18 14:33:55,453 [Worker-118: Building] INFO  o.a.m.s.f.DefaultMavenResourcesFiltering - Copying 1 resource from src\main\resources to target\classes
2025-01-18 14:33:55,485 [Worker-118: Building] INFO  o.a.m.s.f.DefaultMavenResourcesFiltering - Copying 0 resource from src\main\resources to target\classes
2025-01-18 14:33:55,487 [Worker-118: Building] INFO  o.a.m.s.f.DefaultMavenResourcesFiltering - skip non existing resourceDirectory C:\Users\surajendra\Work_Requests\Eclipse_Workspace\Spring\Test\08-Spring-DataJPA_JpaRepository\src\test\resources
2025-01-18 14:46:51,079 [Worker-120: Building] INFO  o.a.m.s.f.DefaultMavenResourcesFiltering - Copying 1 resource from src\main\resources to target\classes
2025-01-18 14:46:51,088 [Worker-120: Building] INFO  o.a.m.s.f.DefaultMavenResourcesFiltering - Copying 0 resource from src\main\resources to target\classes
2025-01-18 14:46:51,091 [Worker-120: Building] INFO  o.a.m.s.f.DefaultMavenResourcesFiltering - skip non existing resourceDirectory C:\Users\surajendra\Work_Requests\Eclipse_Workspace\Spring\Test\08-Spring-DataJPA_JpaRepository\src\test\resources
2025-01-18 14:48:22,273 [Worker-120: Building] INFO  o.a.m.s.f.DefaultMavenResourcesFiltering - Copying 1 resource from src\main\resources to target\classes
2025-01-18 14:48:22,279 [Worker-120: Building] INFO  o.a.m.s.f.DefaultMavenResourcesFiltering - Copying 0 resource from src\main\resources to target\classes
2025-01-18 14:48:22,281 [Worker-120: Building] INFO  o.a.m.s.f.DefaultMavenResourcesFiltering - skip non existing resourceDirectory C:\Users\surajendra\Work_Requests\Eclipse_Workspace\Spring\Test\08-Spring-DataJPA_JpaRepository\src\test\resources
2025-01-18 14:48:37,380 [Worker-128: Building] INFO  o.a.m.s.f.DefaultMavenResourcesFiltering - Copying 1 resource from src\main\resources to target\classes
2025-01-18 14:48:37,386 [Worker-128: Building] INFO  o.a.m.s.f.DefaultMavenResourcesFiltering - Copying 0 resource from src\main\resources to target\classes
2025-01-18 14:48:37,394 [Worker-128: Building] INFO  o.a.m.s.f.DefaultMavenResourcesFiltering - skip non existing resourceDirectory C:\Users\surajendra\Work_Requests\Eclipse_Workspace\Spring\Test\08-Spring-DataJPA_JpaRepository\src\test\resources
2025-01-18 14:49:34,540 [Worker-127: Building] INFO  o.a.m.s.f.DefaultMavenResourcesFiltering - Copying 1 resource from src\main\resources to target\classes
2025-01-18 14:49:34,547 [Worker-127: Building] INFO  o.a.m.s.f.DefaultMavenResourcesFiltering - Copying 0 resource from src\main\resources to target\classes
2025-01-18 14:49:34,549 [Worker-127: Building] INFO  o.a.m.s.f.DefaultMavenResourcesFiltering - skip non existing resourceDirectory C:\Users\surajendra\Work_Requests\Eclipse_Workspace\Spring\Test\08-Spring-DataJPA_JpaRepository\src\test\resources
2025-01-18 15:02:20,789 [Worker-131: Building] INFO  o.a.m.s.f.DefaultMavenResourcesFiltering - Copying 1 resource from src\main\resources to target\classes
2025-01-18 15:02:20,803 [Worker-131: Building] INFO  o.a.m.s.f.DefaultMavenResourcesFiltering - Copying 0 resource from src\main\resources to target\classes
2025-01-18 15:02:20,808 [Worker-131: Building] INFO  o.a.m.s.f.DefaultMavenResourcesFiltering - skip non existing resourceDirectory C:\Users\surajendra\Work_Requests\Eclipse_Workspace\Spring\Test\08-Spring-DataJPA_JpaRepository\src\test\resources
2025-01-18 15:05:42,481 [Worker-136: Building] INFO  o.a.m.s.f.DefaultMavenResourcesFiltering - Copying 1 resource from src\main\resources to target\classes
2025-01-18 15:05:42,488 [Worker-136: Building] INFO  o.a.m.s.f.DefaultMavenResourcesFiltering - Copying 0 resource from src\main\resources to target\classes
2025-01-18 15:05:42,492 [Worker-136: Building] INFO  o.a.m.s.f.DefaultMavenResourcesFiltering - skip non existing resourceDirectory C:\Users\surajendra\Work_Requests\Eclipse_Workspace\Spring\Test\08-Spring-DataJPA_JpaRepository\src\test\resources
2025-01-18 15:06:10,122 [Worker-127: Building] INFO  o.a.m.s.f.DefaultMavenResourcesFiltering - Copying 1 resource from src\main\resources to target\classes
2025-01-18 15:06:10,127 [Worker-127: Building] INFO  o.a.m.s.f.DefaultMavenResourcesFiltering - Copying 0 resource from src\main\resources to target\classes
2025-01-18 15:06:10,129 [Worker-127: Building] INFO  o.a.m.s.f.DefaultMavenResourcesFiltering - skip non existing resourceDirectory C:\Users\surajendra\Work_Requests\Eclipse_Workspace\Spring\Test\08-Spring-DataJPA_JpaRepository\src\test\resources
2025-01-18 15:06:37,107 [Worker-135: Building] INFO  o.a.m.s.f.DefaultMavenResourcesFiltering - Copying 1 resource from src\main\resources to target\classes
2025-01-18 15:06:37,113 [Worker-135: Building] INFO  o.a.m.s.f.DefaultMavenResourcesFiltering - Copying 0 resource from src\main\resources to target\classes
2025-01-18 15:06:37,115 [Worker-135: Building] INFO  o.a.m.s.f.DefaultMavenResourcesFiltering - skip non existing resourceDirectory C:\Users\surajendra\Work_Requests\Eclipse_Workspace\Spring\Test\08-Spring-DataJPA_JpaRepository\src\test\resources
2025-01-18 15:06:57,424 [Worker-134: Building] INFO  o.a.m.s.f.DefaultMavenResourcesFiltering - Copying 1 resource from src\main\resources to target\classes
2025-01-18 15:06:57,432 [Worker-134: Building] INFO  o.a.m.s.f.DefaultMavenResourcesFiltering - Copying 0 resource from src\main\resources to target\classes
2025-01-18 15:06:57,434 [Worker-134: Building] INFO  o.a.m.s.f.DefaultMavenResourcesFiltering - skip non existing resourceDirectory C:\Users\surajendra\Work_Requests\Eclipse_Workspace\Spring\Test\08-Spring-DataJPA_JpaRepository\src\test\resources
2025-01-18 15:07:21,346 [Worker-135: Launching 08-Spring-DataJPA_JpaRepository - Application] INFO  o.a.m.s.f.DefaultMavenResourcesFiltering - Copying 1 resource from src\main\resources to target\classes
2025-01-18 15:07:21,351 [Worker-135: Launching 08-Spring-DataJPA_JpaRepository - Application] INFO  o.a.m.s.f.DefaultMavenResourcesFiltering - Copying 0 resource from src\main\resources to target\classes
2025-01-18 15:07:21,353 [Worker-135: Launching 08-Spring-DataJPA_JpaRepository - Application] INFO  o.a.m.s.f.DefaultMavenResourcesFiltering - skip non existing resourceDirectory C:\Users\surajendra\Work_Requests\Eclipse_Workspace\Spring\Test\08-Spring-DataJPA_JpaRepository\src\test\resources
2025-01-18 15:08:41,293 [Worker-134: Building] INFO  o.a.m.s.f.DefaultMavenResourcesFiltering - Copying 1 resource from src\main\resources to target\classes
2025-01-18 15:08:41,301 [Worker-134: Building] INFO  o.a.m.s.f.DefaultMavenResourcesFiltering - Copying 0 resource from src\main\resources to target\classes
2025-01-18 15:08:41,303 [Worker-134: Building] INFO  o.a.m.s.f.DefaultMavenResourcesFiltering - skip non existing resourceDirectory C:\Users\surajendra\Work_Requests\Eclipse_Workspace\Spring\Test\08-Spring-DataJPA_JpaRepository\src\test\resources
2025-01-18 15:12:21,092 [Worker-137: Import Getting Started Content] INFO  o.e.m.c.i.l.LifecycleMappingFactory - Using org.eclipse.m2e.jdt.JarLifecycleMapping lifecycle mapping for MavenProject: com.in.akshay:09-Spring-DataJPA_JpaRepository_Pagination:0.0.1-SNAPSHOT @ C:\Users\surajendra\Work_Requests\Eclipse_Workspace\Spring\Test\09-Spring-DataJPA_JpaRepository_Pagination\pom.xml.
2025-01-18 15:12:21,611 [Worker-137: Import Getting Started Content] INFO  o.e.m.j.i.AbstractJavaProjectConfigurator - Adding source folder /09-Spring-DataJPA_JpaRepository_Pagination/src/main/java
2025-01-18 15:12:21,612 [Worker-137: Import Getting Started Content] INFO  o.e.m.j.i.AbstractJavaProjectConfigurator - Adding resource folder /09-Spring-DataJPA_JpaRepository_Pagination/src/main/resources
2025-01-18 15:12:21,618 [Worker-137: Import Getting Started Content] INFO  o.e.m.j.i.AbstractJavaProjectConfigurator - Adding resource folder /09-Spring-DataJPA_JpaRepository_Pagination/src/main/resources
2025-01-18 15:12:21,623 [Worker-137: Import Getting Started Content] INFO  o.e.m.j.i.AbstractJavaProjectConfigurator - Adding source folder /09-Spring-DataJPA_JpaRepository_Pagination/src/test/java
2025-01-18 15:12:21,624 [Worker-137: Import Getting Started Content] INFO  o.e.m.j.i.AbstractJavaProjectConfigurator - Adding resource folder /09-Spring-DataJPA_JpaRepository_Pagination/src/test/resources
2025-01-18 15:12:21,853 [Worker-137: Import Getting Started Content] INFO  o.e.m.c.i.p.ProjectConfigurationManager - Imported and configured 1 project(s) in 1 sec
2025-01-18 15:12:21,854 [Worker-137: Import Getting Started Content] INFO  o.e.m.c.i.p.ProjectConfigurationManager - Update started
2025-01-18 15:12:22,220 [Worker-137: Import Getting Started Content] INFO  o.e.m.c.i.l.LifecycleMappingFactory - Using org.eclipse.m2e.jdt.JarLifecycleMapping lifecycle mapping for MavenProject: com.in.akshay:09-Spring-DataJPA_JpaRepository_Pagination:0.0.1-SNAPSHOT @ C:\Users\surajendra\Work_Requests\Eclipse_Workspace\Spring\Test\09-Spring-DataJPA_JpaRepository_Pagination\pom.xml.
2025-01-18 15:12:22,646 [Worker-137: Import Getting Started Content] INFO  o.e.m.j.i.AbstractJavaProjectConfigurator - Adding source folder /09-Spring-DataJPA_JpaRepository_Pagination/src/main/java
2025-01-18 15:12:22,647 [Worker-137: Import Getting Started Content] INFO  o.e.m.j.i.AbstractJavaProjectConfigurator - Adding resource folder /09-Spring-DataJPA_JpaRepository_Pagination/src/main/resources
2025-01-18 15:12:22,647 [Worker-137: Import Getting Started Content] INFO  o.e.m.j.i.AbstractJavaProjectConfigurator - Adding resource folder /09-Spring-DataJPA_JpaRepository_Pagination/src/main/resources
2025-01-18 15:12:22,647 [Worker-137: Import Getting Started Content] INFO  o.e.m.j.i.AbstractJavaProjectConfigurator - Adding source folder /09-Spring-DataJPA_JpaRepository_Pagination/src/test/java
2025-01-18 15:12:22,648 [Worker-137: Import Getting Started Content] INFO  o.e.m.j.i.AbstractJavaProjectConfigurator - Adding resource folder /09-Spring-DataJPA_JpaRepository_Pagination/src/test/resources
2025-01-18 15:12:22,979 [Worker-137: Import Getting Started Content] INFO  o.e.m.c.i.p.ProjectConfigurationManager - Update completed for 1 poms: local refresh takes 0.00 sec, refresh facades takes 0.00 sec, update config takes 0.00 sec 
2025-01-18 15:12:23,280 [Worker-139: Building] INFO  o.a.m.s.f.DefaultMavenResourcesFiltering - Copying 1 resource from src\main\resources to target\classes
2025-01-18 15:12:23,300 [Worker-139: Building] INFO  o.a.m.s.f.DefaultMavenResourcesFiltering - Copying 0 resource from src\main\resources to target\classes
2025-01-18 15:12:23,304 [Worker-139: Building] INFO  o.a.m.s.f.DefaultMavenResourcesFiltering - skip non existing resourceDirectory C:\Users\surajendra\Work_Requests\Eclipse_Workspace\Spring\Test\09-Spring-DataJPA_JpaRepository_Pagination\src\test\resources
2025-01-18 15:27:31,271 [Worker-146: Building] INFO  o.a.m.s.f.DefaultMavenResourcesFiltering - Copying 1 resource from src\main\resources to target\classes
2025-01-18 15:27:31,277 [Worker-146: Building] INFO  o.a.m.s.f.DefaultMavenResourcesFiltering - Copying 0 resource from src\main\resources to target\classes
2025-01-18 15:27:31,279 [Worker-146: Building] INFO  o.a.m.s.f.DefaultMavenResourcesFiltering - skip non existing resourceDirectory C:\Users\surajendra\Work_Requests\Eclipse_Workspace\Spring\Test\09-Spring-DataJPA_JpaRepository_Pagination\src\test\resources
2025-01-18 15:29:08,846 [Worker-147: Building] INFO  o.e.m.c.i.l.LifecycleMappingFactory - Using org.eclipse.m2e.jdt.JarLifecycleMapping lifecycle mapping for MavenProject: com.in.akshay:09-Spring-DataJPA_JpaRepository_Pagination:0.0.1-SNAPSHOT @ C:\Users\surajendra\Work_Requests\Eclipse_Workspace\Spring\Test\09-Spring-DataJPA_JpaRepository_Pagination\pom.xml.
2025-01-18 15:29:09,317 [Worker-147: Building] INFO  o.a.m.s.f.DefaultMavenResourcesFiltering - Copying 0 resource from src\main\resources to target\classes
2025-01-18 15:29:09,317 [Worker-147: Building] INFO  o.a.m.s.f.DefaultMavenResourcesFiltering - Copying 0 resource from src\main\resources to target\classes
2025-01-18 15:29:09,321 [Worker-147: Building] INFO  o.a.m.s.f.DefaultMavenResourcesFiltering - skip non existing resourceDirectory C:\Users\surajendra\Work_Requests\Eclipse_Workspace\Spring\Test\09-Spring-DataJPA_JpaRepository_Pagination\src\test\resources
2025-01-18 15:29:10,533 [Worker-145: Building] INFO  o.a.m.s.f.DefaultMavenResourcesFiltering - Copying 1 resource from src\main\resources to target\classes
2025-01-18 15:29:10,544 [Worker-145: Building] INFO  o.a.m.s.f.DefaultMavenResourcesFiltering - Copying 0 resource from src\main\resources to target\classes
2025-01-18 15:29:10,546 [Worker-145: Building] INFO  o.a.m.s.f.DefaultMavenResourcesFiltering - skip non existing resourceDirectory C:\Users\surajendra\Work_Requests\Eclipse_Workspace\Spring\Test\09-Spring-DataJPA_JpaRepository_Pagination\src\test\resources
2025-01-18 15:30:17,564 [Worker-146: Building] INFO  o.a.m.s.f.DefaultMavenResourcesFiltering - Copying 1 resource from src\main\resources to target\classes
2025-01-18 15:30:17,572 [Worker-146: Building] INFO  o.a.m.s.f.DefaultMavenResourcesFiltering - Copying 0 resource from src\main\resources to target\classes
2025-01-18 15:30:17,575 [Worker-146: Building] INFO  o.a.m.s.f.DefaultMavenResourcesFiltering - skip non existing resourceDirectory C:\Users\surajendra\Work_Requests\Eclipse_Workspace\Spring\Test\09-Spring-DataJPA_JpaRepository_Pagination\src\test\resources
2025-01-18 15:38:34,154 [Worker-149: Building] INFO  o.a.m.s.f.DefaultMavenResourcesFiltering - Copying 1 resource from src\main\resources to target\classes
2025-01-18 15:38:34,159 [Worker-149: Building] INFO  o.a.m.s.f.DefaultMavenResourcesFiltering - Copying 0 resource from src\main\resources to target\classes
2025-01-18 15:38:34,160 [Worker-149: Building] INFO  o.a.m.s.f.DefaultMavenResourcesFiltering - skip non existing resourceDirectory C:\Users\surajendra\Work_Requests\Eclipse_Workspace\Spring\Test\09-Spring-DataJPA_JpaRepository_Pagination\src\test\resources
2025-01-18 15:39:13,386 [Worker-155: Building] INFO  o.a.m.s.f.DefaultMavenResourcesFiltering - Copying 1 resource from src\main\resources to target\classes
2025-01-18 15:39:13,391 [Worker-155: Building] INFO  o.a.m.s.f.DefaultMavenResourcesFiltering - Copying 0 resource from src\main\resources to target\classes
2025-01-18 15:39:13,393 [Worker-155: Building] INFO  o.a.m.s.f.DefaultMavenResourcesFiltering - skip non existing resourceDirectory C:\Users\surajendra\Work_Requests\Eclipse_Workspace\Spring\Test\09-Spring-DataJPA_JpaRepository_Pagination\src\test\resources
2025-01-18 15:39:50,138 [Worker-153: Building] INFO  o.a.m.s.f.DefaultMavenResourcesFiltering - Copying 1 resource from src\main\resources to target\classes
2025-01-18 15:39:50,143 [Worker-153: Building] INFO  o.a.m.s.f.DefaultMavenResourcesFiltering - Copying 0 resource from src\main\resources to target\classes
2025-01-18 15:39:50,145 [Worker-153: Building] INFO  o.a.m.s.f.DefaultMavenResourcesFiltering - skip non existing resourceDirectory C:\Users\surajendra\Work_Requests\Eclipse_Workspace\Spring\Test\09-Spring-DataJPA_JpaRepository_Pagination\src\test\resources
2025-01-18 16:00:02,781 [Worker-160: Building] INFO  o.a.m.s.f.DefaultMavenResourcesFiltering - Copying 1 resource from src\main\resources to target\classes
2025-01-18 16:00:02,790 [Worker-160: Building] INFO  o.a.m.s.f.DefaultMavenResourcesFiltering - Copying 0 resource from src\main\resources to target\classes
2025-01-18 16:00:02,793 [Worker-160: Building] INFO  o.a.m.s.f.DefaultMavenResourcesFiltering - skip non existing resourceDirectory C:\Users\surajendra\Work_Requests\Eclipse_Workspace\Spring\Test\09-Spring-DataJPA_JpaRepository_Pagination\src\test\resources
2025-01-18 16:00:21,896 [Worker-161: Launching 09-Spring-DataJPA_JpaRepository_Pagination - Application] INFO  o.a.m.s.f.DefaultMavenResourcesFiltering - Copying 1 resource from src\main\resources to target\classes
2025-01-18 16:00:21,900 [Worker-161: Launching 09-Spring-DataJPA_JpaRepository_Pagination - Application] INFO  o.a.m.s.f.DefaultMavenResourcesFiltering - Copying 0 resource from src\main\resources to target\classes
2025-01-18 16:00:21,902 [Worker-161: Launching 09-Spring-DataJPA_JpaRepository_Pagination - Application] INFO  o.a.m.s.f.DefaultMavenResourcesFiltering - skip non existing resourceDirectory C:\Users\surajendra\Work_Requests\Eclipse_Workspace\Spring\Test\09-Spring-DataJPA_JpaRepository_Pagination\src\test\resources
2025-01-18 16:00:33,483 [Worker-156: Building] INFO  o.a.m.s.f.DefaultMavenResourcesFiltering - Copying 1 resource from src\main\resources to target\classes
2025-01-18 16:00:33,487 [Worker-156: Building] INFO  o.a.m.s.f.DefaultMavenResourcesFiltering - Copying 0 resource from src\main\resources to target\classes
2025-01-18 16:00:33,489 [Worker-156: Building] INFO  o.a.m.s.f.DefaultMavenResourcesFiltering - skip non existing resourceDirectory C:\Users\surajendra\Work_Requests\Eclipse_Workspace\Spring\Test\09-Spring-DataJPA_JpaRepository_Pagination\src\test\resources
2025-01-18 16:00:47,065 [Worker-164: Launching 09-Spring-DataJPA_JpaRepository_Pagination - Application] INFO  o.a.m.s.f.DefaultMavenResourcesFiltering - Copying 1 resource from src\main\resources to target\classes
2025-01-18 16:00:47,068 [Worker-164: Launching 09-Spring-DataJPA_JpaRepository_Pagination - Application] INFO  o.a.m.s.f.DefaultMavenResourcesFiltering - Copying 0 resource from src\main\resources to target\classes
2025-01-18 16:00:47,071 [Worker-164: Launching 09-Spring-DataJPA_JpaRepository_Pagination - Application] INFO  o.a.m.s.f.DefaultMavenResourcesFiltering - skip non existing resourceDirectory C:\Users\surajendra\Work_Requests\Eclipse_Workspace\Spring\Test\09-Spring-DataJPA_JpaRepository_Pagination\src\test\resources
2025-01-18 17:01:05,893 [Worker-173: Building] INFO  o.a.m.s.f.DefaultMavenResourcesFiltering - Copying 1 resource from src\main\resources to target\classes
2025-01-18 17:01:05,919 [Worker-173: Building] INFO  o.a.m.s.f.DefaultMavenResourcesFiltering - Copying 0 resource from src\main\resources to target\classes
2025-01-18 17:01:05,921 [Worker-173: Building] INFO  o.a.m.s.f.DefaultMavenResourcesFiltering - skip non existing resourceDirectory C:\Users\surajendra\Work_Requests\Eclipse_Workspace\Spring\Test\09-Spring-DataJPA_JpaRepository_Pagination\src\test\resources
2025-01-18 17:01:49,179 [Worker-171: Launching 09-Spring-DataJPA_JpaRepository_Pagination - Application] INFO  o.a.m.s.f.DefaultMavenResourcesFiltering - Copying 1 resource from src\main\resources to target\classes
2025-01-18 17:01:49,183 [Worker-171: Launching 09-Spring-DataJPA_JpaRepository_Pagination - Application] INFO  o.a.m.s.f.DefaultMavenResourcesFiltering - Copying 0 resource from src\main\resources to target\classes
2025-01-18 17:01:49,185 [Worker-171: Launching 09-Spring-DataJPA_JpaRepository_Pagination - Application] INFO  o.a.m.s.f.DefaultMavenResourcesFiltering - skip non existing resourceDirectory C:\Users\surajendra\Work_Requests\Eclipse_Workspace\Spring\Test\09-Spring-DataJPA_JpaRepository_Pagination\src\test\resources
2025-01-18 17:02:03,353 [Worker-175: Building] INFO  o.a.m.s.f.DefaultMavenResourcesFiltering - Copying 1 resource from src\main\resources to target\classes
2025-01-18 17:02:03,358 [Worker-175: Building] INFO  o.a.m.s.f.DefaultMavenResourcesFiltering - Copying 0 resource from src\main\resources to target\classes
2025-01-18 17:02:03,359 [Worker-175: Building] INFO  o.a.m.s.f.DefaultMavenResourcesFiltering - skip non existing resourceDirectory C:\Users\surajendra\Work_Requests\Eclipse_Workspace\Spring\Test\09-Spring-DataJPA_JpaRepository_Pagination\src\test\resources
2025-01-18 17:11:03,568 [Worker-178: Building] INFO  o.a.m.s.f.DefaultMavenResourcesFiltering - Copying 1 resource from src\main\resources to target\classes
2025-01-18 17:11:03,576 [Worker-178: Building] INFO  o.a.m.s.f.DefaultMavenResourcesFiltering - Copying 0 resource from src\main\resources to target\classes
2025-01-18 17:11:03,578 [Worker-178: Building] INFO  o.a.m.s.f.DefaultMavenResourcesFiltering - skip non existing resourceDirectory C:\Users\surajendra\Work_Requests\Eclipse_Workspace\Spring\Test\09-Spring-DataJPA_JpaRepository_Pagination\src\test\resources
2025-01-18 17:11:22,394 [Worker-178: Building] INFO  o.a.m.s.f.DefaultMavenResourcesFiltering - Copying 1 resource from src\main\resources to target\classes
2025-01-18 17:11:22,399 [Worker-178: Building] INFO  o.a.m.s.f.DefaultMavenResourcesFiltering - Copying 0 resource from src\main\resources to target\classes
2025-01-18 17:11:22,401 [Worker-178: Building] INFO  o.a.m.s.f.DefaultMavenResourcesFiltering - skip non existing resourceDirectory C:\Users\surajendra\Work_Requests\Eclipse_Workspace\Spring\Test\09-Spring-DataJPA_JpaRepository_Pagination\src\test\resources
2025-01-18 17:13:34,990 [Worker-178: Building] INFO  o.a.m.s.f.DefaultMavenResourcesFiltering - Copying 1 resource from src\main\resources to target\classes
2025-01-18 17:13:34,994 [Worker-178: Building] INFO  o.a.m.s.f.DefaultMavenResourcesFiltering - Copying 0 resource from src\main\resources to target\classes
2025-01-18 17:13:34,997 [Worker-178: Building] INFO  o.a.m.s.f.DefaultMavenResourcesFiltering - skip non existing resourceDirectory C:\Users\surajendra\Work_Requests\Eclipse_Workspace\Spring\Test\09-Spring-DataJPA_JpaRepository_Pagination\src\test\resources
2025-01-18 17:13:59,303 [Worker-175: Building] INFO  o.a.m.s.f.DefaultMavenResourcesFiltering - Copying 1 resource from src\main\resources to target\classes
2025-01-18 17:13:59,307 [Worker-175: Building] INFO  o.a.m.s.f.DefaultMavenResourcesFiltering - Copying 0 resource from src\main\resources to target\classes
2025-01-18 17:13:59,309 [Worker-175: Building] INFO  o.a.m.s.f.DefaultMavenResourcesFiltering - skip non existing resourceDirectory C:\Users\surajendra\Work_Requests\Eclipse_Workspace\Spring\Test\09-Spring-DataJPA_JpaRepository_Pagination\src\test\resources
2025-01-18 17:15:06,572 [Worker-179: Building] INFO  o.a.m.s.f.DefaultMavenResourcesFiltering - Copying 1 resource from src\main\resources to target\classes
2025-01-18 17:15:06,577 [Worker-179: Building] INFO  o.a.m.s.f.DefaultMavenResourcesFiltering - Copying 0 resource from src\main\resources to target\classes
2025-01-18 17:15:06,579 [Worker-179: Building] INFO  o.a.m.s.f.DefaultMavenResourcesFiltering - skip non existing resourceDirectory C:\Users\surajendra\Work_Requests\Eclipse_Workspace\Spring\Test\09-Spring-DataJPA_JpaRepository_Pagination\src\test\resources
2025-01-19 13:13:41,009 [Worker-226: Import Getting Started Content] INFO  o.e.m.c.i.l.LifecycleMappingFactory - Using org.eclipse.m2e.jdt.JarLifecycleMapping lifecycle mapping for MavenProject: com.in.akshay:09-Spring-DataJPA_TimeStamps:0.0.1-SNAPSHOT @ C:\Users\surajendra\Work_Requests\Eclipse_Workspace\Spring\Test\09-Spring-DataJPA_JpaRepository_Pagination-1\pom.xml.
2025-01-19 13:13:42,321 [Worker-226: Import Getting Started Content] INFO  o.e.m.j.i.AbstractJavaProjectConfigurator - Adding source folder /09-Spring-DataJPA_JpaRepository_Pagination-1/src/main/java
2025-01-19 13:13:42,322 [Worker-226: Import Getting Started Content] INFO  o.e.m.j.i.AbstractJavaProjectConfigurator - Adding resource folder /09-Spring-DataJPA_JpaRepository_Pagination-1/src/main/resources
2025-01-19 13:13:42,329 [Worker-226: Import Getting Started Content] INFO  o.e.m.j.i.AbstractJavaProjectConfigurator - Adding resource folder /09-Spring-DataJPA_JpaRepository_Pagination-1/src/main/resources
2025-01-19 13:13:42,334 [Worker-226: Import Getting Started Content] INFO  o.e.m.j.i.AbstractJavaProjectConfigurator - Adding source folder /09-Spring-DataJPA_JpaRepository_Pagination-1/src/test/java
2025-01-19 13:13:42,335 [Worker-226: Import Getting Started Content] INFO  o.e.m.j.i.AbstractJavaProjectConfigurator - Adding resource folder /09-Spring-DataJPA_JpaRepository_Pagination-1/src/test/resources
2025-01-19 13:13:42,847 [Worker-226: Import Getting Started Content] INFO  o.e.m.c.i.p.ProjectConfigurationManager - Imported and configured 1 project(s) in 2 sec
2025-01-19 13:13:42,850 [Worker-226: Import Getting Started Content] INFO  o.e.m.c.i.p.ProjectConfigurationManager - Update started
2025-01-19 13:13:43,637 [Worker-226: Import Getting Started Content] INFO  o.e.m.c.i.l.LifecycleMappingFactory - Using org.eclipse.m2e.jdt.JarLifecycleMapping lifecycle mapping for MavenProject: com.in.akshay:09-Spring-DataJPA_TimeStamps:0.0.1-SNAPSHOT @ C:\Users\surajendra\Work_Requests\Eclipse_Workspace\Spring\Test\09-Spring-DataJPA_JpaRepository_Pagination-1\pom.xml.
2025-01-19 13:13:44,427 [Worker-226: Import Getting Started Content] INFO  o.e.m.j.i.AbstractJavaProjectConfigurator - Adding source folder /09-Spring-DataJPA_JpaRepository_Pagination-1/src/main/java
2025-01-19 13:13:44,428 [Worker-226: Import Getting Started Content] INFO  o.e.m.j.i.AbstractJavaProjectConfigurator - Adding resource folder /09-Spring-DataJPA_JpaRepository_Pagination-1/src/main/resources
2025-01-19 13:13:44,429 [Worker-226: Import Getting Started Content] INFO  o.e.m.j.i.AbstractJavaProjectConfigurator - Adding resource folder /09-Spring-DataJPA_JpaRepository_Pagination-1/src/main/resources
2025-01-19 13:13:44,429 [Worker-226: Import Getting Started Content] INFO  o.e.m.j.i.AbstractJavaProjectConfigurator - Adding source folder /09-Spring-DataJPA_JpaRepository_Pagination-1/src/test/java
2025-01-19 13:13:44,429 [Worker-226: Import Getting Started Content] INFO  o.e.m.j.i.AbstractJavaProjectConfigurator - Adding resource folder /09-Spring-DataJPA_JpaRepository_Pagination-1/src/test/resources
2025-01-19 13:13:44,728 [Worker-226: Import Getting Started Content] INFO  o.e.m.c.i.p.ProjectConfigurationManager - Update completed for 1 poms: local refresh takes 0.00 sec, refresh facades takes 1.00 sec, update config takes 0.00 sec 
2025-01-19 13:13:45,180 [Worker-232: Building] INFO  o.a.m.s.f.DefaultMavenResourcesFiltering - Copying 1 resource from src\main\resources to target\classes
2025-01-19 13:13:45,198 [Worker-232: Building] INFO  o.a.m.s.f.DefaultMavenResourcesFiltering - Copying 0 resource from src\main\resources to target\classes
2025-01-19 13:13:45,202 [Worker-232: Building] INFO  o.a.m.s.f.DefaultMavenResourcesFiltering - skip non existing resourceDirectory C:\Users\surajendra\Work_Requests\Eclipse_Workspace\Spring\Test\09-Spring-DataJPA_JpaRepository_Pagination-1\src\test\resources
2025-01-19 13:15:14,070 [Worker-231: Import Getting Started Content] INFO  o.e.m.c.i.l.LifecycleMappingFactory - Using org.eclipse.m2e.jdt.JarLifecycleMapping lifecycle mapping for MavenProject: com.in.akshay:09-Spring-DataJPA_TimeStamps:0.0.1-SNAPSHOT @ C:\Users\surajendra\Work_Requests\Eclipse_Workspace\Spring\Test\10-Spring-DataJPA_Timestamp\pom.xml.
2025-01-19 13:15:14,703 [Worker-231: Import Getting Started Content] INFO  o.e.m.j.i.AbstractJavaProjectConfigurator - Adding source folder /10-Spring-DataJPA_Timestamp/src/main/java
2025-01-19 13:15:14,704 [Worker-231: Import Getting Started Content] INFO  o.e.m.j.i.AbstractJavaProjectConfigurator - Adding resource folder /10-Spring-DataJPA_Timestamp/src/main/resources
2025-01-19 13:15:14,709 [Worker-231: Import Getting Started Content] INFO  o.e.m.j.i.AbstractJavaProjectConfigurator - Adding resource folder /10-Spring-DataJPA_Timestamp/src/main/resources
2025-01-19 13:15:14,713 [Worker-231: Import Getting Started Content] INFO  o.e.m.j.i.AbstractJavaProjectConfigurator - Adding source folder /10-Spring-DataJPA_Timestamp/src/test/java
2025-01-19 13:15:14,713 [Worker-231: Import Getting Started Content] INFO  o.e.m.j.i.AbstractJavaProjectConfigurator - Adding resource folder /10-Spring-DataJPA_Timestamp/src/test/resources
2025-01-19 13:15:14,960 [Worker-231: Import Getting Started Content] INFO  o.e.m.c.i.p.ProjectConfigurationManager - Imported and configured 1 project(s) in 1 sec
2025-01-19 13:15:14,962 [Worker-231: Import Getting Started Content] INFO  o.e.m.c.i.p.ProjectConfigurationManager - Update started
2025-01-19 13:15:15,301 [Worker-231: Import Getting Started Content] INFO  o.e.m.c.i.l.LifecycleMappingFactory - Using org.eclipse.m2e.jdt.JarLifecycleMapping lifecycle mapping for MavenProject: com.in.akshay:09-Spring-DataJPA_TimeStamps:0.0.1-SNAPSHOT @ C:\Users\surajendra\Work_Requests\Eclipse_Workspace\Spring\Test\10-Spring-DataJPA_Timestamp\pom.xml.
2025-01-19 13:15:15,758 [Worker-231: Import Getting Started Content] INFO  o.e.m.j.i.AbstractJavaProjectConfigurator - Adding source folder /10-Spring-DataJPA_Timestamp/src/main/java
2025-01-19 13:15:15,759 [Worker-231: Import Getting Started Content] INFO  o.e.m.j.i.AbstractJavaProjectConfigurator - Adding resource folder /10-Spring-DataJPA_Timestamp/src/main/resources
2025-01-19 13:15:15,759 [Worker-231: Import Getting Started Content] INFO  o.e.m.j.i.AbstractJavaProjectConfigurator - Adding resource folder /10-Spring-DataJPA_Timestamp/src/main/resources
2025-01-19 13:15:15,760 [Worker-231: Import Getting Started Content] INFO  o.e.m.j.i.AbstractJavaProjectConfigurator - Adding source folder /10-Spring-DataJPA_Timestamp/src/test/java
2025-01-19 13:15:15,760 [Worker-231: Import Getting Started Content] INFO  o.e.m.j.i.AbstractJavaProjectConfigurator - Adding resource folder /10-Spring-DataJPA_Timestamp/src/test/resources
2025-01-19 13:15:16,087 [Worker-231: Import Getting Started Content] INFO  o.e.m.c.i.p.ProjectConfigurationManager - Update completed for 1 poms: local refresh takes 0.00 sec, refresh facades takes 0.00 sec, update config takes 0.00 sec 
2025-01-19 13:15:16,424 [Worker-229: Building] INFO  o.a.m.s.f.DefaultMavenResourcesFiltering - Copying 1 resource from src\main\resources to target\classes
2025-01-19 13:15:16,460 [Worker-229: Building] INFO  o.a.m.s.f.DefaultMavenResourcesFiltering - Copying 0 resource from src\main\resources to target\classes
2025-01-19 13:15:16,467 [Worker-229: Building] INFO  o.a.m.s.f.DefaultMavenResourcesFiltering - skip non existing resourceDirectory C:\Users\surajendra\Work_Requests\Eclipse_Workspace\Spring\Test\10-Spring-DataJPA_Timestamp\src\test\resources
2025-01-19 13:15:54,321 [Worker-229: Building] INFO  o.a.m.s.f.DefaultMavenResourcesFiltering - Copying 1 resource from src\main\resources to target\classes
2025-01-19 13:15:54,327 [Worker-229: Building] INFO  o.a.m.s.f.DefaultMavenResourcesFiltering - Copying 0 resource from src\main\resources to target\classes
2025-01-19 13:15:54,330 [Worker-229: Building] INFO  o.a.m.s.f.DefaultMavenResourcesFiltering - skip non existing resourceDirectory C:\Users\surajendra\Work_Requests\Eclipse_Workspace\Spring\Test\10-Spring-DataJPA_Timestamp\src\test\resources
2025-01-19 13:16:18,648 [Worker-234: Building] INFO  o.a.m.s.f.DefaultMavenResourcesFiltering - Copying 1 resource from src\main\resources to target\classes
2025-01-19 13:16:18,658 [Worker-234: Building] INFO  o.a.m.s.f.DefaultMavenResourcesFiltering - Copying 0 resource from src\main\resources to target\classes
2025-01-19 13:16:18,660 [Worker-234: Building] INFO  o.a.m.s.f.DefaultMavenResourcesFiltering - skip non existing resourceDirectory C:\Users\surajendra\Work_Requests\Eclipse_Workspace\Spring\Test\10-Spring-DataJPA_Timestamp\src\test\resources
2025-01-19 13:16:51,728 [Worker-234: Building] INFO  o.a.m.s.f.DefaultMavenResourcesFiltering - Copying 1 resource from src\main\resources to target\classes
2025-01-19 13:16:51,736 [Worker-234: Building] INFO  o.a.m.s.f.DefaultMavenResourcesFiltering - Copying 0 resource from src\main\resources to target\classes
2025-01-19 13:16:51,740 [Worker-234: Building] INFO  o.a.m.s.f.DefaultMavenResourcesFiltering - skip non existing resourceDirectory C:\Users\surajendra\Work_Requests\Eclipse_Workspace\Spring\Test\10-Spring-DataJPA_Timestamp\src\test\resources
2025-01-19 13:18:14,196 [Worker-226: Building] INFO  o.a.m.s.f.DefaultMavenResourcesFiltering - Copying 1 resource from src\main\resources to target\classes
2025-01-19 13:18:14,205 [Worker-226: Building] INFO  o.a.m.s.f.DefaultMavenResourcesFiltering - Copying 0 resource from src\main\resources to target\classes
2025-01-19 13:18:14,209 [Worker-226: Building] INFO  o.a.m.s.f.DefaultMavenResourcesFiltering - skip non existing resourceDirectory C:\Users\surajendra\Work_Requests\Eclipse_Workspace\Spring\Test\10-Spring-DataJPA_Timestamp\src\test\resources
2025-01-19 13:18:41,653 [Worker-231: Building] INFO  o.a.m.s.f.DefaultMavenResourcesFiltering - Copying 1 resource from src\main\resources to target\classes
2025-01-19 13:18:41,659 [Worker-231: Building] INFO  o.a.m.s.f.DefaultMavenResourcesFiltering - Copying 0 resource from src\main\resources to target\classes
2025-01-19 13:18:41,662 [Worker-231: Building] INFO  o.a.m.s.f.DefaultMavenResourcesFiltering - skip non existing resourceDirectory C:\Users\surajendra\Work_Requests\Eclipse_Workspace\Spring\Test\10-Spring-DataJPA_Timestamp\src\test\resources
2025-01-19 13:22:28,554 [Worker-234: Building] INFO  o.a.m.s.f.DefaultMavenResourcesFiltering - Copying 1 resource from src\main\resources to target\classes
2025-01-19 13:22:28,561 [Worker-234: Building] INFO  o.a.m.s.f.DefaultMavenResourcesFiltering - Copying 0 resource from src\main\resources to target\classes
2025-01-19 13:22:28,563 [Worker-234: Building] INFO  o.a.m.s.f.DefaultMavenResourcesFiltering - skip non existing resourceDirectory C:\Users\surajendra\Work_Requests\Eclipse_Workspace\Spring\Test\10-Spring-DataJPA_Timestamp\src\test\resources
2025-01-19 13:23:21,998 [Worker-233: Building] INFO  o.a.m.s.f.DefaultMavenResourcesFiltering - Copying 1 resource from src\main\resources to target\classes
2025-01-19 13:23:22,006 [Worker-233: Building] INFO  o.a.m.s.f.DefaultMavenResourcesFiltering - Copying 0 resource from src\main\resources to target\classes
2025-01-19 13:23:22,008 [Worker-233: Building] INFO  o.a.m.s.f.DefaultMavenResourcesFiltering - skip non existing resourceDirectory C:\Users\surajendra\Work_Requests\Eclipse_Workspace\Spring\Test\10-Spring-DataJPA_Timestamp\src\test\resources
2025-01-19 13:23:44,419 [Worker-226: Building] INFO  o.a.m.s.f.DefaultMavenResourcesFiltering - Copying 1 resource from src\main\resources to target\classes
2025-01-19 13:23:44,425 [Worker-226: Building] INFO  o.a.m.s.f.DefaultMavenResourcesFiltering - Copying 0 resource from src\main\resources to target\classes
2025-01-19 13:23:44,429 [Worker-226: Building] INFO  o.a.m.s.f.DefaultMavenResourcesFiltering - skip non existing resourceDirectory C:\Users\surajendra\Work_Requests\Eclipse_Workspace\Spring\Test\10-Spring-DataJPA_Timestamp\src\test\resources
2025-01-19 13:26:50,281 [Worker-226: Building] INFO  o.a.m.s.f.DefaultMavenResourcesFiltering - Copying 1 resource from src\main\resources to target\classes
2025-01-19 13:26:50,286 [Worker-226: Building] INFO  o.a.m.s.f.DefaultMavenResourcesFiltering - Copying 0 resource from src\main\resources to target\classes
2025-01-19 13:26:50,289 [Worker-226: Building] INFO  o.a.m.s.f.DefaultMavenResourcesFiltering - skip non existing resourceDirectory C:\Users\surajendra\Work_Requests\Eclipse_Workspace\Spring\Test\10-Spring-DataJPA_Timestamp\src\test\resources
2025-01-19 13:27:50,702 [Worker-232: Building] INFO  o.a.m.s.f.DefaultMavenResourcesFiltering - Copying 1 resource from src\main\resources to target\classes
2025-01-19 13:27:50,706 [Worker-232: Building] INFO  o.a.m.s.f.DefaultMavenResourcesFiltering - Copying 0 resource from src\main\resources to target\classes
2025-01-19 13:27:50,709 [Worker-232: Building] INFO  o.a.m.s.f.DefaultMavenResourcesFiltering - skip non existing resourceDirectory C:\Users\surajendra\Work_Requests\Eclipse_Workspace\Spring\Test\10-Spring-DataJPA_Timestamp\src\test\resources
2025-01-19 13:27:58,374 [Worker-234: Building] INFO  o.a.m.s.f.DefaultMavenResourcesFiltering - Copying 1 resource from src\main\resources to target\classes
2025-01-19 13:27:58,381 [Worker-234: Building] INFO  o.a.m.s.f.DefaultMavenResourcesFiltering - Copying 0 resource from src\main\resources to target\classes
2025-01-19 13:27:58,385 [Worker-234: Building] INFO  o.a.m.s.f.DefaultMavenResourcesFiltering - skip non existing resourceDirectory C:\Users\surajendra\Work_Requests\Eclipse_Workspace\Spring\Test\10-Spring-DataJPA_Timestamp\src\test\resources
2025-01-19 13:28:27,010 [Worker-229: Building] INFO  o.a.m.s.f.DefaultMavenResourcesFiltering - Copying 1 resource from src\main\resources to target\classes
2025-01-19 13:28:27,015 [Worker-229: Building] INFO  o.a.m.s.f.DefaultMavenResourcesFiltering - Copying 0 resource from src\main\resources to target\classes
2025-01-19 13:28:27,018 [Worker-229: Building] INFO  o.a.m.s.f.DefaultMavenResourcesFiltering - skip non existing resourceDirectory C:\Users\surajendra\Work_Requests\Eclipse_Workspace\Spring\Test\10-Spring-DataJPA_Timestamp\src\test\resources
2025-01-19 13:28:47,879 [Worker-231: Building] INFO  o.a.m.s.f.DefaultMavenResourcesFiltering - Copying 1 resource from src\main\resources to target\classes
2025-01-19 13:28:47,886 [Worker-231: Building] INFO  o.a.m.s.f.DefaultMavenResourcesFiltering - Copying 0 resource from src\main\resources to target\classes
2025-01-19 13:28:47,889 [Worker-231: Building] INFO  o.a.m.s.f.DefaultMavenResourcesFiltering - skip non existing resourceDirectory C:\Users\surajendra\Work_Requests\Eclipse_Workspace\Spring\Test\10-Spring-DataJPA_Timestamp\src\test\resources
2025-01-19 13:39:01,216 [Worker-235: Building] INFO  o.a.m.s.f.DefaultMavenResourcesFiltering - Copying 1 resource from src\main\resources to target\classes
2025-01-19 13:39:01,224 [Worker-235: Building] INFO  o.a.m.s.f.DefaultMavenResourcesFiltering - Copying 0 resource from src\main\resources to target\classes
2025-01-19 13:39:01,233 [Worker-235: Building] INFO  o.a.m.s.f.DefaultMavenResourcesFiltering - skip non existing resourceDirectory C:\Users\surajendra\Work_Requests\Eclipse_Workspace\Spring\Test\10-Spring-DataJPA_Timestamp\src\test\resources
2025-01-19 13:43:19,855 [Worker-234: Building] INFO  o.a.m.s.f.DefaultMavenResourcesFiltering - Copying 1 resource from src\main\resources to target\classes
2025-01-19 13:43:19,862 [Worker-234: Building] INFO  o.a.m.s.f.DefaultMavenResourcesFiltering - Copying 0 resource from src\main\resources to target\classes
2025-01-19 13:43:19,864 [Worker-234: Building] INFO  o.a.m.s.f.DefaultMavenResourcesFiltering - skip non existing resourceDirectory C:\Users\surajendra\Work_Requests\Eclipse_Workspace\Spring\Test\10-Spring-DataJPA_Timestamp\src\test\resources
2025-01-19 13:45:19,513 [Worker-236: Building] INFO  o.a.m.s.f.DefaultMavenResourcesFiltering - Copying 1 resource from src\main\resources to target\classes
2025-01-19 13:45:19,523 [Worker-236: Building] INFO  o.a.m.s.f.DefaultMavenResourcesFiltering - Copying 0 resource from src\main\resources to target\classes
2025-01-19 13:45:19,526 [Worker-236: Building] INFO  o.a.m.s.f.DefaultMavenResourcesFiltering - skip non existing resourceDirectory C:\Users\surajendra\Work_Requests\Eclipse_Workspace\Spring\Test\10-Spring-DataJPA_Timestamp\src\test\resources
2025-01-19 13:45:56,369 [Worker-239: Building] INFO  o.a.m.s.f.DefaultMavenResourcesFiltering - Copying 1 resource from src\main\resources to target\classes
2025-01-19 13:45:56,371 [Worker-239: Building] INFO  o.a.m.s.f.DefaultMavenResourcesFiltering - Copying 0 resource from src\main\resources to target\classes
2025-01-19 13:45:56,371 [Worker-239: Building] INFO  o.a.m.s.f.DefaultMavenResourcesFiltering - skip non existing resourceDirectory C:\Users\surajendra\Work_Requests\Eclipse_Workspace\Spring\Test\10-Spring-DataJPA_Timestamp\src\test\resources
2025-01-19 13:47:05,739 [Worker-242: Building] INFO  o.a.m.s.f.DefaultMavenResourcesFiltering - Copying 1 resource from src\main\resources to target\classes
2025-01-19 13:47:05,747 [Worker-242: Building] INFO  o.a.m.s.f.DefaultMavenResourcesFiltering - Copying 0 resource from src\main\resources to target\classes
2025-01-19 13:47:05,752 [Worker-242: Building] INFO  o.a.m.s.f.DefaultMavenResourcesFiltering - skip non existing resourceDirectory C:\Users\surajendra\Work_Requests\Eclipse_Workspace\Spring\Test\10-Spring-DataJPA_Timestamp\src\test\resources
2025-01-19 13:47:14,220 [Worker-240: Building] INFO  o.a.m.s.f.DefaultMavenResourcesFiltering - Copying 1 resource from src\main\resources to target\classes
2025-01-19 13:47:14,228 [Worker-240: Building] INFO  o.a.m.s.f.DefaultMavenResourcesFiltering - Copying 0 resource from src\main\resources to target\classes
2025-01-19 13:47:14,232 [Worker-240: Building] INFO  o.a.m.s.f.DefaultMavenResourcesFiltering - skip non existing resourceDirectory C:\Users\surajendra\Work_Requests\Eclipse_Workspace\Spring\Test\10-Spring-DataJPA_Timestamp\src\test\resources
2025-01-19 13:47:48,111 [Worker-239: Building] INFO  o.a.m.s.f.DefaultMavenResourcesFiltering - Copying 1 resource from src\main\resources to target\classes
2025-01-19 13:47:48,116 [Worker-239: Building] INFO  o.a.m.s.f.DefaultMavenResourcesFiltering - Copying 0 resource from src\main\resources to target\classes
2025-01-19 13:47:48,119 [Worker-239: Building] INFO  o.a.m.s.f.DefaultMavenResourcesFiltering - skip non existing resourceDirectory C:\Users\surajendra\Work_Requests\Eclipse_Workspace\Spring\Test\10-Spring-DataJPA_Timestamp\src\test\resources
2025-01-19 13:48:07,968 [Worker-243: Building] INFO  o.a.m.s.f.DefaultMavenResourcesFiltering - Copying 1 resource from src\main\resources to target\classes
2025-01-19 13:48:07,973 [Worker-243: Building] INFO  o.a.m.s.f.DefaultMavenResourcesFiltering - Copying 0 resource from src\main\resources to target\classes
2025-01-19 13:48:07,976 [Worker-243: Building] INFO  o.a.m.s.f.DefaultMavenResourcesFiltering - skip non existing resourceDirectory C:\Users\surajendra\Work_Requests\Eclipse_Workspace\Spring\Test\10-Spring-DataJPA_Timestamp\src\test\resources
2025-01-19 13:49:13,916 [Worker-240: Building] INFO  o.a.m.s.f.DefaultMavenResourcesFiltering - Copying 1 resource from src\main\resources to target\classes
2025-01-19 13:49:13,923 [Worker-240: Building] INFO  o.a.m.s.f.DefaultMavenResourcesFiltering - Copying 0 resource from src\main\resources to target\classes
2025-01-19 13:49:13,926 [Worker-240: Building] INFO  o.a.m.s.f.DefaultMavenResourcesFiltering - skip non existing resourceDirectory C:\Users\surajendra\Work_Requests\Eclipse_Workspace\Spring\Test\10-Spring-DataJPA_Timestamp\src\test\resources
2025-01-19 13:49:41,396 [Worker-240: Building] INFO  o.a.m.s.f.DefaultMavenResourcesFiltering - Copying 1 resource from src\main\resources to target\classes
2025-01-19 13:49:41,402 [Worker-240: Building] INFO  o.a.m.s.f.DefaultMavenResourcesFiltering - Copying 0 resource from src\main\resources to target\classes
2025-01-19 13:49:41,406 [Worker-240: Building] INFO  o.a.m.s.f.DefaultMavenResourcesFiltering - skip non existing resourceDirectory C:\Users\surajendra\Work_Requests\Eclipse_Workspace\Spring\Test\10-Spring-DataJPA_Timestamp\src\test\resources
2025-01-19 13:53:50,239 [Worker-242: Building] INFO  o.a.m.s.f.DefaultMavenResourcesFiltering - Copying 1 resource from src\main\resources to target\classes
2025-01-19 13:53:50,249 [Worker-242: Building] INFO  o.a.m.s.f.DefaultMavenResourcesFiltering - Copying 0 resource from src\main\resources to target\classes
2025-01-19 13:53:50,254 [Worker-242: Building] INFO  o.a.m.s.f.DefaultMavenResourcesFiltering - skip non existing resourceDirectory C:\Users\surajendra\Work_Requests\Eclipse_Workspace\Spring\Test\10-Spring-DataJPA_Timestamp\src\test\resources
2025-01-19 13:53:52,552 [Worker-242: Building] INFO  o.a.m.s.f.DefaultMavenResourcesFiltering - Copying 1 resource from src\main\resources to target\classes
2025-01-19 13:53:52,557 [Worker-242: Building] INFO  o.a.m.s.f.DefaultMavenResourcesFiltering - Copying 0 resource from src\main\resources to target\classes
2025-01-19 13:53:52,559 [Worker-242: Building] INFO  o.a.m.s.f.DefaultMavenResourcesFiltering - skip non existing resourceDirectory C:\Users\surajendra\Work_Requests\Eclipse_Workspace\Spring\Test\10-Spring-DataJPA_Timestamp\src\test\resources
2025-01-19 13:54:16,506 [Worker-240: Building] INFO  o.a.m.s.f.DefaultMavenResourcesFiltering - Copying 1 resource from src\main\resources to target\classes
2025-01-19 13:54:16,513 [Worker-240: Building] INFO  o.a.m.s.f.DefaultMavenResourcesFiltering - Copying 0 resource from src\main\resources to target\classes
2025-01-19 13:54:16,516 [Worker-240: Building] INFO  o.a.m.s.f.DefaultMavenResourcesFiltering - skip non existing resourceDirectory C:\Users\surajendra\Work_Requests\Eclipse_Workspace\Spring\Test\10-Spring-DataJPA_Timestamp\src\test\resources
2025-01-19 13:54:38,432 [Worker-245: Building] INFO  o.a.m.s.f.DefaultMavenResourcesFiltering - Copying 1 resource from src\main\resources to target\classes
2025-01-19 13:54:38,432 [Worker-245: Building] INFO  o.a.m.s.f.DefaultMavenResourcesFiltering - Copying 0 resource from src\main\resources to target\classes
2025-01-19 13:54:38,442 [Worker-245: Building] INFO  o.a.m.s.f.DefaultMavenResourcesFiltering - skip non existing resourceDirectory C:\Users\surajendra\Work_Requests\Eclipse_Workspace\Spring\Test\10-Spring-DataJPA_Timestamp\src\test\resources
2025-01-19 15:59:33,488 [Worker-255: Building] INFO  o.a.m.s.f.DefaultMavenResourcesFiltering - Copying 1 resource from src\main\resources to target\classes
2025-01-19 15:59:33,555 [Worker-255: Building] INFO  o.a.m.s.f.DefaultMavenResourcesFiltering - Copying 0 resource from src\main\resources to target\classes
2025-01-19 15:59:33,558 [Worker-255: Building] INFO  o.a.m.s.f.DefaultMavenResourcesFiltering - skip non existing resourceDirectory C:\Users\surajendra\Work_Requests\Eclipse_Workspace\Spring\Test\10-Spring-DataJPA_Timestamp\src\test\resources
2025-01-19 16:00:08,833 [Worker-262: Building] INFO  o.a.m.s.f.DefaultMavenResourcesFiltering - Copying 1 resource from src\main\resources to target\classes
2025-01-19 16:00:08,862 [Worker-262: Building] INFO  o.a.m.s.f.DefaultMavenResourcesFiltering - Copying 0 resource from src\main\resources to target\classes
2025-01-19 16:00:08,863 [Worker-262: Building] INFO  o.a.m.s.f.DefaultMavenResourcesFiltering - skip non existing resourceDirectory C:\Users\surajendra\Work_Requests\Eclipse_Workspace\Spring\Test\10-Spring-DataJPA_Timestamp\src\test\resources
2025-01-19 16:00:41,600 [Worker-255: Building] INFO  o.a.m.s.f.DefaultMavenResourcesFiltering - Copying 1 resource from src\main\resources to target\classes
2025-01-19 16:00:41,606 [Worker-255: Building] INFO  o.a.m.s.f.DefaultMavenResourcesFiltering - Copying 0 resource from src\main\resources to target\classes
2025-01-19 16:00:41,608 [Worker-255: Building] INFO  o.a.m.s.f.DefaultMavenResourcesFiltering - skip non existing resourceDirectory C:\Users\surajendra\Work_Requests\Eclipse_Workspace\Spring\Test\10-Spring-DataJPA_Timestamp\src\test\resources
2025-01-19 22:21:26,921 [Worker-303: Import Getting Started Content] INFO  o.e.m.c.i.l.LifecycleMappingFactory - Using org.eclipse.m2e.jdt.JarLifecycleMapping lifecycle mapping for MavenProject: com.in.akshay:09-Spring-DataJPA_TimeStamps:0.0.1-SNAPSHOT @ C:\Users\surajendra\Work_Requests\Eclipse_Workspace\Spring\Test\11-Spring-DataJPA_CompositeKey\pom.xml.
2025-01-19 22:21:27,939 [Worker-303: Import Getting Started Content] INFO  o.e.m.j.i.AbstractJavaProjectConfigurator - Adding source folder /11-Spring-DataJPA_CompositeKey/src/main/java
2025-01-19 22:21:27,940 [Worker-303: Import Getting Started Content] INFO  o.e.m.j.i.AbstractJavaProjectConfigurator - Adding resource folder /11-Spring-DataJPA_CompositeKey/src/main/resources
2025-01-19 22:21:27,949 [Worker-303: Import Getting Started Content] INFO  o.e.m.j.i.AbstractJavaProjectConfigurator - Adding resource folder /11-Spring-DataJPA_CompositeKey/src/main/resources
2025-01-19 22:21:27,956 [Worker-303: Import Getting Started Content] INFO  o.e.m.j.i.AbstractJavaProjectConfigurator - Adding source folder /11-Spring-DataJPA_CompositeKey/src/test/java
2025-01-19 22:21:27,957 [Worker-303: Import Getting Started Content] INFO  o.e.m.j.i.AbstractJavaProjectConfigurator - Adding resource folder /11-Spring-DataJPA_CompositeKey/src/test/resources
2025-01-19 22:21:28,228 [Worker-303: Import Getting Started Content] INFO  o.e.m.c.i.p.ProjectConfigurationManager - Imported and configured 1 project(s) in 2 sec
2025-01-19 22:21:28,230 [Worker-303: Import Getting Started Content] INFO  o.e.m.c.i.p.ProjectConfigurationManager - Update started
2025-01-19 22:21:28,546 [Worker-303: Import Getting Started Content] INFO  o.e.m.c.i.l.LifecycleMappingFactory - Using org.eclipse.m2e.jdt.JarLifecycleMapping lifecycle mapping for MavenProject: com.in.akshay:09-Spring-DataJPA_TimeStamps:0.0.1-SNAPSHOT @ C:\Users\surajendra\Work_Requests\Eclipse_Workspace\Spring\Test\11-Spring-DataJPA_CompositeKey\pom.xml.
2025-01-19 22:21:29,120 [Worker-303: Import Getting Started Content] INFO  o.e.m.j.i.AbstractJavaProjectConfigurator - Adding source folder /11-Spring-DataJPA_CompositeKey/src/main/java
2025-01-19 22:21:29,121 [Worker-303: Import Getting Started Content] INFO  o.e.m.j.i.AbstractJavaProjectConfigurator - Adding resource folder /11-Spring-DataJPA_CompositeKey/src/main/resources
2025-01-19 22:21:29,122 [Worker-303: Import Getting Started Content] INFO  o.e.m.j.i.AbstractJavaProjectConfigurator - Adding resource folder /11-Spring-DataJPA_CompositeKey/src/main/resources
2025-01-19 22:21:29,122 [Worker-303: Import Getting Started Content] INFO  o.e.m.j.i.AbstractJavaProjectConfigurator - Adding source folder /11-Spring-DataJPA_CompositeKey/src/test/java
2025-01-19 22:21:29,122 [Worker-303: Import Getting Started Content] INFO  o.e.m.j.i.AbstractJavaProjectConfigurator - Adding resource folder /11-Spring-DataJPA_CompositeKey/src/test/resources
2025-01-19 22:21:29,518 [Worker-303: Import Getting Started Content] INFO  o.e.m.c.i.p.ProjectConfigurationManager - Update completed for 1 poms: local refresh takes 0.00 sec, refresh facades takes 0.00 sec, update config takes 0.00 sec 
2025-01-19 22:21:30,011 [Worker-303: Building] INFO  o.a.m.s.f.DefaultMavenResourcesFiltering - Copying 1 resource from src\main\resources to target\classes
2025-01-19 22:21:30,037 [Worker-303: Building] INFO  o.a.m.s.f.DefaultMavenResourcesFiltering - Copying 0 resource from src\main\resources to target\classes
2025-01-19 22:21:30,042 [Worker-303: Building] INFO  o.a.m.s.f.DefaultMavenResourcesFiltering - skip non existing resourceDirectory C:\Users\surajendra\Work_Requests\Eclipse_Workspace\Spring\Test\11-Spring-DataJPA_CompositeKey\src\test\resources
2025-01-19 22:21:48,317 [Worker-299: Building] INFO  o.a.m.s.f.DefaultMavenResourcesFiltering - Copying 1 resource from src\main\resources to target\classes
2025-01-19 22:21:48,323 [Worker-299: Building] INFO  o.a.m.s.f.DefaultMavenResourcesFiltering - Copying 0 resource from src\main\resources to target\classes
2025-01-19 22:21:48,326 [Worker-299: Building] INFO  o.a.m.s.f.DefaultMavenResourcesFiltering - skip non existing resourceDirectory C:\Users\surajendra\Work_Requests\Eclipse_Workspace\Spring\Test\11-Spring-DataJPA_CompositeKey\src\test\resources
2025-01-19 22:25:10,769 [Worker-311: Building] INFO  o.a.m.s.f.DefaultMavenResourcesFiltering - Copying 1 resource from src\main\resources to target\classes
2025-01-19 22:25:10,776 [Worker-311: Building] INFO  o.a.m.s.f.DefaultMavenResourcesFiltering - Copying 0 resource from src\main\resources to target\classes
2025-01-19 22:25:10,777 [Worker-311: Building] INFO  o.a.m.s.f.DefaultMavenResourcesFiltering - skip non existing resourceDirectory C:\Users\surajendra\Work_Requests\Eclipse_Workspace\Spring\Test\11-Spring-DataJPA_CompositeKey\src\test\resources
2025-01-19 22:28:56,209 [Worker-309: Building] INFO  o.a.m.s.f.DefaultMavenResourcesFiltering - Copying 1 resource from src\main\resources to target\classes
2025-01-19 22:28:56,215 [Worker-309: Building] INFO  o.a.m.s.f.DefaultMavenResourcesFiltering - Copying 0 resource from src\main\resources to target\classes
2025-01-19 22:28:56,216 [Worker-309: Building] INFO  o.a.m.s.f.DefaultMavenResourcesFiltering - skip non existing resourceDirectory C:\Users\surajendra\Work_Requests\Eclipse_Workspace\Spring\Test\11-Spring-DataJPA_CompositeKey\src\test\resources
2025-01-19 22:29:24,860 [Worker-299: Building] INFO  o.a.m.s.f.DefaultMavenResourcesFiltering - Copying 1 resource from src\main\resources to target\classes
2025-01-19 22:29:24,868 [Worker-299: Building] INFO  o.a.m.s.f.DefaultMavenResourcesFiltering - Copying 0 resource from src\main\resources to target\classes
2025-01-19 22:29:24,869 [Worker-299: Building] INFO  o.a.m.s.f.DefaultMavenResourcesFiltering - skip non existing resourceDirectory C:\Users\surajendra\Work_Requests\Eclipse_Workspace\Spring\Test\11-Spring-DataJPA_CompositeKey\src\test\resources
2025-01-19 22:32:59,991 [Worker-307: Building] INFO  o.a.m.s.f.DefaultMavenResourcesFiltering - Copying 1 resource from src\main\resources to target\classes
2025-01-19 22:32:59,996 [Worker-307: Building] INFO  o.a.m.s.f.DefaultMavenResourcesFiltering - Copying 0 resource from src\main\resources to target\classes
2025-01-19 22:32:59,998 [Worker-307: Building] INFO  o.a.m.s.f.DefaultMavenResourcesFiltering - skip non existing resourceDirectory C:\Users\surajendra\Work_Requests\Eclipse_Workspace\Spring\Test\11-Spring-DataJPA_CompositeKey\src\test\resources
2025-01-19 22:33:51,978 [Worker-311: Building] INFO  o.a.m.s.f.DefaultMavenResourcesFiltering - Copying 1 resource from src\main\resources to target\classes
2025-01-19 22:33:51,986 [Worker-311: Building] INFO  o.a.m.s.f.DefaultMavenResourcesFiltering - Copying 0 resource from src\main\resources to target\classes
2025-01-19 22:33:51,988 [Worker-311: Building] INFO  o.a.m.s.f.DefaultMavenResourcesFiltering - skip non existing resourceDirectory C:\Users\surajendra\Work_Requests\Eclipse_Workspace\Spring\Test\11-Spring-DataJPA_CompositeKey\src\test\resources
2025-01-19 22:34:36,580 [Worker-312: Building] INFO  o.a.m.s.f.DefaultMavenResourcesFiltering - Copying 1 resource from src\main\resources to target\classes
2025-01-19 22:34:36,588 [Worker-312: Building] INFO  o.a.m.s.f.DefaultMavenResourcesFiltering - Copying 0 resource from src\main\resources to target\classes
2025-01-19 22:34:36,591 [Worker-312: Building] INFO  o.a.m.s.f.DefaultMavenResourcesFiltering - skip non existing resourceDirectory C:\Users\surajendra\Work_Requests\Eclipse_Workspace\Spring\Test\11-Spring-DataJPA_CompositeKey\src\test\resources
2025-01-19 22:34:46,834 [Worker-307: Building] INFO  o.a.m.s.f.DefaultMavenResourcesFiltering - Copying 1 resource from src\main\resources to target\classes
2025-01-19 22:34:46,839 [Worker-307: Building] INFO  o.a.m.s.f.DefaultMavenResourcesFiltering - Copying 0 resource from src\main\resources to target\classes
2025-01-19 22:34:46,841 [Worker-307: Building] INFO  o.a.m.s.f.DefaultMavenResourcesFiltering - skip non existing resourceDirectory C:\Users\surajendra\Work_Requests\Eclipse_Workspace\Spring\Test\11-Spring-DataJPA_CompositeKey\src\test\resources
2025-01-19 22:35:46,410 [Worker-312: Building] INFO  o.a.m.s.f.DefaultMavenResourcesFiltering - Copying 1 resource from src\main\resources to target\classes
2025-01-19 22:35:46,415 [Worker-312: Building] INFO  o.a.m.s.f.DefaultMavenResourcesFiltering - Copying 0 resource from src\main\resources to target\classes
2025-01-19 22:35:46,417 [Worker-312: Building] INFO  o.a.m.s.f.DefaultMavenResourcesFiltering - skip non existing resourceDirectory C:\Users\surajendra\Work_Requests\Eclipse_Workspace\Spring\Test\11-Spring-DataJPA_CompositeKey\src\test\resources
2025-01-19 22:37:07,721 [Worker-312: Building] INFO  o.a.m.s.f.DefaultMavenResourcesFiltering - Copying 1 resource from src\main\resources to target\classes
2025-01-19 22:37:07,726 [Worker-312: Building] INFO  o.a.m.s.f.DefaultMavenResourcesFiltering - Copying 0 resource from src\main\resources to target\classes
2025-01-19 22:37:07,728 [Worker-312: Building] INFO  o.a.m.s.f.DefaultMavenResourcesFiltering - skip non existing resourceDirectory C:\Users\surajendra\Work_Requests\Eclipse_Workspace\Spring\Test\11-Spring-DataJPA_CompositeKey\src\test\resources
2025-01-19 22:37:19,703 [Worker-307: Building] INFO  o.a.m.s.f.DefaultMavenResourcesFiltering - Copying 1 resource from src\main\resources to target\classes
2025-01-19 22:37:19,712 [Worker-307: Building] INFO  o.a.m.s.f.DefaultMavenResourcesFiltering - Copying 0 resource from src\main\resources to target\classes
2025-01-19 22:37:19,715 [Worker-307: Building] INFO  o.a.m.s.f.DefaultMavenResourcesFiltering - skip non existing resourceDirectory C:\Users\surajendra\Work_Requests\Eclipse_Workspace\Spring\Test\11-Spring-DataJPA_CompositeKey\src\test\resources
2025-01-19 22:37:39,791 [Worker-311: Building] INFO  o.a.m.s.f.DefaultMavenResourcesFiltering - Copying 1 resource from src\main\resources to target\classes
2025-01-19 22:37:39,797 [Worker-311: Building] INFO  o.a.m.s.f.DefaultMavenResourcesFiltering - Copying 0 resource from src\main\resources to target\classes
2025-01-19 22:37:39,799 [Worker-311: Building] INFO  o.a.m.s.f.DefaultMavenResourcesFiltering - skip non existing resourceDirectory C:\Users\surajendra\Work_Requests\Eclipse_Workspace\Spring\Test\11-Spring-DataJPA_CompositeKey\src\test\resources
2025-01-19 22:37:43,875 [Worker-310: Building] INFO  o.a.m.s.f.DefaultMavenResourcesFiltering - Copying 1 resource from src\main\resources to target\classes
2025-01-19 22:37:43,881 [Worker-310: Building] INFO  o.a.m.s.f.DefaultMavenResourcesFiltering - Copying 0 resource from src\main\resources to target\classes
2025-01-19 22:37:43,883 [Worker-310: Building] INFO  o.a.m.s.f.DefaultMavenResourcesFiltering - skip non existing resourceDirectory C:\Users\surajendra\Work_Requests\Eclipse_Workspace\Spring\Test\11-Spring-DataJPA_CompositeKey\src\test\resources
2025-01-19 22:42:20,085 [Worker-313: Building] INFO  o.a.m.s.f.DefaultMavenResourcesFiltering - Copying 1 resource from src\main\resources to target\classes
2025-01-19 22:42:20,090 [Worker-313: Building] INFO  o.a.m.s.f.DefaultMavenResourcesFiltering - Copying 0 resource from src\main\resources to target\classes
2025-01-19 22:42:20,092 [Worker-313: Building] INFO  o.a.m.s.f.DefaultMavenResourcesFiltering - skip non existing resourceDirectory C:\Users\surajendra\Work_Requests\Eclipse_Workspace\Spring\Test\11-Spring-DataJPA_CompositeKey\src\test\resources
2025-01-19 22:46:33,228 [Worker-310: Building] INFO  o.a.m.s.f.DefaultMavenResourcesFiltering - Copying 1 resource from src\main\resources to target\classes
2025-01-19 22:46:33,235 [Worker-310: Building] INFO  o.a.m.s.f.DefaultMavenResourcesFiltering - Copying 0 resource from src\main\resources to target\classes
2025-01-19 22:46:33,236 [Worker-310: Building] INFO  o.a.m.s.f.DefaultMavenResourcesFiltering - skip non existing resourceDirectory C:\Users\surajendra\Work_Requests\Eclipse_Workspace\Spring\Test\11-Spring-DataJPA_CompositeKey\src\test\resources
2025-01-19 22:47:30,612 [Worker-310: Building] INFO  o.a.m.s.f.DefaultMavenResourcesFiltering - Copying 1 resource from src\main\resources to target\classes
2025-01-19 22:47:30,616 [Worker-310: Building] INFO  o.a.m.s.f.DefaultMavenResourcesFiltering - Copying 0 resource from src\main\resources to target\classes
2025-01-19 22:47:30,618 [Worker-310: Building] INFO  o.a.m.s.f.DefaultMavenResourcesFiltering - skip non existing resourceDirectory C:\Users\surajendra\Work_Requests\Eclipse_Workspace\Spring\Test\11-Spring-DataJPA_CompositeKey\src\test\resources
2025-01-19 22:48:08,741 [Worker-311: Building] INFO  o.a.m.s.f.DefaultMavenResourcesFiltering - Copying 1 resource from src\main\resources to target\classes
2025-01-19 22:48:08,745 [Worker-311: Building] INFO  o.a.m.s.f.DefaultMavenResourcesFiltering - Copying 0 resource from src\main\resources to target\classes
2025-01-19 22:48:08,746 [Worker-311: Building] INFO  o.a.m.s.f.DefaultMavenResourcesFiltering - skip non existing resourceDirectory C:\Users\surajendra\Work_Requests\Eclipse_Workspace\Spring\Test\11-Spring-DataJPA_CompositeKey\src\test\resources
2025-01-19 22:49:30,669 [Worker-315: Building] INFO  o.a.m.s.f.DefaultMavenResourcesFiltering - Copying 1 resource from src\main\resources to target\classes
2025-01-19 22:49:30,675 [Worker-315: Building] INFO  o.a.m.s.f.DefaultMavenResourcesFiltering - Copying 0 resource from src\main\resources to target\classes
2025-01-19 22:49:30,676 [Worker-315: Building] INFO  o.a.m.s.f.DefaultMavenResourcesFiltering - skip non existing resourceDirectory C:\Users\surajendra\Work_Requests\Eclipse_Workspace\Spring\Test\11-Spring-DataJPA_CompositeKey\src\test\resources
2025-01-19 22:49:43,330 [Worker-312: Building] INFO  o.a.m.s.f.DefaultMavenResourcesFiltering - Copying 1 resource from src\main\resources to target\classes
2025-01-19 22:49:43,336 [Worker-312: Building] INFO  o.a.m.s.f.DefaultMavenResourcesFiltering - Copying 0 resource from src\main\resources to target\classes
2025-01-19 22:49:43,337 [Worker-312: Building] INFO  o.a.m.s.f.DefaultMavenResourcesFiltering - skip non existing resourceDirectory C:\Users\surajendra\Work_Requests\Eclipse_Workspace\Spring\Test\11-Spring-DataJPA_CompositeKey\src\test\resources
2025-01-19 22:57:23,146 [Worker-318: Building] INFO  o.a.m.s.f.DefaultMavenResourcesFiltering - Copying 1 resource from src\main\resources to target\classes
2025-01-19 22:57:23,153 [Worker-318: Building] INFO  o.a.m.s.f.DefaultMavenResourcesFiltering - Copying 0 resource from src\main\resources to target\classes
2025-01-19 22:57:23,155 [Worker-318: Building] INFO  o.a.m.s.f.DefaultMavenResourcesFiltering - skip non existing resourceDirectory C:\Users\surajendra\Work_Requests\Eclipse_Workspace\Spring\Test\11-Spring-DataJPA_CompositeKey\src\test\resources
2025-01-19 22:58:25,029 [Worker-315: Building] INFO  o.a.m.s.f.DefaultMavenResourcesFiltering - Copying 1 resource from src\main\resources to target\classes
2025-01-19 22:58:25,033 [Worker-315: Building] INFO  o.a.m.s.f.DefaultMavenResourcesFiltering - Copying 0 resource from src\main\resources to target\classes
2025-01-19 22:58:25,034 [Worker-315: Building] INFO  o.a.m.s.f.DefaultMavenResourcesFiltering - skip non existing resourceDirectory C:\Users\surajendra\Work_Requests\Eclipse_Workspace\Spring\Test\11-Spring-DataJPA_CompositeKey\src\test\resources
2025-01-19 22:58:45,712 [Worker-318: Building] INFO  o.a.m.s.f.DefaultMavenResourcesFiltering - Copying 1 resource from src\main\resources to target\classes
2025-01-19 22:58:45,716 [Worker-318: Building] INFO  o.a.m.s.f.DefaultMavenResourcesFiltering - Copying 0 resource from src\main\resources to target\classes
2025-01-19 22:58:45,717 [Worker-318: Building] INFO  o.a.m.s.f.DefaultMavenResourcesFiltering - skip non existing resourceDirectory C:\Users\surajendra\Work_Requests\Eclipse_Workspace\Spring\Test\11-Spring-DataJPA_CompositeKey\src\test\resources
2025-01-20 17:39:32,683 [Worker-1: Loading available Gradle versions] INFO  o.e.b.c.i.u.g.PublishedGradleVersions - Gradle version information cache is out-of-date. Trying to update.
2025-01-20 18:08:42,476 [Worker-5: Building] INFO  o.a.m.s.f.DefaultMavenResourcesFiltering - Copying 1 resource from src\main\resources to target\classes
2025-01-20 18:08:42,498 [Worker-5: Building] INFO  o.a.m.s.f.DefaultMavenResourcesFiltering - Copying 0 resource from src\main\resources to target\classes
2025-01-20 18:08:42,505 [Worker-5: Building] INFO  o.a.m.s.f.DefaultMavenResourcesFiltering - skip non existing resourceDirectory C:\Users\surajendra\Work_Requests\Eclipse_Workspace\Spring\Test\10-Spring-DataJPA_Timestamp\src\test\resources
2025-01-20 18:11:35,213 [Worker-5: Building] INFO  o.a.m.s.f.DefaultMavenResourcesFiltering - Copying 1 resource from src\main\resources to target\classes
2025-01-20 18:11:35,222 [Worker-5: Building] INFO  o.a.m.s.f.DefaultMavenResourcesFiltering - Copying 0 resource from src\main\resources to target\classes
2025-01-20 18:11:35,225 [Worker-5: Building] INFO  o.a.m.s.f.DefaultMavenResourcesFiltering - skip non existing resourceDirectory C:\Users\surajendra\Work_Requests\Eclipse_Workspace\Spring\Test\10-Spring-DataJPA_Timestamp\src\test\resources
2025-01-20 18:12:52,452 [Worker-17: Building] INFO  o.a.m.s.f.DefaultMavenResourcesFiltering - Copying 1 resource from src\main\resources to target\classes
2025-01-20 18:12:52,461 [Worker-17: Building] INFO  o.a.m.s.f.DefaultMavenResourcesFiltering - Copying 0 resource from src\main\resources to target\classes
2025-01-20 18:12:52,466 [Worker-17: Building] INFO  o.a.m.s.f.DefaultMavenResourcesFiltering - skip non existing resourceDirectory C:\Users\surajendra\Work_Requests\Eclipse_Workspace\Spring\Test\10-Spring-DataJPA_Timestamp\src\test\resources
2025-01-20 18:13:25,929 [Worker-15: Building] INFO  o.a.m.s.f.DefaultMavenResourcesFiltering - Copying 1 resource from src\main\resources to target\classes
2025-01-20 18:13:25,936 [Worker-15: Building] INFO  o.a.m.s.f.DefaultMavenResourcesFiltering - Copying 0 resource from src\main\resources to target\classes
2025-01-20 18:13:25,939 [Worker-15: Building] INFO  o.a.m.s.f.DefaultMavenResourcesFiltering - skip non existing resourceDirectory C:\Users\surajendra\Work_Requests\Eclipse_Workspace\Spring\Test\10-Spring-DataJPA_Timestamp\src\test\resources
2025-01-20 18:13:35,867 [Worker-20: Building] INFO  o.a.m.s.f.DefaultMavenResourcesFiltering - Copying 1 resource from src\main\resources to target\classes
2025-01-20 18:13:35,878 [Worker-20: Building] INFO  o.a.m.s.f.DefaultMavenResourcesFiltering - Copying 0 resource from src\main\resources to target\classes
2025-01-20 18:13:35,884 [Worker-20: Building] INFO  o.a.m.s.f.DefaultMavenResourcesFiltering - skip non existing resourceDirectory C:\Users\surajendra\Work_Requests\Eclipse_Workspace\Spring\Test\10-Spring-DataJPA_Timestamp\src\test\resources
2025-01-20 18:14:56,756 [Worker-13: Updating Maven Project] INFO  o.e.m.c.i.p.ProjectConfigurationManager - Update started
2025-01-20 18:14:57,570 [Worker-13: Updating Maven Project] INFO  o.e.m.c.i.l.LifecycleMappingFactory - Using org.eclipse.m2e.jdt.JarLifecycleMapping lifecycle mapping for MavenProject: com.in.akshay:09-Spring-DataJPA_TimeStamps:0.0.1-SNAPSHOT @ C:\Users\surajendra\Work_Requests\Eclipse_Workspace\Spring\Test\10-Spring-DataJPA_Timestamp\pom.xml.
2025-01-20 18:14:58,190 [Worker-13: Updating Maven Project] INFO  o.e.m.j.i.AbstractJavaProjectConfigurator - Adding source folder /10-Spring-DataJPA_Timestamp/src/main/java
2025-01-20 18:14:58,193 [Worker-13: Updating Maven Project] INFO  o.e.m.j.i.AbstractJavaProjectConfigurator - Adding resource folder /10-Spring-DataJPA_Timestamp/src/main/resources
2025-01-20 18:14:58,193 [Worker-13: Updating Maven Project] INFO  o.e.m.j.i.AbstractJavaProjectConfigurator - Adding resource folder /10-Spring-DataJPA_Timestamp/src/main/resources
2025-01-20 18:14:58,194 [Worker-13: Updating Maven Project] INFO  o.e.m.j.i.AbstractJavaProjectConfigurator - Adding source folder /10-Spring-DataJPA_Timestamp/src/test/java
2025-01-20 18:14:58,195 [Worker-13: Updating Maven Project] INFO  o.e.m.j.i.AbstractJavaProjectConfigurator - Adding resource folder /10-Spring-DataJPA_Timestamp/src/test/resources
2025-01-20 18:14:58,723 [Worker-13: Updating Maven Project] INFO  o.e.m.c.i.p.ProjectConfigurationManager - Update completed for 1 poms: local refresh takes 0.00 sec, refresh facades takes 1.00 sec, update config takes 0.00 sec 
2025-01-20 18:14:59,070 [Worker-17: Building] INFO  o.a.m.s.f.DefaultMavenResourcesFiltering - Copying 1 resource from src\main\resources to target\classes
2025-01-20 18:14:59,090 [Worker-17: Building] INFO  o.a.m.s.f.DefaultMavenResourcesFiltering - Copying 0 resource from src\main\resources to target\classes
2025-01-20 18:14:59,094 [Worker-17: Building] INFO  o.a.m.s.f.DefaultMavenResourcesFiltering - skip non existing resourceDirectory C:\Users\surajendra\Work_Requests\Eclipse_Workspace\Spring\Test\10-Spring-DataJPA_Timestamp\src\test\resources
2025-01-20 18:16:43,861 [Worker-15: Building] INFO  o.a.m.s.f.DefaultMavenResourcesFiltering - Copying 1 resource from src\main\resources to target\classes
2025-01-20 18:16:43,873 [Worker-15: Building] INFO  o.a.m.s.f.DefaultMavenResourcesFiltering - Copying 0 resource from src\main\resources to target\classes
2025-01-20 18:16:43,879 [Worker-15: Building] INFO  o.a.m.s.f.DefaultMavenResourcesFiltering - skip non existing resourceDirectory C:\Users\surajendra\Work_Requests\Eclipse_Workspace\Spring\Test\10-Spring-DataJPA_Timestamp\src\test\resources
2025-01-20 18:21:04,323 [Worker-19: Building] INFO  o.a.m.s.f.DefaultMavenResourcesFiltering - Copying 1 resource from src\main\resources to target\classes
2025-01-20 18:21:04,346 [Worker-19: Building] INFO  o.a.m.s.f.DefaultMavenResourcesFiltering - Copying 0 resource from src\main\resources to target\classes
2025-01-20 18:21:04,349 [Worker-19: Building] INFO  o.a.m.s.f.DefaultMavenResourcesFiltering - skip non existing resourceDirectory C:\Users\surajendra\Work_Requests\Eclipse_Workspace\Spring\Test\08-Spring-DataJPA_JpaRepository\src\test\resources
2025-01-20 18:36:32,591 [Worker-22: Building] INFO  o.a.m.s.f.DefaultMavenResourcesFiltering - Copying 1 resource from src\main\resources to target\classes
2025-01-20 18:36:32,621 [Worker-22: Building] INFO  o.a.m.s.f.DefaultMavenResourcesFiltering - Copying 0 resource from src\main\resources to target\classes
2025-01-20 18:36:32,624 [Worker-22: Building] INFO  o.a.m.s.f.DefaultMavenResourcesFiltering - skip non existing resourceDirectory C:\Users\surajendra\Work_Requests\Eclipse_Workspace\Spring\Test\08-Spring-DataJPA_JpaRepository\src\test\resources
2025-01-20 18:39:27,708 [Worker-27: Building] INFO  o.a.m.s.f.DefaultMavenResourcesFiltering - Copying 1 resource from src\main\resources to target\classes
2025-01-20 18:39:27,725 [Worker-27: Building] INFO  o.a.m.s.f.DefaultMavenResourcesFiltering - Copying 0 resource from src\main\resources to target\classes
2025-01-20 18:39:27,730 [Worker-27: Building] INFO  o.a.m.s.f.DefaultMavenResourcesFiltering - skip non existing resourceDirectory C:\Users\surajendra\Work_Requests\Eclipse_Workspace\Spring\Test\10-Spring-DataJPA_Timestamp\src\test\resources
2025-01-20 18:42:52,568 [Worker-31: Building] INFO  o.a.m.s.f.DefaultMavenResourcesFiltering - Copying 1 resource from src\main\resources to target\classes
2025-01-20 18:42:52,577 [Worker-31: Building] INFO  o.a.m.s.f.DefaultMavenResourcesFiltering - Copying 0 resource from src\main\resources to target\classes
2025-01-20 18:42:52,581 [Worker-31: Building] INFO  o.a.m.s.f.DefaultMavenResourcesFiltering - skip non existing resourceDirectory C:\Users\surajendra\Work_Requests\Eclipse_Workspace\Spring\Test\10-Spring-DataJPA_Timestamp\src\test\resources
2025-01-20 18:48:13,544 [Worker-34: Import Getting Started Content] INFO  o.e.m.c.i.l.LifecycleMappingFactory - Using org.eclipse.m2e.jdt.JarLifecycleMapping lifecycle mapping for MavenProject: com.in.akshay:09-Spring-DataJPA_TimeStamps:0.0.1-SNAPSHOT @ C:\Users\surajendra\Work_Requests\Eclipse_Workspace\Spring\Test\12-Spring-DataJPA_CustomGenerator\pom.xml.
2025-01-20 18:48:14,148 [Worker-34: Import Getting Started Content] INFO  o.e.m.j.i.AbstractJavaProjectConfigurator - Adding source folder /12-Spring-DataJPA_CustomGenerator/src/main/java
2025-01-20 18:48:14,149 [Worker-34: Import Getting Started Content] INFO  o.e.m.j.i.AbstractJavaProjectConfigurator - Adding resource folder /12-Spring-DataJPA_CustomGenerator/src/main/resources
2025-01-20 18:48:14,154 [Worker-34: Import Getting Started Content] INFO  o.e.m.j.i.AbstractJavaProjectConfigurator - Adding resource folder /12-Spring-DataJPA_CustomGenerator/src/main/resources
2025-01-20 18:48:14,158 [Worker-34: Import Getting Started Content] INFO  o.e.m.j.i.AbstractJavaProjectConfigurator - Adding source folder /12-Spring-DataJPA_CustomGenerator/src/test/java
2025-01-20 18:48:14,158 [Worker-34: Import Getting Started Content] INFO  o.e.m.j.i.AbstractJavaProjectConfigurator - Adding resource folder /12-Spring-DataJPA_CustomGenerator/src/test/resources
2025-01-20 18:48:14,385 [Worker-34: Import Getting Started Content] INFO  o.e.m.c.i.p.ProjectConfigurationManager - Imported and configured 1 project(s) in 1 sec
2025-01-20 18:48:14,387 [Worker-34: Import Getting Started Content] INFO  o.e.m.c.i.p.ProjectConfigurationManager - Update started
2025-01-20 18:48:14,686 [Worker-34: Import Getting Started Content] INFO  o.e.m.c.i.l.LifecycleMappingFactory - Using org.eclipse.m2e.jdt.JarLifecycleMapping lifecycle mapping for MavenProject: com.in.akshay:09-Spring-DataJPA_TimeStamps:0.0.1-SNAPSHOT @ C:\Users\surajendra\Work_Requests\Eclipse_Workspace\Spring\Test\12-Spring-DataJPA_CustomGenerator\pom.xml.
2025-01-20 18:48:15,123 [Worker-34: Import Getting Started Content] INFO  o.e.m.j.i.AbstractJavaProjectConfigurator - Adding source folder /12-Spring-DataJPA_CustomGenerator/src/main/java
2025-01-20 18:48:15,124 [Worker-34: Import Getting Started Content] INFO  o.e.m.j.i.AbstractJavaProjectConfigurator - Adding resource folder /12-Spring-DataJPA_CustomGenerator/src/main/resources
2025-01-20 18:48:15,125 [Worker-34: Import Getting Started Content] INFO  o.e.m.j.i.AbstractJavaProjectConfigurator - Adding resource folder /12-Spring-DataJPA_CustomGenerator/src/main/resources
2025-01-20 18:48:15,125 [Worker-34: Import Getting Started Content] INFO  o.e.m.j.i.AbstractJavaProjectConfigurator - Adding source folder /12-Spring-DataJPA_CustomGenerator/src/test/java
2025-01-20 18:48:15,126 [Worker-34: Import Getting Started Content] INFO  o.e.m.j.i.AbstractJavaProjectConfigurator - Adding resource folder /12-Spring-DataJPA_CustomGenerator/src/test/resources
2025-01-20 18:48:15,455 [Worker-34: Import Getting Started Content] INFO  o.e.m.c.i.p.ProjectConfigurationManager - Update completed for 1 poms: local refresh takes 0.00 sec, refresh facades takes 0.00 sec, update config takes 0.00 sec 
2025-01-20 18:48:15,877 [Worker-33: Building] INFO  o.a.m.s.f.DefaultMavenResourcesFiltering - Copying 1 resource from src\main\resources to target\classes
2025-01-20 18:48:15,894 [Worker-33: Building] INFO  o.a.m.s.f.DefaultMavenResourcesFiltering - Copying 0 resource from src\main\resources to target\classes
2025-01-20 18:48:15,899 [Worker-33: Building] INFO  o.a.m.s.f.DefaultMavenResourcesFiltering - skip non existing resourceDirectory C:\Users\surajendra\Work_Requests\Eclipse_Workspace\Spring\Test\12-Spring-DataJPA_CustomGenerator\src\test\resources
2025-01-20 18:48:39,522 [Worker-35: Building] INFO  o.a.m.s.f.DefaultMavenResourcesFiltering - Copying 1 resource from src\main\resources to target\classes
2025-01-20 18:48:39,529 [Worker-35: Building] INFO  o.a.m.s.f.DefaultMavenResourcesFiltering - Copying 0 resource from src\main\resources to target\classes
2025-01-20 18:48:39,532 [Worker-35: Building] INFO  o.a.m.s.f.DefaultMavenResourcesFiltering - skip non existing resourceDirectory C:\Users\surajendra\Work_Requests\Eclipse_Workspace\Spring\Test\12-Spring-DataJPA_CustomGenerator\src\test\resources
2025-01-20 18:51:04,144 [Worker-36: Building] INFO  o.a.m.s.f.DefaultMavenResourcesFiltering - Copying 1 resource from src\main\resources to target\classes
2025-01-20 18:51:04,148 [Worker-36: Building] INFO  o.a.m.s.f.DefaultMavenResourcesFiltering - Copying 0 resource from src\main\resources to target\classes
2025-01-20 18:51:04,151 [Worker-36: Building] INFO  o.a.m.s.f.DefaultMavenResourcesFiltering - skip non existing resourceDirectory C:\Users\surajendra\Work_Requests\Eclipse_Workspace\Spring\Test\12-Spring-DataJPA_CustomGenerator\src\test\resources
2025-01-20 18:57:43,215 [Worker-34: Building] INFO  o.a.m.s.f.DefaultMavenResourcesFiltering - Copying 1 resource from src\main\resources to target\classes
2025-01-20 18:57:43,221 [Worker-34: Building] INFO  o.a.m.s.f.DefaultMavenResourcesFiltering - Copying 0 resource from src\main\resources to target\classes
2025-01-20 18:57:43,224 [Worker-34: Building] INFO  o.a.m.s.f.DefaultMavenResourcesFiltering - skip non existing resourceDirectory C:\Users\surajendra\Work_Requests\Eclipse_Workspace\Spring\Test\12-Spring-DataJPA_CustomGenerator\src\test\resources
2025-01-20 18:59:59,827 [Worker-40: Building] INFO  o.a.m.s.f.DefaultMavenResourcesFiltering - Copying 1 resource from src\main\resources to target\classes
2025-01-20 18:59:59,832 [Worker-40: Building] INFO  o.a.m.s.f.DefaultMavenResourcesFiltering - Copying 0 resource from src\main\resources to target\classes
2025-01-20 18:59:59,834 [Worker-40: Building] INFO  o.a.m.s.f.DefaultMavenResourcesFiltering - skip non existing resourceDirectory C:\Users\surajendra\Work_Requests\Eclipse_Workspace\Spring\Test\12-Spring-DataJPA_CustomGenerator\src\test\resources
2025-01-20 19:00:02,102 [Worker-38: Building] INFO  o.a.m.s.f.DefaultMavenResourcesFiltering - Copying 1 resource from src\main\resources to target\classes
2025-01-20 19:00:02,109 [Worker-38: Building] INFO  o.a.m.s.f.DefaultMavenResourcesFiltering - Copying 0 resource from src\main\resources to target\classes
2025-01-20 19:00:02,111 [Worker-38: Building] INFO  o.a.m.s.f.DefaultMavenResourcesFiltering - skip non existing resourceDirectory C:\Users\surajendra\Work_Requests\Eclipse_Workspace\Spring\Test\12-Spring-DataJPA_CustomGenerator\src\test\resources
2025-01-20 19:00:46,996 [Worker-34: Building] INFO  o.a.m.s.f.DefaultMavenResourcesFiltering - Copying 1 resource from src\main\resources to target\classes
2025-01-20 19:00:47,000 [Worker-34: Building] INFO  o.a.m.s.f.DefaultMavenResourcesFiltering - Copying 0 resource from src\main\resources to target\classes
2025-01-20 19:00:47,003 [Worker-34: Building] INFO  o.a.m.s.f.DefaultMavenResourcesFiltering - skip non existing resourceDirectory C:\Users\surajendra\Work_Requests\Eclipse_Workspace\Spring\Test\12-Spring-DataJPA_CustomGenerator\src\test\resources
2025-01-20 19:15:37,491 [Worker-33: Building] INFO  o.a.m.s.f.DefaultMavenResourcesFiltering - Copying 1 resource from src\main\resources to target\classes
2025-01-20 19:15:37,496 [Worker-33: Building] INFO  o.a.m.s.f.DefaultMavenResourcesFiltering - Copying 0 resource from src\main\resources to target\classes
2025-01-20 19:15:37,498 [Worker-33: Building] INFO  o.a.m.s.f.DefaultMavenResourcesFiltering - skip non existing resourceDirectory C:\Users\surajendra\Work_Requests\Eclipse_Workspace\Spring\Test\12-Spring-DataJPA_CustomGenerator\src\test\resources
2025-01-20 19:15:49,596 [Worker-42: Building] INFO  o.a.m.s.f.DefaultMavenResourcesFiltering - Copying 1 resource from src\main\resources to target\classes
2025-01-20 19:15:49,599 [Worker-42: Building] INFO  o.a.m.s.f.DefaultMavenResourcesFiltering - Copying 0 resource from src\main\resources to target\classes
2025-01-20 19:15:49,601 [Worker-42: Building] INFO  o.a.m.s.f.DefaultMavenResourcesFiltering - skip non existing resourceDirectory C:\Users\surajendra\Work_Requests\Eclipse_Workspace\Spring\Test\12-Spring-DataJPA_CustomGenerator\src\test\resources
2025-01-20 19:16:38,425 [Worker-34: Building] INFO  o.a.m.s.f.DefaultMavenResourcesFiltering - Copying 1 resource from src\main\resources to target\classes
2025-01-20 19:16:38,429 [Worker-34: Building] INFO  o.a.m.s.f.DefaultMavenResourcesFiltering - Copying 0 resource from src\main\resources to target\classes
2025-01-20 19:16:38,431 [Worker-34: Building] INFO  o.a.m.s.f.DefaultMavenResourcesFiltering - skip non existing resourceDirectory C:\Users\surajendra\Work_Requests\Eclipse_Workspace\Spring\Test\12-Spring-DataJPA_CustomGenerator\src\test\resources
2025-01-20 19:21:01,945 [Worker-46: Building] INFO  o.a.m.s.f.DefaultMavenResourcesFiltering - Copying 1 resource from src\main\resources to target\classes
2025-01-20 19:21:01,951 [Worker-46: Building] INFO  o.a.m.s.f.DefaultMavenResourcesFiltering - Copying 0 resource from src\main\resources to target\classes
2025-01-20 19:21:01,953 [Worker-46: Building] INFO  o.a.m.s.f.DefaultMavenResourcesFiltering - skip non existing resourceDirectory C:\Users\surajendra\Work_Requests\Eclipse_Workspace\Spring\Test\12-Spring-DataJPA_CustomGenerator\src\test\resources
2025-01-20 19:21:20,072 [Worker-33: Building] INFO  o.a.m.s.f.DefaultMavenResourcesFiltering - Copying 1 resource from src\main\resources to target\classes
2025-01-20 19:21:20,079 [Worker-33: Building] INFO  o.a.m.s.f.DefaultMavenResourcesFiltering - Copying 0 resource from src\main\resources to target\classes
2025-01-20 19:21:20,082 [Worker-33: Building] INFO  o.a.m.s.f.DefaultMavenResourcesFiltering - skip non existing resourceDirectory C:\Users\surajendra\Work_Requests\Eclipse_Workspace\Spring\Test\12-Spring-DataJPA_CustomGenerator\src\test\resources
2025-01-20 19:23:57,505 [Worker-46: Building] INFO  o.a.m.s.f.DefaultMavenResourcesFiltering - Copying 1 resource from src\main\resources to target\classes
2025-01-20 19:23:57,511 [Worker-46: Building] INFO  o.a.m.s.f.DefaultMavenResourcesFiltering - Copying 0 resource from src\main\resources to target\classes
2025-01-20 19:23:57,514 [Worker-46: Building] INFO  o.a.m.s.f.DefaultMavenResourcesFiltering - skip non existing resourceDirectory C:\Users\surajendra\Work_Requests\Eclipse_Workspace\Spring\Test\12-Spring-DataJPA_CustomGenerator\src\test\resources
2025-01-20 19:24:25,597 [Worker-44: Building] INFO  o.a.m.s.f.DefaultMavenResourcesFiltering - Copying 1 resource from src\main\resources to target\classes
2025-01-20 19:24:25,600 [Worker-44: Building] INFO  o.a.m.s.f.DefaultMavenResourcesFiltering - Copying 0 resource from src\main\resources to target\classes
2025-01-20 19:24:25,603 [Worker-44: Building] INFO  o.a.m.s.f.DefaultMavenResourcesFiltering - skip non existing resourceDirectory C:\Users\surajendra\Work_Requests\Eclipse_Workspace\Spring\Test\12-Spring-DataJPA_CustomGenerator\src\test\resources
2025-01-20 19:26:17,390 [Worker-45: Building] INFO  o.a.m.s.f.DefaultMavenResourcesFiltering - Copying 1 resource from src\main\resources to target\classes
2025-01-20 19:26:17,396 [Worker-45: Building] INFO  o.a.m.s.f.DefaultMavenResourcesFiltering - Copying 0 resource from src\main\resources to target\classes
2025-01-20 19:26:17,398 [Worker-45: Building] INFO  o.a.m.s.f.DefaultMavenResourcesFiltering - skip non existing resourceDirectory C:\Users\surajendra\Work_Requests\Eclipse_Workspace\Spring\Test\12-Spring-DataJPA_CustomGenerator\src\test\resources
2025-01-20 19:28:29,414 [Worker-49: Building] INFO  o.a.m.s.f.DefaultMavenResourcesFiltering - Copying 1 resource from src\main\resources to target\classes
2025-01-20 19:28:29,420 [Worker-49: Building] INFO  o.a.m.s.f.DefaultMavenResourcesFiltering - Copying 0 resource from src\main\resources to target\classes
2025-01-20 19:28:29,422 [Worker-49: Building] INFO  o.a.m.s.f.DefaultMavenResourcesFiltering - skip non existing resourceDirectory C:\Users\surajendra\Work_Requests\Eclipse_Workspace\Spring\Test\12-Spring-DataJPA_CustomGenerator\src\test\resources
2025-01-20 19:28:52,306 [Worker-42: Building] INFO  o.a.m.s.f.DefaultMavenResourcesFiltering - Copying 1 resource from src\main\resources to target\classes
2025-01-20 19:28:52,310 [Worker-42: Building] INFO  o.a.m.s.f.DefaultMavenResourcesFiltering - Copying 0 resource from src\main\resources to target\classes
2025-01-20 19:28:52,312 [Worker-42: Building] INFO  o.a.m.s.f.DefaultMavenResourcesFiltering - skip non existing resourceDirectory C:\Users\surajendra\Work_Requests\Eclipse_Workspace\Spring\Test\12-Spring-DataJPA_CustomGenerator\src\test\resources
2025-01-20 19:30:22,645 [Worker-48: Building] INFO  o.a.m.s.f.DefaultMavenResourcesFiltering - Copying 1 resource from src\main\resources to target\classes
2025-01-20 19:30:22,651 [Worker-48: Building] INFO  o.a.m.s.f.DefaultMavenResourcesFiltering - Copying 0 resource from src\main\resources to target\classes
2025-01-20 19:30:22,653 [Worker-48: Building] INFO  o.a.m.s.f.DefaultMavenResourcesFiltering - skip non existing resourceDirectory C:\Users\surajendra\Work_Requests\Eclipse_Workspace\Spring\Test\12-Spring-DataJPA_CustomGenerator\src\test\resources
2025-01-20 19:31:17,916 [Worker-51: Building] INFO  o.a.m.s.f.DefaultMavenResourcesFiltering - Copying 1 resource from src\main\resources to target\classes
2025-01-20 19:31:17,920 [Worker-51: Building] INFO  o.a.m.s.f.DefaultMavenResourcesFiltering - Copying 0 resource from src\main\resources to target\classes
2025-01-20 19:31:17,922 [Worker-51: Building] INFO  o.a.m.s.f.DefaultMavenResourcesFiltering - skip non existing resourceDirectory C:\Users\surajendra\Work_Requests\Eclipse_Workspace\Spring\Test\12-Spring-DataJPA_CustomGenerator\src\test\resources
2025-01-20 19:31:25,225 [Worker-47: Building] INFO  o.a.m.s.f.DefaultMavenResourcesFiltering - Copying 1 resource from src\main\resources to target\classes
2025-01-20 19:31:25,231 [Worker-47: Building] INFO  o.a.m.s.f.DefaultMavenResourcesFiltering - Copying 0 resource from src\main\resources to target\classes
2025-01-20 19:31:25,233 [Worker-47: Building] INFO  o.a.m.s.f.DefaultMavenResourcesFiltering - skip non existing resourceDirectory C:\Users\surajendra\Work_Requests\Eclipse_Workspace\Spring\Test\12-Spring-DataJPA_CustomGenerator\src\test\resources
2025-01-20 19:34:33,158 [Worker-44: Building] INFO  o.a.m.s.f.DefaultMavenResourcesFiltering - Copying 1 resource from src\main\resources to target\classes
2025-01-20 19:34:33,161 [Worker-44: Building] INFO  o.a.m.s.f.DefaultMavenResourcesFiltering - Copying 0 resource from src\main\resources to target\classes
2025-01-20 19:34:33,163 [Worker-44: Building] INFO  o.a.m.s.f.DefaultMavenResourcesFiltering - skip non existing resourceDirectory C:\Users\surajendra\Work_Requests\Eclipse_Workspace\Spring\Test\12-Spring-DataJPA_CustomGenerator\src\test\resources
2025-01-20 19:34:44,906 [Worker-54: Building] INFO  o.a.m.s.f.DefaultMavenResourcesFiltering - Copying 1 resource from src\main\resources to target\classes
2025-01-20 19:34:44,912 [Worker-54: Building] INFO  o.a.m.s.f.DefaultMavenResourcesFiltering - Copying 0 resource from src\main\resources to target\classes
2025-01-20 19:34:44,914 [Worker-54: Building] INFO  o.a.m.s.f.DefaultMavenResourcesFiltering - skip non existing resourceDirectory C:\Users\surajendra\Work_Requests\Eclipse_Workspace\Spring\Test\12-Spring-DataJPA_CustomGenerator\src\test\resources
2025-01-20 19:35:31,435 [Worker-55: Building] INFO  o.a.m.s.f.DefaultMavenResourcesFiltering - Copying 1 resource from src\main\resources to target\classes
2025-01-20 19:35:31,439 [Worker-55: Building] INFO  o.a.m.s.f.DefaultMavenResourcesFiltering - Copying 0 resource from src\main\resources to target\classes
2025-01-20 19:35:31,441 [Worker-55: Building] INFO  o.a.m.s.f.DefaultMavenResourcesFiltering - skip non existing resourceDirectory C:\Users\surajendra\Work_Requests\Eclipse_Workspace\Spring\Test\12-Spring-DataJPA_CustomGenerator\src\test\resources
2025-01-20 19:35:42,578 [Worker-50: Building] INFO  o.a.m.s.f.DefaultMavenResourcesFiltering - Copying 1 resource from src\main\resources to target\classes
2025-01-20 19:35:42,583 [Worker-50: Building] INFO  o.a.m.s.f.DefaultMavenResourcesFiltering - Copying 0 resource from src\main\resources to target\classes
2025-01-20 19:35:42,585 [Worker-50: Building] INFO  o.a.m.s.f.DefaultMavenResourcesFiltering - skip non existing resourceDirectory C:\Users\surajendra\Work_Requests\Eclipse_Workspace\Spring\Test\12-Spring-DataJPA_CustomGenerator\src\test\resources
2025-01-20 19:36:48,048 [Worker-52: Building] INFO  o.a.m.s.f.DefaultMavenResourcesFiltering - Copying 1 resource from src\main\resources to target\classes
2025-01-20 19:36:48,056 [Worker-52: Building] INFO  o.a.m.s.f.DefaultMavenResourcesFiltering - Copying 0 resource from src\main\resources to target\classes
2025-01-20 19:36:48,058 [Worker-52: Building] INFO  o.a.m.s.f.DefaultMavenResourcesFiltering - skip non existing resourceDirectory C:\Users\surajendra\Work_Requests\Eclipse_Workspace\Spring\Test\12-Spring-DataJPA_CustomGenerator\src\test\resources
2025-01-20 19:37:21,931 [Worker-54: Building] INFO  o.a.m.s.f.DefaultMavenResourcesFiltering - Copying 1 resource from src\main\resources to target\classes
2025-01-20 19:37:21,937 [Worker-54: Building] INFO  o.a.m.s.f.DefaultMavenResourcesFiltering - Copying 0 resource from src\main\resources to target\classes
2025-01-20 19:37:21,938 [Worker-54: Building] INFO  o.a.m.s.f.DefaultMavenResourcesFiltering - skip non existing resourceDirectory C:\Users\surajendra\Work_Requests\Eclipse_Workspace\Spring\Test\12-Spring-DataJPA_CustomGenerator\src\test\resources
2025-01-20 19:37:37,824 [Worker-50: Building] INFO  o.a.m.s.f.DefaultMavenResourcesFiltering - Copying 1 resource from src\main\resources to target\classes
2025-01-20 19:37:37,829 [Worker-50: Building] INFO  o.a.m.s.f.DefaultMavenResourcesFiltering - Copying 0 resource from src\main\resources to target\classes
2025-01-20 19:37:37,831 [Worker-50: Building] INFO  o.a.m.s.f.DefaultMavenResourcesFiltering - skip non existing resourceDirectory C:\Users\surajendra\Work_Requests\Eclipse_Workspace\Spring\Test\12-Spring-DataJPA_CustomGenerator\src\test\resources
2025-01-20 19:38:49,301 [Worker-56: Building] INFO  o.a.m.s.f.DefaultMavenResourcesFiltering - Copying 1 resource from src\main\resources to target\classes
2025-01-20 19:38:49,306 [Worker-56: Building] INFO  o.a.m.s.f.DefaultMavenResourcesFiltering - Copying 0 resource from src\main\resources to target\classes
2025-01-20 19:38:49,308 [Worker-56: Building] INFO  o.a.m.s.f.DefaultMavenResourcesFiltering - skip non existing resourceDirectory C:\Users\surajendra\Work_Requests\Eclipse_Workspace\Spring\Test\12-Spring-DataJPA_CustomGenerator\src\test\resources
2025-01-20 19:39:30,485 [Worker-50: Launching 12-Spring-DataJPA_CustomGenerator - Application] INFO  o.a.m.s.f.DefaultMavenResourcesFiltering - Copying 1 resource from src\main\resources to target\classes
2025-01-20 19:39:30,489 [Worker-50: Launching 12-Spring-DataJPA_CustomGenerator - Application] INFO  o.a.m.s.f.DefaultMavenResourcesFiltering - Copying 0 resource from src\main\resources to target\classes
2025-01-20 19:39:30,492 [Worker-50: Launching 12-Spring-DataJPA_CustomGenerator - Application] INFO  o.a.m.s.f.DefaultMavenResourcesFiltering - skip non existing resourceDirectory C:\Users\surajendra\Work_Requests\Eclipse_Workspace\Spring\Test\12-Spring-DataJPA_CustomGenerator\src\test\resources
2025-01-20 19:40:18,808 [Worker-55: Building] INFO  o.a.m.s.f.DefaultMavenResourcesFiltering - Copying 1 resource from src\main\resources to target\classes
2025-01-20 19:40:18,812 [Worker-55: Building] INFO  o.a.m.s.f.DefaultMavenResourcesFiltering - Copying 0 resource from src\main\resources to target\classes
2025-01-20 19:40:18,813 [Worker-55: Building] INFO  o.a.m.s.f.DefaultMavenResourcesFiltering - skip non existing resourceDirectory C:\Users\surajendra\Work_Requests\Eclipse_Workspace\Spring\Test\12-Spring-DataJPA_CustomGenerator\src\test\resources
2025-01-20 19:40:30,875 [Worker-50: Building] INFO  o.a.m.s.f.DefaultMavenResourcesFiltering - Copying 1 resource from src\main\resources to target\classes
2025-01-20 19:40:30,880 [Worker-50: Building] INFO  o.a.m.s.f.DefaultMavenResourcesFiltering - Copying 0 resource from src\main\resources to target\classes
2025-01-20 19:40:30,884 [Worker-50: Building] INFO  o.a.m.s.f.DefaultMavenResourcesFiltering - skip non existing resourceDirectory C:\Users\surajendra\Work_Requests\Eclipse_Workspace\Spring\Test\12-Spring-DataJPA_CustomGenerator\src\test\resources
2025-01-20 20:54:13,021 [Worker-68: Building] INFO  o.a.m.s.f.DefaultMavenResourcesFiltering - Copying 1 resource from src\main\resources to target\classes
2025-01-20 20:54:13,029 [Worker-68: Building] INFO  o.a.m.s.f.DefaultMavenResourcesFiltering - Copying 0 resource from src\main\resources to target\classes
2025-01-20 20:54:13,031 [Worker-68: Building] INFO  o.a.m.s.f.DefaultMavenResourcesFiltering - skip non existing resourceDirectory C:\Users\surajendra\Work_Requests\Eclipse_Workspace\Spring\Test\12-Spring-DataJPA_CustomGenerator\src\test\resources
2025-01-20 20:55:00,931 [Worker-70: Building] INFO  o.a.m.s.f.DefaultMavenResourcesFiltering - Copying 1 resource from src\main\resources to target\classes
2025-01-20 20:55:00,941 [Worker-70: Building] INFO  o.a.m.s.f.DefaultMavenResourcesFiltering - Copying 0 resource from src\main\resources to target\classes
2025-01-20 20:55:00,943 [Worker-70: Building] INFO  o.a.m.s.f.DefaultMavenResourcesFiltering - skip non existing resourceDirectory C:\Users\surajendra\Work_Requests\Eclipse_Workspace\Spring\Test\12-Spring-DataJPA_CustomGenerator\src\test\resources
2025-01-20 20:55:47,784 [Worker-68: Launching 12-Spring-DataJPA_CustomGenerator - Application] INFO  o.a.m.s.f.DefaultMavenResourcesFiltering - Copying 1 resource from src\main\resources to target\classes
2025-01-20 20:55:47,789 [Worker-68: Launching 12-Spring-DataJPA_CustomGenerator - Application] INFO  o.a.m.s.f.DefaultMavenResourcesFiltering - Copying 0 resource from src\main\resources to target\classes
2025-01-20 20:55:47,791 [Worker-68: Launching 12-Spring-DataJPA_CustomGenerator - Application] INFO  o.a.m.s.f.DefaultMavenResourcesFiltering - skip non existing resourceDirectory C:\Users\surajendra\Work_Requests\Eclipse_Workspace\Spring\Test\12-Spring-DataJPA_CustomGenerator\src\test\resources
2025-01-20 20:58:08,065 [Worker-71: Building] INFO  o.a.m.s.f.DefaultMavenResourcesFiltering - Copying 1 resource from src\main\resources to target\classes
2025-01-20 20:58:08,070 [Worker-71: Building] INFO  o.a.m.s.f.DefaultMavenResourcesFiltering - Copying 0 resource from src\main\resources to target\classes
2025-01-20 20:58:08,080 [Worker-71: Building] INFO  o.a.m.s.f.DefaultMavenResourcesFiltering - skip non existing resourceDirectory C:\Users\surajendra\Work_Requests\Eclipse_Workspace\Spring\Test\12-Spring-DataJPA_CustomGenerator\src\test\resources
2025-01-20 20:59:06,781 [Worker-69: Building] INFO  o.a.m.s.f.DefaultMavenResourcesFiltering - Copying 1 resource from src\main\resources to target\classes
2025-01-20 20:59:06,787 [Worker-69: Building] INFO  o.a.m.s.f.DefaultMavenResourcesFiltering - Copying 0 resource from src\main\resources to target\classes
2025-01-20 20:59:06,789 [Worker-69: Building] INFO  o.a.m.s.f.DefaultMavenResourcesFiltering - skip non existing resourceDirectory C:\Users\surajendra\Work_Requests\Eclipse_Workspace\Spring\Test\12-Spring-DataJPA_CustomGenerator\src\test\resources
2025-01-21 22:11:51,765 [Worker-4: Loading available Gradle versions] INFO  o.e.b.c.i.u.g.PublishedGradleVersions - Gradle version information cache is out-of-date. Trying to update.
2025-01-21 22:47:50,049 [Worker-2: Loading available Gradle versions] INFO  o.e.b.c.i.u.g.PublishedGradleVersions - Gradle version information cache is up-to-date. Trying to read.
2025-01-21 22:51:23,586 [Worker-7: Import Getting Started Content] INFO  o.e.m.c.i.l.LifecycleMappingFactory - Using org.eclipse.m2e.jdt.JarLifecycleMapping lifecycle mapping for MavenProject: com.in.akshay:09-Spring-DataJPA_TimeStamps:0.0.1-SNAPSHOT @ C:\Users\surajendra\Work_Requests\Eclipse_Workspace\Spring\Test\13-Spring-DataJPA_Transaction-Mgmt\pom.xml.
2025-01-21 22:51:25,323 [Worker-7: Import Getting Started Content] INFO  o.e.m.j.i.AbstractJavaProjectConfigurator - Adding source folder /13-Spring-DataJPA_Transaction-Mgmt/src/main/java
2025-01-21 22:51:25,325 [Worker-7: Import Getting Started Content] INFO  o.e.m.j.i.AbstractJavaProjectConfigurator - Adding resource folder /13-Spring-DataJPA_Transaction-Mgmt/src/main/resources
2025-01-21 22:51:25,336 [Worker-7: Import Getting Started Content] INFO  o.e.m.j.i.AbstractJavaProjectConfigurator - Adding resource folder /13-Spring-DataJPA_Transaction-Mgmt/src/main/resources
2025-01-21 22:51:25,345 [Worker-7: Import Getting Started Content] INFO  o.e.m.j.i.AbstractJavaProjectConfigurator - Adding source folder /13-Spring-DataJPA_Transaction-Mgmt/src/test/java
2025-01-21 22:51:25,346 [Worker-7: Import Getting Started Content] INFO  o.e.m.j.i.AbstractJavaProjectConfigurator - Adding resource folder /13-Spring-DataJPA_Transaction-Mgmt/src/test/resources
2025-01-21 22:51:25,808 [Worker-7: Import Getting Started Content] INFO  o.e.m.c.i.p.ProjectConfigurationManager - Imported and configured 1 project(s) in 3 sec
2025-01-21 22:51:25,814 [Worker-7: Import Getting Started Content] INFO  o.e.m.c.i.p.ProjectConfigurationManager - Update started
2025-01-21 22:51:26,308 [Worker-7: Import Getting Started Content] INFO  o.e.m.c.i.l.LifecycleMappingFactory - Using org.eclipse.m2e.jdt.JarLifecycleMapping lifecycle mapping for MavenProject: com.in.akshay:09-Spring-DataJPA_TimeStamps:0.0.1-SNAPSHOT @ C:\Users\surajendra\Work_Requests\Eclipse_Workspace\Spring\Test\13-Spring-DataJPA_Transaction-Mgmt\pom.xml.
2025-01-21 22:51:27,068 [Worker-7: Import Getting Started Content] INFO  o.e.m.j.i.AbstractJavaProjectConfigurator - Adding source folder /13-Spring-DataJPA_Transaction-Mgmt/src/main/java
2025-01-21 22:51:27,070 [Worker-7: Import Getting Started Content] INFO  o.e.m.j.i.AbstractJavaProjectConfigurator - Adding resource folder /13-Spring-DataJPA_Transaction-Mgmt/src/main/resources
2025-01-21 22:51:27,070 [Worker-7: Import Getting Started Content] INFO  o.e.m.j.i.AbstractJavaProjectConfigurator - Adding resource folder /13-Spring-DataJPA_Transaction-Mgmt/src/main/resources
2025-01-21 22:51:27,071 [Worker-7: Import Getting Started Content] INFO  o.e.m.j.i.AbstractJavaProjectConfigurator - Adding source folder /13-Spring-DataJPA_Transaction-Mgmt/src/test/java
2025-01-21 22:51:27,072 [Worker-7: Import Getting Started Content] INFO  o.e.m.j.i.AbstractJavaProjectConfigurator - Adding resource folder /13-Spring-DataJPA_Transaction-Mgmt/src/test/resources
2025-01-21 22:51:27,769 [Worker-7: Import Getting Started Content] INFO  o.e.m.c.i.p.ProjectConfigurationManager - Update completed for 1 poms: local refresh takes 0.00 sec, refresh facades takes 1.00 sec, update config takes 0.00 sec 
2025-01-21 22:51:28,041 [Worker-4: Updating Maven Project] INFO  o.e.m.c.i.p.ProjectConfigurationManager - Update started
2025-01-21 22:51:28,595 [Worker-4: Updating Maven Project] INFO  o.e.m.c.i.l.LifecycleMappingFactory - Using org.eclipse.m2e.jdt.JarLifecycleMapping lifecycle mapping for MavenProject: com.in.akshay:09-Spring-DataJPA_TimeStamps:0.0.1-SNAPSHOT @ C:\Users\surajendra\Work_Requests\Eclipse_Workspace\Spring\Test\13-Spring-DataJPA_Transaction-Mgmt\pom.xml.
2025-01-21 22:51:29,542 [Worker-4: Updating Maven Project] INFO  o.e.m.j.i.AbstractJavaProjectConfigurator - Adding source folder /13-Spring-DataJPA_Transaction-Mgmt/src/main/java
2025-01-21 22:51:29,542 [Worker-4: Updating Maven Project] INFO  o.e.m.j.i.AbstractJavaProjectConfigurator - Adding resource folder /13-Spring-DataJPA_Transaction-Mgmt/src/main/resources
2025-01-21 22:51:29,544 [Worker-4: Updating Maven Project] INFO  o.e.m.j.i.AbstractJavaProjectConfigurator - Adding resource folder /13-Spring-DataJPA_Transaction-Mgmt/src/main/resources
2025-01-21 22:51:29,544 [Worker-4: Updating Maven Project] INFO  o.e.m.j.i.AbstractJavaProjectConfigurator - Adding source folder /13-Spring-DataJPA_Transaction-Mgmt/src/test/java
2025-01-21 22:51:29,545 [Worker-4: Updating Maven Project] INFO  o.e.m.j.i.AbstractJavaProjectConfigurator - Adding resource folder /13-Spring-DataJPA_Transaction-Mgmt/src/test/resources
2025-01-21 22:51:30,151 [Worker-4: Updating Maven Project] INFO  o.e.m.c.i.p.ProjectConfigurationManager - Update completed for 1 poms: local refresh takes 0.00 sec, refresh facades takes 1.00 sec, update config takes 0.00 sec 
2025-01-21 22:51:32,125 [Worker-13: Building] INFO  o.a.m.s.f.DefaultMavenResourcesFiltering - Copying 1 resource from src\main\resources to target\classes
2025-01-21 22:51:32,165 [Worker-13: Building] INFO  o.a.m.s.f.DefaultMavenResourcesFiltering - Copying 0 resource from src\main\resources to target\classes
2025-01-21 22:51:32,172 [Worker-13: Building] INFO  o.a.m.s.f.DefaultMavenResourcesFiltering - skip non existing resourceDirectory C:\Users\surajendra\Work_Requests\Eclipse_Workspace\Spring\Test\01-Spring-ComponentScan\src\test\resources
2025-01-21 22:51:34,158 [Worker-13: Building] INFO  o.a.m.s.f.DefaultMavenResourcesFiltering - Copying 1 resource from src\main\resources to target\classes
2025-01-21 22:51:34,179 [Worker-13: Building] INFO  o.a.m.s.f.DefaultMavenResourcesFiltering - Copying 0 resource from src\main\resources to target\classes
2025-01-21 22:51:34,183 [Worker-13: Building] INFO  o.a.m.s.f.DefaultMavenResourcesFiltering - skip non existing resourceDirectory C:\Users\surajendra\Work_Requests\Eclipse_Workspace\Spring\02-Spring-Autowiring\src\test\resources
2025-01-21 22:51:35,519 [Worker-13: Building] INFO  o.a.m.s.f.DefaultMavenResourcesFiltering - Copying 1 resource from src\main\resources to target\classes
2025-01-21 22:51:35,540 [Worker-13: Building] INFO  o.a.m.s.f.DefaultMavenResourcesFiltering - Copying 0 resource from src\main\resources to target\classes
2025-01-21 22:51:35,545 [Worker-13: Building] INFO  o.a.m.s.f.DefaultMavenResourcesFiltering - skip non existing resourceDirectory C:\Users\surajendra\Work_Requests\Eclipse_Workspace\Spring\03-Spring-BeanLife-Cycle\src\test\resources
2025-01-21 22:51:37,581 [Worker-13: Building] INFO  o.a.m.s.f.DefaultMavenResourcesFiltering - Copying 1 resource from src\main\resources to target\classes
2025-01-21 22:51:37,641 [Worker-13: Building] INFO  o.a.m.s.f.DefaultMavenResourcesFiltering - Copying 0 resource from src\main\resources to target\classes
2025-01-21 22:51:37,649 [Worker-13: Building] INFO  o.a.m.s.f.DefaultMavenResourcesFiltering - skip non existing resourceDirectory C:\Users\surajendra\Work_Requests\Eclipse_Workspace\Spring\Test\04-Spring-DataJPA_01\src\test\resources
2025-01-21 22:51:39,507 [Worker-13: Building] INFO  o.a.m.s.f.DefaultMavenResourcesFiltering - Copying 1 resource from src\main\resources to target\classes
2025-01-21 22:51:39,596 [Worker-13: Building] INFO  o.a.m.s.f.DefaultMavenResourcesFiltering - Copying 0 resource from src\main\resources to target\classes
2025-01-21 22:51:39,606 [Worker-13: Building] INFO  o.a.m.s.f.DefaultMavenResourcesFiltering - skip non existing resourceDirectory C:\Users\surajendra\Work_Requests\Eclipse_Workspace\Spring\Test\05-Spring-DataJPA\src\test\resources
2025-01-21 22:51:41,282 [Worker-13: Building] INFO  o.a.m.s.f.DefaultMavenResourcesFiltering - Copying 1 resource from src\main\resources to target\classes
2025-01-21 22:51:41,323 [Worker-13: Building] INFO  o.a.m.s.f.DefaultMavenResourcesFiltering - Copying 0 resource from src\main\resources to target\classes
2025-01-21 22:51:41,332 [Worker-13: Building] INFO  o.a.m.s.f.DefaultMavenResourcesFiltering - skip non existing resourceDirectory C:\Users\surajendra\Work_Requests\Eclipse_Workspace\Spring\Test\06-Spring-DataJPA_findByMethods\src\test\resources
2025-01-21 22:51:42,979 [Worker-13: Building] INFO  o.a.m.s.f.DefaultMavenResourcesFiltering - Copying 1 resource from src\main\resources to target\classes
2025-01-21 22:51:43,036 [Worker-13: Building] INFO  o.a.m.s.f.DefaultMavenResourcesFiltering - Copying 0 resource from src\main\resources to target\classes
2025-01-21 22:51:43,040 [Worker-13: Building] INFO  o.a.m.s.f.DefaultMavenResourcesFiltering - skip non existing resourceDirectory C:\Users\surajendra\Work_Requests\Eclipse_Workspace\Spring\Test\07-Spring-DataJPA_CustomQueries\src\test\resources
2025-01-21 22:51:44,171 [Worker-13: Building] INFO  o.a.m.s.f.DefaultMavenResourcesFiltering - Copying 1 resource from src\main\resources to target\classes
2025-01-21 22:51:44,188 [Worker-13: Building] INFO  o.a.m.s.f.DefaultMavenResourcesFiltering - Copying 0 resource from src\main\resources to target\classes
2025-01-21 22:51:44,193 [Worker-13: Building] INFO  o.a.m.s.f.DefaultMavenResourcesFiltering - skip non existing resourceDirectory C:\Users\surajendra\Work_Requests\Eclipse_Workspace\Spring\Test\08-Spring-DataJPA_JpaRepository\src\test\resources
2025-01-21 22:51:45,530 [Worker-13: Building] INFO  o.a.m.s.f.DefaultMavenResourcesFiltering - Copying 1 resource from src\main\resources to target\classes
2025-01-21 22:51:45,569 [Worker-13: Building] INFO  o.a.m.s.f.DefaultMavenResourcesFiltering - Copying 0 resource from src\main\resources to target\classes
2025-01-21 22:51:45,579 [Worker-13: Building] INFO  o.a.m.s.f.DefaultMavenResourcesFiltering - skip non existing resourceDirectory C:\Users\surajendra\Work_Requests\Eclipse_Workspace\Spring\Test\09-Spring-DataJPA_JpaRepository_Pagination\src\test\resources
2025-01-21 22:51:47,175 [Worker-13: Building] INFO  o.a.m.s.f.DefaultMavenResourcesFiltering - Copying 1 resource from src\main\resources to target\classes
2025-01-21 22:51:47,198 [Worker-13: Building] INFO  o.a.m.s.f.DefaultMavenResourcesFiltering - Copying 0 resource from src\main\resources to target\classes
2025-01-21 22:51:47,205 [Worker-13: Building] INFO  o.a.m.s.f.DefaultMavenResourcesFiltering - skip non existing resourceDirectory C:\Users\surajendra\Work_Requests\Eclipse_Workspace\Spring\Test\10-Spring-DataJPA_Timestamp\src\test\resources
2025-01-21 22:51:49,311 [Worker-13: Building] INFO  o.a.m.s.f.DefaultMavenResourcesFiltering - Copying 1 resource from src\main\resources to target\classes
2025-01-21 22:51:49,391 [Worker-13: Building] INFO  o.a.m.s.f.DefaultMavenResourcesFiltering - Copying 0 resource from src\main\resources to target\classes
2025-01-21 22:51:49,406 [Worker-13: Building] INFO  o.a.m.s.f.DefaultMavenResourcesFiltering - skip non existing resourceDirectory C:\Users\surajendra\Work_Requests\Eclipse_Workspace\Spring\Test\11-Spring-DataJPA_CompositeKey\src\test\resources
2025-01-21 22:51:51,498 [Worker-13: Building] INFO  o.a.m.s.f.DefaultMavenResourcesFiltering - Copying 1 resource from src\main\resources to target\classes
2025-01-21 22:51:51,529 [Worker-13: Building] INFO  o.a.m.s.f.DefaultMavenResourcesFiltering - Copying 0 resource from src\main\resources to target\classes
2025-01-21 22:51:51,536 [Worker-13: Building] INFO  o.a.m.s.f.DefaultMavenResourcesFiltering - skip non existing resourceDirectory C:\Users\surajendra\Work_Requests\Eclipse_Workspace\Spring\Test\12-Spring-DataJPA_CustomGenerator\src\test\resources
2025-01-21 22:51:52,242 [Worker-0: Building] INFO  o.a.m.s.f.DefaultMavenResourcesFiltering - Copying 1 resource from src\main\resources to target\classes
2025-01-21 22:51:52,293 [Worker-0: Building] INFO  o.a.m.s.f.DefaultMavenResourcesFiltering - Copying 0 resource from src\main\resources to target\classes
2025-01-21 22:51:52,305 [Worker-0: Building] INFO  o.a.m.s.f.DefaultMavenResourcesFiltering - skip non existing resourceDirectory C:\Users\surajendra\Work_Requests\Eclipse_Workspace\Spring\Test\13-Spring-DataJPA_Transaction-Mgmt\src\test\resources
2025-01-21 22:51:55,477 [Worker-4: Building] INFO  o.a.m.s.f.DefaultMavenResourcesFiltering - Copying 1 resource from src\main\resources to target\classes
2025-01-21 22:51:55,485 [Worker-4: Building] INFO  o.a.m.s.f.DefaultMavenResourcesFiltering - Copying 0 resource from src\main\resources to target\classes
2025-01-21 22:51:55,488 [Worker-4: Building] INFO  o.a.m.s.f.DefaultMavenResourcesFiltering - skip non existing resourceDirectory C:\Users\surajendra\Work_Requests\Eclipse_Workspace\Spring\Test\13-Spring-DataJPA_Transaction-Mgmt\src\test\resources
2025-01-21 22:52:52,294 [Worker-13: Building] INFO  o.a.m.s.f.DefaultMavenResourcesFiltering - Copying 1 resource from src\main\resources to target\classes
2025-01-21 22:52:52,323 [Worker-13: Building] INFO  o.a.m.s.f.DefaultMavenResourcesFiltering - Copying 0 resource from src\main\resources to target\classes
2025-01-21 22:52:52,330 [Worker-13: Building] INFO  o.a.m.s.f.DefaultMavenResourcesFiltering - skip non existing resourceDirectory C:\Users\surajendra\Work_Requests\Eclipse_Workspace\Spring\Test\13-Spring-DataJPA_Transaction-Mgmt\src\test\resources
2025-01-21 22:53:08,667 [Worker-6: Building] INFO  o.a.m.s.f.DefaultMavenResourcesFiltering - Copying 1 resource from src\main\resources to target\classes
2025-01-21 22:53:08,677 [Worker-6: Building] INFO  o.a.m.s.f.DefaultMavenResourcesFiltering - Copying 0 resource from src\main\resources to target\classes
2025-01-21 22:53:08,681 [Worker-6: Building] INFO  o.a.m.s.f.DefaultMavenResourcesFiltering - skip non existing resourceDirectory C:\Users\surajendra\Work_Requests\Eclipse_Workspace\Spring\Test\13-Spring-DataJPA_Transaction-Mgmt\src\test\resources
2025-01-21 22:59:21,499 [Worker-10: Building] INFO  o.a.m.s.f.DefaultMavenResourcesFiltering - Copying 1 resource from src\main\resources to target\classes
2025-01-21 22:59:21,505 [Worker-10: Building] INFO  o.a.m.s.f.DefaultMavenResourcesFiltering - Copying 0 resource from src\main\resources to target\classes
2025-01-21 22:59:21,508 [Worker-10: Building] INFO  o.a.m.s.f.DefaultMavenResourcesFiltering - skip non existing resourceDirectory C:\Users\surajendra\Work_Requests\Eclipse_Workspace\Spring\Test\13-Spring-DataJPA_Transaction-Mgmt\src\test\resources
2025-01-21 23:02:45,942 [Worker-12: Building] INFO  o.a.m.s.f.DefaultMavenResourcesFiltering - Copying 1 resource from src\main\resources to target\classes
2025-01-21 23:02:45,948 [Worker-12: Building] INFO  o.a.m.s.f.DefaultMavenResourcesFiltering - Copying 0 resource from src\main\resources to target\classes
2025-01-21 23:02:45,952 [Worker-12: Building] INFO  o.a.m.s.f.DefaultMavenResourcesFiltering - skip non existing resourceDirectory C:\Users\surajendra\Work_Requests\Eclipse_Workspace\Spring\Test\13-Spring-DataJPA_Transaction-Mgmt\src\test\resources
2025-01-21 23:03:45,340 [Worker-13: Building] INFO  o.a.m.s.f.DefaultMavenResourcesFiltering - Copying 1 resource from src\main\resources to target\classes
2025-01-21 23:03:45,354 [Worker-13: Building] INFO  o.a.m.s.f.DefaultMavenResourcesFiltering - Copying 0 resource from src\main\resources to target\classes
2025-01-21 23:03:45,360 [Worker-13: Building] INFO  o.a.m.s.f.DefaultMavenResourcesFiltering - skip non existing resourceDirectory C:\Users\surajendra\Work_Requests\Eclipse_Workspace\Spring\Test\13-Spring-DataJPA_Transaction-Mgmt\src\test\resources
2025-01-21 23:04:07,251 [Worker-7: Building] INFO  o.a.m.s.f.DefaultMavenResourcesFiltering - Copying 1 resource from src\main\resources to target\classes
2025-01-21 23:04:07,262 [Worker-7: Building] INFO  o.a.m.s.f.DefaultMavenResourcesFiltering - Copying 0 resource from src\main\resources to target\classes
2025-01-21 23:04:07,265 [Worker-7: Building] INFO  o.a.m.s.f.DefaultMavenResourcesFiltering - skip non existing resourceDirectory C:\Users\surajendra\Work_Requests\Eclipse_Workspace\Spring\Test\13-Spring-DataJPA_Transaction-Mgmt\src\test\resources
2025-01-21 23:04:39,125 [Worker-2: Building] INFO  o.a.m.s.f.DefaultMavenResourcesFiltering - Copying 1 resource from src\main\resources to target\classes
2025-01-21 23:04:39,130 [Worker-2: Building] INFO  o.a.m.s.f.DefaultMavenResourcesFiltering - Copying 0 resource from src\main\resources to target\classes
2025-01-21 23:04:39,133 [Worker-2: Building] INFO  o.a.m.s.f.DefaultMavenResourcesFiltering - skip non existing resourceDirectory C:\Users\surajendra\Work_Requests\Eclipse_Workspace\Spring\Test\13-Spring-DataJPA_Transaction-Mgmt\src\test\resources
2025-01-21 23:04:41,603 [Worker-6: Building] INFO  o.a.m.s.f.DefaultMavenResourcesFiltering - Copying 1 resource from src\main\resources to target\classes
2025-01-21 23:04:41,610 [Worker-6: Building] INFO  o.a.m.s.f.DefaultMavenResourcesFiltering - Copying 0 resource from src\main\resources to target\classes
2025-01-21 23:04:41,613 [Worker-6: Building] INFO  o.a.m.s.f.DefaultMavenResourcesFiltering - skip non existing resourceDirectory C:\Users\surajendra\Work_Requests\Eclipse_Workspace\Spring\Test\13-Spring-DataJPA_Transaction-Mgmt\src\test\resources
2025-01-21 23:05:11,335 [Worker-10: Building] INFO  o.a.m.s.f.DefaultMavenResourcesFiltering - Copying 1 resource from src\main\resources to target\classes
2025-01-21 23:05:11,344 [Worker-10: Building] INFO  o.a.m.s.f.DefaultMavenResourcesFiltering - Copying 0 resource from src\main\resources to target\classes
2025-01-21 23:05:11,346 [Worker-10: Building] INFO  o.a.m.s.f.DefaultMavenResourcesFiltering - skip non existing resourceDirectory C:\Users\surajendra\Work_Requests\Eclipse_Workspace\Spring\Test\13-Spring-DataJPA_Transaction-Mgmt\src\test\resources
2025-01-21 23:11:18,609 [Worker-7: Building] INFO  o.a.m.s.f.DefaultMavenResourcesFiltering - Copying 1 resource from src\main\resources to target\classes
2025-01-21 23:11:18,617 [Worker-7: Building] INFO  o.a.m.s.f.DefaultMavenResourcesFiltering - Copying 0 resource from src\main\resources to target\classes
2025-01-21 23:11:18,623 [Worker-7: Building] INFO  o.a.m.s.f.DefaultMavenResourcesFiltering - skip non existing resourceDirectory C:\Users\surajendra\Work_Requests\Eclipse_Workspace\Spring\Test\13-Spring-DataJPA_Transaction-Mgmt\src\test\resources
2025-01-21 23:18:07,100 [Worker-15: Building] INFO  o.a.m.s.f.DefaultMavenResourcesFiltering - Copying 1 resource from src\main\resources to target\classes
2025-01-21 23:18:07,117 [Worker-15: Building] INFO  o.a.m.s.f.DefaultMavenResourcesFiltering - Copying 0 resource from src\main\resources to target\classes
2025-01-21 23:18:07,123 [Worker-15: Building] INFO  o.a.m.s.f.DefaultMavenResourcesFiltering - skip non existing resourceDirectory C:\Users\surajendra\Work_Requests\Eclipse_Workspace\Spring\Test\13-Spring-DataJPA_Transaction-Mgmt\src\test\resources
2025-01-21 23:19:15,170 [Worker-16: Building] INFO  o.a.m.s.f.DefaultMavenResourcesFiltering - Copying 1 resource from src\main\resources to target\classes
2025-01-21 23:19:15,178 [Worker-16: Building] INFO  o.a.m.s.f.DefaultMavenResourcesFiltering - Copying 0 resource from src\main\resources to target\classes
2025-01-21 23:19:15,181 [Worker-16: Building] INFO  o.a.m.s.f.DefaultMavenResourcesFiltering - skip non existing resourceDirectory C:\Users\surajendra\Work_Requests\Eclipse_Workspace\Spring\Test\13-Spring-DataJPA_Transaction-Mgmt\src\test\resources
2025-01-21 23:20:34,247 [Worker-15: Building] INFO  o.a.m.s.f.DefaultMavenResourcesFiltering - Copying 1 resource from src\main\resources to target\classes
2025-01-21 23:20:34,257 [Worker-15: Building] INFO  o.a.m.s.f.DefaultMavenResourcesFiltering - Copying 0 resource from src\main\resources to target\classes
2025-01-21 23:20:34,262 [Worker-15: Building] INFO  o.a.m.s.f.DefaultMavenResourcesFiltering - skip non existing resourceDirectory C:\Users\surajendra\Work_Requests\Eclipse_Workspace\Spring\Test\13-Spring-DataJPA_Transaction-Mgmt\src\test\resources
2025-01-21 23:22:04,249 [Worker-2: Building] INFO  o.a.m.s.f.DefaultMavenResourcesFiltering - Copying 1 resource from src\main\resources to target\classes
2025-01-21 23:22:04,256 [Worker-2: Building] INFO  o.a.m.s.f.DefaultMavenResourcesFiltering - Copying 0 resource from src\main\resources to target\classes
2025-01-21 23:22:04,258 [Worker-2: Building] INFO  o.a.m.s.f.DefaultMavenResourcesFiltering - skip non existing resourceDirectory C:\Users\surajendra\Work_Requests\Eclipse_Workspace\Spring\Test\13-Spring-DataJPA_Transaction-Mgmt\src\test\resources
2025-01-21 23:22:12,964 [Worker-18: Building] INFO  o.a.m.s.f.DefaultMavenResourcesFiltering - Copying 1 resource from src\main\resources to target\classes
2025-01-21 23:22:12,973 [Worker-18: Building] INFO  o.a.m.s.f.DefaultMavenResourcesFiltering - Copying 0 resource from src\main\resources to target\classes
2025-01-21 23:22:12,976 [Worker-18: Building] INFO  o.a.m.s.f.DefaultMavenResourcesFiltering - skip non existing resourceDirectory C:\Users\surajendra\Work_Requests\Eclipse_Workspace\Spring\Test\13-Spring-DataJPA_Transaction-Mgmt\src\test\resources
2025-01-21 23:23:41,637 [Worker-15: Building] INFO  o.a.m.s.f.DefaultMavenResourcesFiltering - Copying 1 resource from src\main\resources to target\classes
2025-01-21 23:23:41,647 [Worker-15: Building] INFO  o.a.m.s.f.DefaultMavenResourcesFiltering - Copying 0 resource from src\main\resources to target\classes
2025-01-21 23:23:41,653 [Worker-15: Building] INFO  o.a.m.s.f.DefaultMavenResourcesFiltering - skip non existing resourceDirectory C:\Users\surajendra\Work_Requests\Eclipse_Workspace\Spring\Test\13-Spring-DataJPA_Transaction-Mgmt\src\test\resources
2025-01-21 23:23:47,756 [Worker-19: Building] INFO  o.a.m.s.f.DefaultMavenResourcesFiltering - Copying 1 resource from src\main\resources to target\classes
2025-01-21 23:23:47,761 [Worker-19: Building] INFO  o.a.m.s.f.DefaultMavenResourcesFiltering - Copying 0 resource from src\main\resources to target\classes
2025-01-21 23:23:47,764 [Worker-19: Building] INFO  o.a.m.s.f.DefaultMavenResourcesFiltering - skip non existing resourceDirectory C:\Users\surajendra\Work_Requests\Eclipse_Workspace\Spring\Test\13-Spring-DataJPA_Transaction-Mgmt\src\test\resources
2025-01-21 23:24:22,977 [Worker-18: Building] INFO  o.a.m.s.f.DefaultMavenResourcesFiltering - Copying 1 resource from src\main\resources to target\classes
2025-01-21 23:24:22,995 [Worker-18: Building] INFO  o.a.m.s.f.DefaultMavenResourcesFiltering - Copying 0 resource from src\main\resources to target\classes
2025-01-21 23:24:23,003 [Worker-18: Building] INFO  o.a.m.s.f.DefaultMavenResourcesFiltering - skip non existing resourceDirectory C:\Users\surajendra\Work_Requests\Eclipse_Workspace\Spring\Test\13-Spring-DataJPA_Transaction-Mgmt\src\test\resources
2025-01-21 23:25:27,308 [Worker-15: Building] INFO  o.a.m.s.f.DefaultMavenResourcesFiltering - Copying 1 resource from src\main\resources to target\classes
2025-01-21 23:25:27,319 [Worker-15: Building] INFO  o.a.m.s.f.DefaultMavenResourcesFiltering - Copying 0 resource from src\main\resources to target\classes
2025-01-21 23:25:27,323 [Worker-15: Building] INFO  o.a.m.s.f.DefaultMavenResourcesFiltering - skip non existing resourceDirectory C:\Users\surajendra\Work_Requests\Eclipse_Workspace\Spring\Test\13-Spring-DataJPA_Transaction-Mgmt\src\test\resources
2025-01-21 23:25:41,367 [Worker-21: Building] INFO  o.a.m.s.f.DefaultMavenResourcesFiltering - Copying 1 resource from src\main\resources to target\classes
2025-01-21 23:25:41,376 [Worker-21: Building] INFO  o.a.m.s.f.DefaultMavenResourcesFiltering - Copying 0 resource from src\main\resources to target\classes
2025-01-21 23:25:41,379 [Worker-21: Building] INFO  o.a.m.s.f.DefaultMavenResourcesFiltering - skip non existing resourceDirectory C:\Users\surajendra\Work_Requests\Eclipse_Workspace\Spring\Test\13-Spring-DataJPA_Transaction-Mgmt\src\test\resources
2025-01-21 23:26:08,509 [Worker-16: Building] INFO  o.a.m.s.f.DefaultMavenResourcesFiltering - Copying 1 resource from src\main\resources to target\classes
2025-01-21 23:26:08,514 [Worker-16: Building] INFO  o.a.m.s.f.DefaultMavenResourcesFiltering - Copying 0 resource from src\main\resources to target\classes
2025-01-21 23:26:08,517 [Worker-16: Building] INFO  o.a.m.s.f.DefaultMavenResourcesFiltering - skip non existing resourceDirectory C:\Users\surajendra\Work_Requests\Eclipse_Workspace\Spring\Test\13-Spring-DataJPA_Transaction-Mgmt\src\test\resources
2025-01-21 23:26:34,949 [Worker-19: Building] INFO  o.a.m.s.f.DefaultMavenResourcesFiltering - Copying 1 resource from src\main\resources to target\classes
2025-01-21 23:26:34,966 [Worker-19: Building] INFO  o.a.m.s.f.DefaultMavenResourcesFiltering - Copying 0 resource from src\main\resources to target\classes
2025-01-21 23:26:34,970 [Worker-19: Building] INFO  o.a.m.s.f.DefaultMavenResourcesFiltering - skip non existing resourceDirectory C:\Users\surajendra\Work_Requests\Eclipse_Workspace\Spring\Test\13-Spring-DataJPA_Transaction-Mgmt\src\test\resources
2025-01-21 23:26:53,219 [Worker-15: Building] INFO  o.a.m.s.f.DefaultMavenResourcesFiltering - Copying 1 resource from src\main\resources to target\classes
2025-01-21 23:26:53,237 [Worker-15: Building] INFO  o.a.m.s.f.DefaultMavenResourcesFiltering - Copying 0 resource from src\main\resources to target\classes
2025-01-21 23:26:53,243 [Worker-15: Building] INFO  o.a.m.s.f.DefaultMavenResourcesFiltering - skip non existing resourceDirectory C:\Users\surajendra\Work_Requests\Eclipse_Workspace\Spring\Test\13-Spring-DataJPA_Transaction-Mgmt\src\test\resources
2025-01-21 23:27:36,799 [Worker-18: Building] INFO  o.a.m.s.f.DefaultMavenResourcesFiltering - Copying 1 resource from src\main\resources to target\classes
2025-01-21 23:27:36,806 [Worker-18: Building] INFO  o.a.m.s.f.DefaultMavenResourcesFiltering - Copying 0 resource from src\main\resources to target\classes
2025-01-21 23:27:36,810 [Worker-18: Building] INFO  o.a.m.s.f.DefaultMavenResourcesFiltering - skip non existing resourceDirectory C:\Users\surajendra\Work_Requests\Eclipse_Workspace\Spring\Test\13-Spring-DataJPA_Transaction-Mgmt\src\test\resources
2025-01-21 23:27:43,027 [Worker-18: Building] INFO  o.a.m.s.f.DefaultMavenResourcesFiltering - Copying 1 resource from src\main\resources to target\classes
2025-01-21 23:27:43,034 [Worker-18: Building] INFO  o.a.m.s.f.DefaultMavenResourcesFiltering - Copying 0 resource from src\main\resources to target\classes
2025-01-21 23:27:43,041 [Worker-18: Building] INFO  o.a.m.s.f.DefaultMavenResourcesFiltering - skip non existing resourceDirectory C:\Users\surajendra\Work_Requests\Eclipse_Workspace\Spring\Test\13-Spring-DataJPA_Transaction-Mgmt\src\test\resources
2025-01-21 23:28:09,920 [Worker-19: Building] INFO  o.a.m.s.f.DefaultMavenResourcesFiltering - Copying 1 resource from src\main\resources to target\classes
2025-01-21 23:28:09,926 [Worker-19: Building] INFO  o.a.m.s.f.DefaultMavenResourcesFiltering - Copying 0 resource from src\main\resources to target\classes
2025-01-21 23:28:09,930 [Worker-19: Building] INFO  o.a.m.s.f.DefaultMavenResourcesFiltering - skip non existing resourceDirectory C:\Users\surajendra\Work_Requests\Eclipse_Workspace\Spring\Test\13-Spring-DataJPA_Transaction-Mgmt\src\test\resources
2025-01-21 23:28:28,941 [Worker-21: Building] INFO  o.a.m.s.f.DefaultMavenResourcesFiltering - Copying 1 resource from src\main\resources to target\classes
2025-01-21 23:28:28,949 [Worker-21: Building] INFO  o.a.m.s.f.DefaultMavenResourcesFiltering - Copying 0 resource from src\main\resources to target\classes
2025-01-21 23:28:28,954 [Worker-21: Building] INFO  o.a.m.s.f.DefaultMavenResourcesFiltering - skip non existing resourceDirectory C:\Users\surajendra\Work_Requests\Eclipse_Workspace\Spring\Test\13-Spring-DataJPA_Transaction-Mgmt\src\test\resources
2025-01-21 23:29:13,194 [Worker-19: Building] INFO  o.a.m.s.f.DefaultMavenResourcesFiltering - Copying 1 resource from src\main\resources to target\classes
2025-01-21 23:29:13,208 [Worker-19: Building] INFO  o.a.m.s.f.DefaultMavenResourcesFiltering - Copying 0 resource from src\main\resources to target\classes
2025-01-21 23:29:13,213 [Worker-19: Building] INFO  o.a.m.s.f.DefaultMavenResourcesFiltering - skip non existing resourceDirectory C:\Users\surajendra\Work_Requests\Eclipse_Workspace\Spring\Test\13-Spring-DataJPA_Transaction-Mgmt\src\test\resources
2025-01-21 23:29:18,680 [Worker-2: Building] INFO  o.a.m.s.f.DefaultMavenResourcesFiltering - Copying 1 resource from src\main\resources to target\classes
2025-01-21 23:29:18,686 [Worker-2: Building] INFO  o.a.m.s.f.DefaultMavenResourcesFiltering - Copying 0 resource from src\main\resources to target\classes
2025-01-21 23:29:18,690 [Worker-2: Building] INFO  o.a.m.s.f.DefaultMavenResourcesFiltering - skip non existing resourceDirectory C:\Users\surajendra\Work_Requests\Eclipse_Workspace\Spring\Test\13-Spring-DataJPA_Transaction-Mgmt\src\test\resources
2025-01-21 23:30:09,302 [Worker-18: Building] INFO  o.a.m.s.f.DefaultMavenResourcesFiltering - Copying 1 resource from src\main\resources to target\classes
2025-01-21 23:30:09,314 [Worker-18: Building] INFO  o.a.m.s.f.DefaultMavenResourcesFiltering - Copying 0 resource from src\main\resources to target\classes
2025-01-21 23:30:09,319 [Worker-18: Building] INFO  o.a.m.s.f.DefaultMavenResourcesFiltering - skip non existing resourceDirectory C:\Users\surajendra\Work_Requests\Eclipse_Workspace\Spring\Test\13-Spring-DataJPA_Transaction-Mgmt\src\test\resources
2025-01-21 23:30:23,064 [Worker-19: Building] INFO  o.a.m.s.f.DefaultMavenResourcesFiltering - Copying 1 resource from src\main\resources to target\classes
2025-01-21 23:30:23,073 [Worker-19: Building] INFO  o.a.m.s.f.DefaultMavenResourcesFiltering - Copying 0 resource from src\main\resources to target\classes
2025-01-21 23:30:23,076 [Worker-19: Building] INFO  o.a.m.s.f.DefaultMavenResourcesFiltering - skip non existing resourceDirectory C:\Users\surajendra\Work_Requests\Eclipse_Workspace\Spring\Test\13-Spring-DataJPA_Transaction-Mgmt\src\test\resources
2025-01-21 23:30:47,987 [Worker-16: Building] INFO  o.a.m.s.f.DefaultMavenResourcesFiltering - Copying 1 resource from src\main\resources to target\classes
2025-01-21 23:30:47,998 [Worker-16: Building] INFO  o.a.m.s.f.DefaultMavenResourcesFiltering - Copying 0 resource from src\main\resources to target\classes
2025-01-21 23:30:48,001 [Worker-16: Building] INFO  o.a.m.s.f.DefaultMavenResourcesFiltering - skip non existing resourceDirectory C:\Users\surajendra\Work_Requests\Eclipse_Workspace\Spring\Test\13-Spring-DataJPA_Transaction-Mgmt\src\test\resources
2025-01-21 23:34:41,886 [Worker-2: Launching 13-Spring-DataJPA_Transaction-Mgmt - Application] INFO  o.a.m.s.f.DefaultMavenResourcesFiltering - Copying 1 resource from src\main\resources to target\classes
2025-01-21 23:34:41,893 [Worker-2: Launching 13-Spring-DataJPA_Transaction-Mgmt - Application] INFO  o.a.m.s.f.DefaultMavenResourcesFiltering - Copying 0 resource from src\main\resources to target\classes
2025-01-21 23:34:41,897 [Worker-2: Launching 13-Spring-DataJPA_Transaction-Mgmt - Application] INFO  o.a.m.s.f.DefaultMavenResourcesFiltering - skip non existing resourceDirectory C:\Users\surajendra\Work_Requests\Eclipse_Workspace\Spring\Test\13-Spring-DataJPA_Transaction-Mgmt\src\test\resources
2025-01-21 23:36:35,626 [Worker-2: Launching 13-Spring-DataJPA_Transaction-Mgmt - Application] INFO  o.a.m.s.f.DefaultMavenResourcesFiltering - Copying 1 resource from src\main\resources to target\classes
2025-01-21 23:36:35,637 [Worker-2: Launching 13-Spring-DataJPA_Transaction-Mgmt - Application] INFO  o.a.m.s.f.DefaultMavenResourcesFiltering - Copying 0 resource from src\main\resources to target\classes
2025-01-21 23:36:35,641 [Worker-2: Launching 13-Spring-DataJPA_Transaction-Mgmt - Application] INFO  o.a.m.s.f.DefaultMavenResourcesFiltering - skip non existing resourceDirectory C:\Users\surajendra\Work_Requests\Eclipse_Workspace\Spring\Test\13-Spring-DataJPA_Transaction-Mgmt\src\test\resources
2025-01-21 23:37:16,568 [Worker-18: Building] INFO  o.a.m.s.f.DefaultMavenResourcesFiltering - Copying 1 resource from src\main\resources to target\classes
2025-01-21 23:37:16,579 [Worker-18: Building] INFO  o.a.m.s.f.DefaultMavenResourcesFiltering - Copying 0 resource from src\main\resources to target\classes
2025-01-21 23:37:16,584 [Worker-18: Building] INFO  o.a.m.s.f.DefaultMavenResourcesFiltering - skip non existing resourceDirectory C:\Users\surajendra\Work_Requests\Eclipse_Workspace\Spring\Test\13-Spring-DataJPA_Transaction-Mgmt\src\test\resources
2025-02-03 15:51:58,827 [Worker-18: Loading available Gradle versions] INFO  o.e.b.c.i.u.g.PublishedGradleVersions - Gradle version information cache is out-of-date. Trying to update.
2025-02-03 15:54:12,668 [Worker-18: Import Getting Started Content] INFO  o.e.m.c.i.e.AbstractTransferListenerAdapter - Downloading https://repo.maven.apache.org/maven2/org/springframework/boot/spring-boot-starter-parent/3.4.2/spring-boot-starter-parent-3.4.2.pom
2025-02-03 15:54:12,708 [Worker-18: Import Getting Started Content] INFO  o.e.m.c.i.e.AbstractTransferListenerAdapter - Downloaded https://repo.maven.apache.org/maven2/org/springframework/boot/spring-boot-starter-parent/3.4.2/spring-boot-starter-parent-3.4.2.pom
2025-02-03 15:54:12,743 [Worker-18: Import Getting Started Content] INFO  o.e.m.c.i.e.AbstractTransferListenerAdapter - Downloading https://repo.maven.apache.org/maven2/org/springframework/boot/spring-boot-dependencies/3.4.2/spring-boot-dependencies-3.4.2.pom
2025-02-03 15:54:12,779 [Worker-18: Import Getting Started Content] INFO  o.e.m.c.i.e.AbstractTransferListenerAdapter - Downloaded https://repo.maven.apache.org/maven2/org/springframework/boot/spring-boot-dependencies/3.4.2/spring-boot-dependencies-3.4.2.pom
2025-02-03 15:54:12,856 [Worker-18: Import Getting Started Content] INFO  o.e.m.c.i.e.AbstractTransferListenerAdapter - Downloading https://repo.maven.apache.org/maven2/org/apache/activemq/activemq-bom/6.1.5/activemq-bom-6.1.5.pom
2025-02-03 15:54:12,868 [Worker-18: Import Getting Started Content] INFO  o.e.m.c.i.e.AbstractTransferListenerAdapter - Downloaded https://repo.maven.apache.org/maven2/org/apache/activemq/activemq-bom/6.1.5/activemq-bom-6.1.5.pom
2025-02-03 15:54:12,942 [Worker-18: Import Getting Started Content] INFO  o.e.m.c.i.e.AbstractTransferListenerAdapter - Downloading https://repo.maven.apache.org/maven2/org/infinispan/infinispan-bom/15.0.12.Final/infinispan-bom-15.0.12.Final.pom
2025-02-03 15:54:12,953 [Worker-18: Import Getting Started Content] INFO  o.e.m.c.i.e.AbstractTransferListenerAdapter - Downloaded https://repo.maven.apache.org/maven2/org/infinispan/infinispan-bom/15.0.12.Final/infinispan-bom-15.0.12.Final.pom
2025-02-03 15:54:12,979 [Worker-18: Import Getting Started Content] INFO  o.e.m.c.i.e.AbstractTransferListenerAdapter - Downloading https://repo.maven.apache.org/maven2/org/infinispan/infinispan-build-configuration-parent/15.0.12.Final/infinispan-build-configuration-parent-15.0.12.Final.pom
2025-02-03 15:54:12,994 [Worker-18: Import Getting Started Content] INFO  o.e.m.c.i.e.AbstractTransferListenerAdapter - Downloaded https://repo.maven.apache.org/maven2/org/infinispan/infinispan-build-configuration-parent/15.0.12.Final/infinispan-build-configuration-parent-15.0.12.Final.pom
2025-02-03 15:54:13,057 [Worker-18: Import Getting Started Content] INFO  o.e.m.c.i.e.AbstractTransferListenerAdapter - Downloading https://repo.maven.apache.org/maven2/org/glassfish/jersey/jersey-bom/3.1.10/jersey-bom-3.1.10.pom
2025-02-03 15:54:13,069 [Worker-18: Import Getting Started Content] INFO  o.e.m.c.i.e.AbstractTransferListenerAdapter - Downloaded https://repo.maven.apache.org/maven2/org/glassfish/jersey/jersey-bom/3.1.10/jersey-bom-3.1.10.pom
2025-02-03 15:54:13,149 [Worker-18: Import Getting Started Content] INFO  o.e.m.c.i.e.AbstractTransferListenerAdapter - Downloading https://repo.maven.apache.org/maven2/io/micrometer/micrometer-bom/1.14.3/micrometer-bom-1.14.3.pom
2025-02-03 15:54:13,158 [Worker-18: Import Getting Started Content] INFO  o.e.m.c.i.e.AbstractTransferListenerAdapter - Downloaded https://repo.maven.apache.org/maven2/io/micrometer/micrometer-bom/1.14.3/micrometer-bom-1.14.3.pom
2025-02-03 15:54:13,182 [Worker-18: Import Getting Started Content] INFO  o.e.m.c.i.e.AbstractTransferListenerAdapter - Downloading https://repo.maven.apache.org/maven2/io/micrometer/micrometer-tracing-bom/1.4.2/micrometer-tracing-bom-1.4.2.pom
2025-02-03 15:54:13,201 [Worker-18: Import Getting Started Content] INFO  o.e.m.c.i.e.AbstractTransferListenerAdapter - Downloaded https://repo.maven.apache.org/maven2/io/micrometer/micrometer-tracing-bom/1.4.2/micrometer-tracing-bom-1.4.2.pom
2025-02-03 15:54:13,248 [Worker-18: Import Getting Started Content] INFO  o.e.m.c.i.e.AbstractTransferListenerAdapter - Downloading https://repo.maven.apache.org/maven2/io/netty/netty-bom/4.1.117.Final/netty-bom-4.1.117.Final.pom
2025-02-03 15:54:13,260 [Worker-18: Import Getting Started Content] INFO  o.e.m.c.i.e.AbstractTransferListenerAdapter - Downloaded https://repo.maven.apache.org/maven2/io/netty/netty-bom/4.1.117.Final/netty-bom-4.1.117.Final.pom
2025-02-03 15:54:13,306 [Worker-18: Import Getting Started Content] INFO  o.e.m.c.i.e.AbstractTransferListenerAdapter - Downloading https://repo.maven.apache.org/maven2/org/apache/pulsar/pulsar-bom/3.3.4/pulsar-bom-3.3.4.pom
2025-02-03 15:54:13,317 [Worker-18: Import Getting Started Content] INFO  o.e.m.c.i.e.AbstractTransferListenerAdapter - Downloaded https://repo.maven.apache.org/maven2/org/apache/pulsar/pulsar-bom/3.3.4/pulsar-bom-3.3.4.pom
2025-02-03 15:54:13,353 [Worker-18: Import Getting Started Content] INFO  o.e.m.c.i.e.AbstractTransferListenerAdapter - Downloading https://repo.maven.apache.org/maven2/io/projectreactor/reactor-bom/2024.0.2/reactor-bom-2024.0.2.pom
2025-02-03 15:54:13,364 [Worker-18: Import Getting Started Content] INFO  o.e.m.c.i.e.AbstractTransferListenerAdapter - Downloaded https://repo.maven.apache.org/maven2/io/projectreactor/reactor-bom/2024.0.2/reactor-bom-2024.0.2.pom
2025-02-03 15:54:13,400 [Worker-18: Import Getting Started Content] INFO  o.e.m.c.i.e.AbstractTransferListenerAdapter - Downloading https://repo.maven.apache.org/maven2/org/springframework/amqp/spring-amqp-bom/3.2.2/spring-amqp-bom-3.2.2.pom
2025-02-03 15:54:13,408 [Worker-18: Import Getting Started Content] INFO  o.e.m.c.i.e.AbstractTransferListenerAdapter - Downloaded https://repo.maven.apache.org/maven2/org/springframework/amqp/spring-amqp-bom/3.2.2/spring-amqp-bom-3.2.2.pom
2025-02-03 15:54:13,437 [Worker-18: Import Getting Started Content] INFO  o.e.m.c.i.e.AbstractTransferListenerAdapter - Downloading https://repo.maven.apache.org/maven2/org/springframework/data/spring-data-bom/2024.1.2/spring-data-bom-2024.1.2.pom
2025-02-03 15:54:13,447 [Worker-18: Import Getting Started Content] INFO  o.e.m.c.i.e.AbstractTransferListenerAdapter - Downloaded https://repo.maven.apache.org/maven2/org/springframework/data/spring-data-bom/2024.1.2/spring-data-bom-2024.1.2.pom
2025-02-03 15:54:13,481 [Worker-18: Import Getting Started Content] INFO  o.e.m.c.i.e.AbstractTransferListenerAdapter - Downloading https://repo.maven.apache.org/maven2/org/springframework/spring-framework-bom/6.2.2/spring-framework-bom-6.2.2.pom
2025-02-03 15:54:13,490 [Worker-18: Import Getting Started Content] INFO  o.e.m.c.i.e.AbstractTransferListenerAdapter - Downloaded https://repo.maven.apache.org/maven2/org/springframework/spring-framework-bom/6.2.2/spring-framework-bom-6.2.2.pom
2025-02-03 15:54:13,520 [Worker-18: Import Getting Started Content] INFO  o.e.m.c.i.e.AbstractTransferListenerAdapter - Downloading https://repo.maven.apache.org/maven2/org/springframework/pulsar/spring-pulsar-bom/1.2.2/spring-pulsar-bom-1.2.2.pom
2025-02-03 15:54:13,528 [Worker-18: Import Getting Started Content] INFO  o.e.m.c.i.e.AbstractTransferListenerAdapter - Downloaded https://repo.maven.apache.org/maven2/org/springframework/pulsar/spring-pulsar-bom/1.2.2/spring-pulsar-bom-1.2.2.pom
2025-02-03 15:54:28,398 [Worker-18: Import Getting Started Content] INFO  o.e.m.c.i.e.AbstractTransferListenerAdapter - Downloading https://repo.maven.apache.org/maven2/org/springframework/boot/spring-boot-maven-plugin/3.4.2/spring-boot-maven-plugin-3.4.2.pom
2025-02-03 15:54:28,419 [Worker-18: Import Getting Started Content] INFO  o.e.m.c.i.e.AbstractTransferListenerAdapter - Downloaded https://repo.maven.apache.org/maven2/org/springframework/boot/spring-boot-maven-plugin/3.4.2/spring-boot-maven-plugin-3.4.2.pom
2025-02-03 15:54:28,477 [Worker-18: Import Getting Started Content] INFO  o.e.m.c.i.e.AbstractTransferListenerAdapter - Downloading https://repo.maven.apache.org/maven2/org/springframework/boot/spring-boot-maven-plugin/3.4.2/spring-boot-maven-plugin-3.4.2.jar
2025-02-03 15:54:28,518 [Worker-18: Import Getting Started Content] INFO  o.e.m.c.i.e.AbstractTransferListenerAdapter - Downloaded https://repo.maven.apache.org/maven2/org/springframework/boot/spring-boot-maven-plugin/3.4.2/spring-boot-maven-plugin-3.4.2.jar
2025-02-03 15:54:28,829 [Worker-18: Import Getting Started Content] INFO  o.e.m.c.i.e.AbstractTransferListenerAdapter - Downloading https://repo.maven.apache.org/maven2/org/apache/maven/plugins/maven-war-plugin/3.4.0/maven-war-plugin-3.4.0.jar
2025-02-03 15:54:28,853 [Worker-18: Import Getting Started Content] INFO  o.e.m.c.i.e.AbstractTransferListenerAdapter - Downloaded https://repo.maven.apache.org/maven2/org/apache/maven/plugins/maven-war-plugin/3.4.0/maven-war-plugin-3.4.0.jar
2025-02-03 15:54:29,946 [Worker-18: Import Getting Started Content] INFO  o.e.m.c.i.l.LifecycleMappingFactory - Using org.maven.ide.eclipse.wtp.WarLifecycleMapping lifecycle mapping for MavenProject: com.in.akshay:09-Spring-DataJPA_TimeStamps:0.0.1-SNAPSHOT @ C:\Users\surajendra\Work_Requests\Eclipse_Workspace\Spring\Test\14-Spring-MVC\pom.xml.
2025-02-03 15:54:29,999 [Worker-18: Import Getting Started Content] INFO  o.e.m.c.i.e.AbstractTransferListenerAdapter - Downloading https://repo.maven.apache.org/maven2/org/springframework/boot/spring-boot-starter-web/3.4.2/spring-boot-starter-web-3.4.2.pom
2025-02-03 15:54:30,021 [Worker-18: Import Getting Started Content] INFO  o.e.m.c.i.e.AbstractTransferListenerAdapter - Downloaded https://repo.maven.apache.org/maven2/org/springframework/boot/spring-boot-starter-web/3.4.2/spring-boot-starter-web-3.4.2.pom
2025-02-03 15:54:30,064 [Worker-18: Import Getting Started Content] INFO  o.e.m.c.i.e.AbstractTransferListenerAdapter - Downloading https://repo.maven.apache.org/maven2/org/springframework/boot/spring-boot-starter/3.4.2/spring-boot-starter-3.4.2.pom
2025-02-03 15:54:30,086 [Worker-18: Import Getting Started Content] INFO  o.e.m.c.i.e.AbstractTransferListenerAdapter - Downloaded https://repo.maven.apache.org/maven2/org/springframework/boot/spring-boot-starter/3.4.2/spring-boot-starter-3.4.2.pom
2025-02-03 15:54:30,127 [Worker-18: Import Getting Started Content] INFO  o.e.m.c.i.e.AbstractTransferListenerAdapter - Downloading https://repo.maven.apache.org/maven2/org/springframework/boot/spring-boot/3.4.2/spring-boot-3.4.2.pom
2025-02-03 15:54:30,153 [Worker-18: Import Getting Started Content] INFO  o.e.m.c.i.e.AbstractTransferListenerAdapter - Downloaded https://repo.maven.apache.org/maven2/org/springframework/boot/spring-boot/3.4.2/spring-boot-3.4.2.pom
2025-02-03 15:54:30,187 [Worker-18: Import Getting Started Content] INFO  o.e.m.c.i.e.AbstractTransferListenerAdapter - Downloading https://repo.maven.apache.org/maven2/org/springframework/spring-core/6.2.2/spring-core-6.2.2.pom
2025-02-03 15:54:30,210 [Worker-18: Import Getting Started Content] INFO  o.e.m.c.i.e.AbstractTransferListenerAdapter - Downloaded https://repo.maven.apache.org/maven2/org/springframework/spring-core/6.2.2/spring-core-6.2.2.pom
2025-02-03 15:54:30,250 [Worker-18: Import Getting Started Content] INFO  o.e.m.c.i.e.AbstractTransferListenerAdapter - Downloading https://repo.maven.apache.org/maven2/org/springframework/spring-jcl/6.2.2/spring-jcl-6.2.2.pom
2025-02-03 15:54:30,270 [Worker-18: Import Getting Started Content] INFO  o.e.m.c.i.e.AbstractTransferListenerAdapter - Downloaded https://repo.maven.apache.org/maven2/org/springframework/spring-jcl/6.2.2/spring-jcl-6.2.2.pom
2025-02-03 15:54:30,310 [Worker-18: Import Getting Started Content] INFO  o.e.m.c.i.e.AbstractTransferListenerAdapter - Downloading https://repo.maven.apache.org/maven2/org/springframework/spring-context/6.2.2/spring-context-6.2.2.pom
2025-02-03 15:54:30,329 [Worker-18: Import Getting Started Content] INFO  o.e.m.c.i.e.AbstractTransferListenerAdapter - Downloaded https://repo.maven.apache.org/maven2/org/springframework/spring-context/6.2.2/spring-context-6.2.2.pom
2025-02-03 15:54:30,395 [Worker-18: Import Getting Started Content] INFO  o.e.m.c.i.e.AbstractTransferListenerAdapter - Downloading https://repo.maven.apache.org/maven2/org/springframework/spring-aop/6.2.2/spring-aop-6.2.2.pom
2025-02-03 15:54:30,419 [Worker-18: Import Getting Started Content] INFO  o.e.m.c.i.e.AbstractTransferListenerAdapter - Downloaded https://repo.maven.apache.org/maven2/org/springframework/spring-aop/6.2.2/spring-aop-6.2.2.pom
2025-02-03 15:54:30,457 [Worker-18: Import Getting Started Content] INFO  o.e.m.c.i.e.AbstractTransferListenerAdapter - Downloading https://repo.maven.apache.org/maven2/org/springframework/spring-beans/6.2.2/spring-beans-6.2.2.pom
2025-02-03 15:54:30,483 [Worker-18: Import Getting Started Content] INFO  o.e.m.c.i.e.AbstractTransferListenerAdapter - Downloaded https://repo.maven.apache.org/maven2/org/springframework/spring-beans/6.2.2/spring-beans-6.2.2.pom
2025-02-03 15:54:30,523 [Worker-18: Import Getting Started Content] INFO  o.e.m.c.i.e.AbstractTransferListenerAdapter - Downloading https://repo.maven.apache.org/maven2/org/springframework/spring-expression/6.2.2/spring-expression-6.2.2.pom
2025-02-03 15:54:30,548 [Worker-18: Import Getting Started Content] INFO  o.e.m.c.i.e.AbstractTransferListenerAdapter - Downloaded https://repo.maven.apache.org/maven2/org/springframework/spring-expression/6.2.2/spring-expression-6.2.2.pom
2025-02-03 15:54:30,601 [Worker-18: Import Getting Started Content] INFO  o.e.m.c.i.e.AbstractTransferListenerAdapter - Downloading https://repo.maven.apache.org/maven2/io/micrometer/micrometer-observation/1.14.3/micrometer-observation-1.14.3.pom
2025-02-03 15:54:30,626 [Worker-18: Import Getting Started Content] INFO  o.e.m.c.i.e.AbstractTransferListenerAdapter - Downloaded https://repo.maven.apache.org/maven2/io/micrometer/micrometer-observation/1.14.3/micrometer-observation-1.14.3.pom
2025-02-03 15:54:30,661 [Worker-18: Import Getting Started Content] INFO  o.e.m.c.i.e.AbstractTransferListenerAdapter - Downloading https://repo.maven.apache.org/maven2/io/micrometer/micrometer-commons/1.14.3/micrometer-commons-1.14.3.pom
2025-02-03 15:54:30,688 [Worker-18: Import Getting Started Content] INFO  o.e.m.c.i.e.AbstractTransferListenerAdapter - Downloaded https://repo.maven.apache.org/maven2/io/micrometer/micrometer-commons/1.14.3/micrometer-commons-1.14.3.pom
2025-02-03 15:54:30,723 [Worker-18: Import Getting Started Content] INFO  o.e.m.c.i.e.AbstractTransferListenerAdapter - Downloading https://repo.maven.apache.org/maven2/org/springframework/boot/spring-boot-autoconfigure/3.4.2/spring-boot-autoconfigure-3.4.2.pom
2025-02-03 15:54:30,744 [Worker-18: Import Getting Started Content] INFO  o.e.m.c.i.e.AbstractTransferListenerAdapter - Downloaded https://repo.maven.apache.org/maven2/org/springframework/boot/spring-boot-autoconfigure/3.4.2/spring-boot-autoconfigure-3.4.2.pom
2025-02-03 15:54:30,780 [Worker-18: Import Getting Started Content] INFO  o.e.m.c.i.e.AbstractTransferListenerAdapter - Downloading https://repo.maven.apache.org/maven2/org/springframework/boot/spring-boot-starter-logging/3.4.2/spring-boot-starter-logging-3.4.2.pom
2025-02-03 15:54:30,805 [Worker-18: Import Getting Started Content] INFO  o.e.m.c.i.e.AbstractTransferListenerAdapter - Downloaded https://repo.maven.apache.org/maven2/org/springframework/boot/spring-boot-starter-logging/3.4.2/spring-boot-starter-logging-3.4.2.pom
2025-02-03 15:54:30,841 [Worker-18: Import Getting Started Content] INFO  o.e.m.c.i.e.AbstractTransferListenerAdapter - Downloading https://repo.maven.apache.org/maven2/ch/qos/logback/logback-classic/1.5.16/logback-classic-1.5.16.pom
2025-02-03 15:54:30,871 [Worker-18: Import Getting Started Content] INFO  o.e.m.c.i.e.AbstractTransferListenerAdapter - Downloaded https://repo.maven.apache.org/maven2/ch/qos/logback/logback-classic/1.5.16/logback-classic-1.5.16.pom
2025-02-03 15:54:30,921 [Worker-18: Import Getting Started Content] INFO  o.e.m.c.i.e.AbstractTransferListenerAdapter - Downloading https://repo.maven.apache.org/maven2/ch/qos/logback/logback-parent/1.5.16/logback-parent-1.5.16.pom
2025-02-03 15:54:30,953 [Worker-18: Import Getting Started Content] INFO  o.e.m.c.i.e.AbstractTransferListenerAdapter - Downloaded https://repo.maven.apache.org/maven2/ch/qos/logback/logback-parent/1.5.16/logback-parent-1.5.16.pom
2025-02-03 15:54:30,996 [Worker-18: Import Getting Started Content] INFO  o.e.m.c.i.e.AbstractTransferListenerAdapter - Downloading https://repo.maven.apache.org/maven2/ch/qos/logback/logback-core/1.5.16/logback-core-1.5.16.pom
2025-02-03 15:54:31,028 [Worker-18: Import Getting Started Content] INFO  o.e.m.c.i.e.AbstractTransferListenerAdapter - Downloaded https://repo.maven.apache.org/maven2/ch/qos/logback/logback-core/1.5.16/logback-core-1.5.16.pom
2025-02-03 15:54:31,298 [Worker-18: Import Getting Started Content] INFO  o.e.m.c.i.e.AbstractTransferListenerAdapter - Downloading https://repo.maven.apache.org/maven2/org/springframework/boot/spring-boot-starter-json/3.4.2/spring-boot-starter-json-3.4.2.pom
2025-02-03 15:54:31,323 [Worker-18: Import Getting Started Content] INFO  o.e.m.c.i.e.AbstractTransferListenerAdapter - Downloaded https://repo.maven.apache.org/maven2/org/springframework/boot/spring-boot-starter-json/3.4.2/spring-boot-starter-json-3.4.2.pom
2025-02-03 15:54:31,357 [Worker-18: Import Getting Started Content] INFO  o.e.m.c.i.e.AbstractTransferListenerAdapter - Downloading https://repo.maven.apache.org/maven2/org/springframework/spring-web/6.2.2/spring-web-6.2.2.pom
2025-02-03 15:54:31,378 [Worker-18: Import Getting Started Content] INFO  o.e.m.c.i.e.AbstractTransferListenerAdapter - Downloaded https://repo.maven.apache.org/maven2/org/springframework/spring-web/6.2.2/spring-web-6.2.2.pom
2025-02-03 15:54:31,518 [Worker-18: Import Getting Started Content] INFO  o.e.m.c.i.e.AbstractTransferListenerAdapter - Downloading https://repo.maven.apache.org/maven2/org/springframework/boot/spring-boot-starter-tomcat/3.4.2/spring-boot-starter-tomcat-3.4.2.pom
2025-02-03 15:54:31,536 [Worker-18: Import Getting Started Content] INFO  o.e.m.c.i.e.AbstractTransferListenerAdapter - Downloaded https://repo.maven.apache.org/maven2/org/springframework/boot/spring-boot-starter-tomcat/3.4.2/spring-boot-starter-tomcat-3.4.2.pom
2025-02-03 15:54:31,599 [Worker-18: Import Getting Started Content] INFO  o.e.m.c.i.e.AbstractTransferListenerAdapter - Downloading https://repo.maven.apache.org/maven2/org/springframework/spring-webmvc/6.2.2/spring-webmvc-6.2.2.pom
2025-02-03 15:54:31,628 [Worker-18: Import Getting Started Content] INFO  o.e.m.c.i.e.AbstractTransferListenerAdapter - Downloaded https://repo.maven.apache.org/maven2/org/springframework/spring-webmvc/6.2.2/spring-webmvc-6.2.2.pom
2025-02-03 15:54:31,677 [Worker-18: Import Getting Started Content] INFO  o.e.m.c.i.e.AbstractTransferListenerAdapter - Downloading https://repo.maven.apache.org/maven2/org/springframework/boot/spring-boot-devtools/3.4.2/spring-boot-devtools-3.4.2.pom
2025-02-03 15:54:31,695 [Worker-18: Import Getting Started Content] INFO  o.e.m.c.i.e.AbstractTransferListenerAdapter - Downloaded https://repo.maven.apache.org/maven2/org/springframework/boot/spring-boot-devtools/3.4.2/spring-boot-devtools-3.4.2.pom
2025-02-03 15:54:31,736 [Worker-18: Import Getting Started Content] INFO  o.e.m.c.i.e.AbstractTransferListenerAdapter - Downloading https://repo.maven.apache.org/maven2/org/springframework/boot/spring-boot-starter-test/3.4.2/spring-boot-starter-test-3.4.2.pom
2025-02-03 15:54:31,768 [Worker-18: Import Getting Started Content] INFO  o.e.m.c.i.e.AbstractTransferListenerAdapter - Downloaded https://repo.maven.apache.org/maven2/org/springframework/boot/spring-boot-starter-test/3.4.2/spring-boot-starter-test-3.4.2.pom
2025-02-03 15:54:31,802 [Worker-18: Import Getting Started Content] INFO  o.e.m.c.i.e.AbstractTransferListenerAdapter - Downloading https://repo.maven.apache.org/maven2/org/springframework/boot/spring-boot-test/3.4.2/spring-boot-test-3.4.2.pom
2025-02-03 15:54:31,833 [Worker-18: Import Getting Started Content] INFO  o.e.m.c.i.e.AbstractTransferListenerAdapter - Downloaded https://repo.maven.apache.org/maven2/org/springframework/boot/spring-boot-test/3.4.2/spring-boot-test-3.4.2.pom
2025-02-03 15:54:31,880 [Worker-18: Import Getting Started Content] INFO  o.e.m.c.i.e.AbstractTransferListenerAdapter - Downloading https://repo.maven.apache.org/maven2/org/springframework/spring-test/6.2.2/spring-test-6.2.2.pom
2025-02-03 15:54:31,905 [Worker-18: Import Getting Started Content] INFO  o.e.m.c.i.e.AbstractTransferListenerAdapter - Downloaded https://repo.maven.apache.org/maven2/org/springframework/spring-test/6.2.2/spring-test-6.2.2.pom
2025-02-03 15:54:31,947 [Worker-18: Import Getting Started Content] INFO  o.e.m.c.i.e.AbstractTransferListenerAdapter - Downloading https://repo.maven.apache.org/maven2/org/springframework/boot/spring-boot-test-autoconfigure/3.4.2/spring-boot-test-autoconfigure-3.4.2.pom
2025-02-03 15:54:31,981 [Worker-18: Import Getting Started Content] INFO  o.e.m.c.i.e.AbstractTransferListenerAdapter - Downloaded https://repo.maven.apache.org/maven2/org/springframework/boot/spring-boot-test-autoconfigure/3.4.2/spring-boot-test-autoconfigure-3.4.2.pom
2025-02-03 15:54:32,544 [Worker-18: Import Getting Started Content] INFO  o.e.m.c.i.e.AbstractTransferListenerAdapter - Downloading https://repo.maven.apache.org/maven2/org/springframework/boot/spring-boot-starter-web/3.4.2/spring-boot-starter-web-3.4.2.jar
2025-02-03 15:54:32,560 [Worker-18: Import Getting Started Content] INFO  o.e.m.c.i.e.AbstractTransferListenerAdapter - Downloaded https://repo.maven.apache.org/maven2/org/springframework/boot/spring-boot-starter-web/3.4.2/spring-boot-starter-web-3.4.2.jar
2025-02-03 15:54:32,585 [BasicRepositoryConnector-repo.maven.apache.org-0-0] INFO  o.e.m.c.i.e.AbstractTransferListenerAdapter - Downloading https://repo.maven.apache.org/maven2/org/springframework/boot/spring-boot-starter/3.4.2/spring-boot-starter-3.4.2.jar
2025-02-03 15:54:32,696 [BasicRepositoryConnector-repo.maven.apache.org-0-4] INFO  o.e.m.c.i.e.AbstractTransferListenerAdapter - Downloading https://repo.maven.apache.org/maven2/org/springframework/boot/spring-boot-starter-json/3.4.2/spring-boot-starter-json-3.4.2.jar
2025-02-03 15:54:32,740 [BasicRepositoryConnector-repo.maven.apache.org-0-2] INFO  o.e.m.c.i.e.AbstractTransferListenerAdapter - Downloading https://repo.maven.apache.org/maven2/ch/qos/logback/logback-classic/1.5.16/logback-classic-1.5.16.jar
2025-02-03 15:54:32,765 [BasicRepositoryConnector-repo.maven.apache.org-0-1] INFO  o.e.m.c.i.e.AbstractTransferListenerAdapter - Downloading https://repo.maven.apache.org/maven2/org/springframework/boot/spring-boot-starter-logging/3.4.2/spring-boot-starter-logging-3.4.2.jar
2025-02-03 15:54:32,815 [BasicRepositoryConnector-repo.maven.apache.org-0-3] INFO  o.e.m.c.i.e.AbstractTransferListenerAdapter - Downloading https://repo.maven.apache.org/maven2/ch/qos/logback/logback-core/1.5.16/logback-core-1.5.16.jar
2025-02-03 15:54:32,830 [BasicRepositoryConnector-repo.maven.apache.org-0-0] INFO  o.e.m.c.i.e.AbstractTransferListenerAdapter - Downloaded https://repo.maven.apache.org/maven2/org/springframework/boot/spring-boot-starter/3.4.2/spring-boot-starter-3.4.2.jar
2025-02-03 15:54:32,863 [BasicRepositoryConnector-repo.maven.apache.org-0-0] INFO  o.e.m.c.i.e.AbstractTransferListenerAdapter - Downloading https://repo.maven.apache.org/maven2/org/springframework/spring-web/6.2.2/spring-web-6.2.2.jar
2025-02-03 15:54:32,906 [BasicRepositoryConnector-repo.maven.apache.org-0-1] INFO  o.e.m.c.i.e.AbstractTransferListenerAdapter - Downloaded https://repo.maven.apache.org/maven2/org/springframework/boot/spring-boot-starter-logging/3.4.2/spring-boot-starter-logging-3.4.2.jar
2025-02-03 15:54:32,912 [BasicRepositoryConnector-repo.maven.apache.org-0-4] INFO  o.e.m.c.i.e.AbstractTransferListenerAdapter - Downloaded https://repo.maven.apache.org/maven2/org/springframework/boot/spring-boot-starter-json/3.4.2/spring-boot-starter-json-3.4.2.jar
2025-02-03 15:54:32,955 [BasicRepositoryConnector-repo.maven.apache.org-0-1] INFO  o.e.m.c.i.e.AbstractTransferListenerAdapter - Downloading https://repo.maven.apache.org/maven2/org/springframework/spring-beans/6.2.2/spring-beans-6.2.2.jar
2025-02-03 15:54:32,960 [BasicRepositoryConnector-repo.maven.apache.org-0-4] INFO  o.e.m.c.i.e.AbstractTransferListenerAdapter - Downloading https://repo.maven.apache.org/maven2/io/micrometer/micrometer-observation/1.14.3/micrometer-observation-1.14.3.jar
2025-02-03 15:54:33,012 [BasicRepositoryConnector-repo.maven.apache.org-0-2] INFO  o.e.m.c.i.e.AbstractTransferListenerAdapter - Downloaded https://repo.maven.apache.org/maven2/ch/qos/logback/logback-classic/1.5.16/logback-classic-1.5.16.jar
2025-02-03 15:54:33,042 [BasicRepositoryConnector-repo.maven.apache.org-0-3] INFO  o.e.m.c.i.e.AbstractTransferListenerAdapter - Downloaded https://repo.maven.apache.org/maven2/ch/qos/logback/logback-core/1.5.16/logback-core-1.5.16.jar
2025-02-03 15:54:33,042 [BasicRepositoryConnector-repo.maven.apache.org-0-2] INFO  o.e.m.c.i.e.AbstractTransferListenerAdapter - Downloading https://repo.maven.apache.org/maven2/io/micrometer/micrometer-commons/1.14.3/micrometer-commons-1.14.3.jar
2025-02-03 15:54:33,044 [BasicRepositoryConnector-repo.maven.apache.org-0-4] INFO  o.e.m.c.i.e.AbstractTransferListenerAdapter - Downloaded https://repo.maven.apache.org/maven2/io/micrometer/micrometer-observation/1.14.3/micrometer-observation-1.14.3.jar
2025-02-03 15:54:33,066 [BasicRepositoryConnector-repo.maven.apache.org-0-3] INFO  o.e.m.c.i.e.AbstractTransferListenerAdapter - Downloading https://repo.maven.apache.org/maven2/org/springframework/spring-webmvc/6.2.2/spring-webmvc-6.2.2.jar
2025-02-03 15:54:33,070 [BasicRepositoryConnector-repo.maven.apache.org-0-4] INFO  o.e.m.c.i.e.AbstractTransferListenerAdapter - Downloading https://repo.maven.apache.org/maven2/org/springframework/spring-aop/6.2.2/spring-aop-6.2.2.jar
2025-02-03 15:54:33,107 [BasicRepositoryConnector-repo.maven.apache.org-0-2] INFO  o.e.m.c.i.e.AbstractTransferListenerAdapter - Downloaded https://repo.maven.apache.org/maven2/io/micrometer/micrometer-commons/1.14.3/micrometer-commons-1.14.3.jar
2025-02-03 15:54:33,141 [BasicRepositoryConnector-repo.maven.apache.org-0-2] INFO  o.e.m.c.i.e.AbstractTransferListenerAdapter - Downloading https://repo.maven.apache.org/maven2/org/springframework/spring-context/6.2.2/spring-context-6.2.2.jar
2025-02-03 15:54:33,190 [BasicRepositoryConnector-repo.maven.apache.org-0-1] INFO  o.e.m.c.i.e.AbstractTransferListenerAdapter - Downloaded https://repo.maven.apache.org/maven2/org/springframework/spring-beans/6.2.2/spring-beans-6.2.2.jar
2025-02-03 15:54:33,207 [BasicRepositoryConnector-repo.maven.apache.org-0-4] INFO  o.e.m.c.i.e.AbstractTransferListenerAdapter - Downloaded https://repo.maven.apache.org/maven2/org/springframework/spring-aop/6.2.2/spring-aop-6.2.2.jar
2025-02-03 15:54:33,215 [BasicRepositoryConnector-repo.maven.apache.org-0-1] INFO  o.e.m.c.i.e.AbstractTransferListenerAdapter - Downloading https://repo.maven.apache.org/maven2/org/springframework/spring-expression/6.2.2/spring-expression-6.2.2.jar
2025-02-03 15:54:33,238 [BasicRepositoryConnector-repo.maven.apache.org-0-0] INFO  o.e.m.c.i.e.AbstractTransferListenerAdapter - Downloaded https://repo.maven.apache.org/maven2/org/springframework/spring-web/6.2.2/spring-web-6.2.2.jar
2025-02-03 15:54:33,238 [BasicRepositoryConnector-repo.maven.apache.org-0-4] INFO  o.e.m.c.i.e.AbstractTransferListenerAdapter - Downloading https://repo.maven.apache.org/maven2/org/springframework/boot/spring-boot-devtools/3.4.2/spring-boot-devtools-3.4.2.jar
2025-02-03 15:54:33,256 [BasicRepositoryConnector-repo.maven.apache.org-0-0] INFO  o.e.m.c.i.e.AbstractTransferListenerAdapter - Downloading https://repo.maven.apache.org/maven2/org/springframework/boot/spring-boot/3.4.2/spring-boot-3.4.2.jar
2025-02-03 15:54:33,322 [BasicRepositoryConnector-repo.maven.apache.org-0-4] INFO  o.e.m.c.i.e.AbstractTransferListenerAdapter - Downloaded https://repo.maven.apache.org/maven2/org/springframework/boot/spring-boot-devtools/3.4.2/spring-boot-devtools-3.4.2.jar
2025-02-03 15:54:33,338 [BasicRepositoryConnector-repo.maven.apache.org-0-1] INFO  o.e.m.c.i.e.AbstractTransferListenerAdapter - Downloaded https://repo.maven.apache.org/maven2/org/springframework/spring-expression/6.2.2/spring-expression-6.2.2.jar
2025-02-03 15:54:33,346 [BasicRepositoryConnector-repo.maven.apache.org-0-4] INFO  o.e.m.c.i.e.AbstractTransferListenerAdapter - Downloading https://repo.maven.apache.org/maven2/org/springframework/boot/spring-boot-autoconfigure/3.4.2/spring-boot-autoconfigure-3.4.2.jar
2025-02-03 15:54:33,346 [BasicRepositoryConnector-repo.maven.apache.org-0-3] INFO  o.e.m.c.i.e.AbstractTransferListenerAdapter - Downloaded https://repo.maven.apache.org/maven2/org/springframework/spring-webmvc/6.2.2/spring-webmvc-6.2.2.jar
2025-02-03 15:54:33,362 [BasicRepositoryConnector-repo.maven.apache.org-0-1] INFO  o.e.m.c.i.e.AbstractTransferListenerAdapter - Downloading https://repo.maven.apache.org/maven2/org/springframework/boot/spring-boot-starter-tomcat/3.4.2/spring-boot-starter-tomcat-3.4.2.jar
2025-02-03 15:54:33,395 [BasicRepositoryConnector-repo.maven.apache.org-0-3] INFO  o.e.m.c.i.e.AbstractTransferListenerAdapter - Downloading https://repo.maven.apache.org/maven2/org/springframework/boot/spring-boot-starter-test/3.4.2/spring-boot-starter-test-3.4.2.jar
2025-02-03 15:54:33,577 [BasicRepositoryConnector-repo.maven.apache.org-0-1] INFO  o.e.m.c.i.e.AbstractTransferListenerAdapter - Downloaded https://repo.maven.apache.org/maven2/org/springframework/boot/spring-boot-starter-tomcat/3.4.2/spring-boot-starter-tomcat-3.4.2.jar
2025-02-03 15:54:33,594 [BasicRepositoryConnector-repo.maven.apache.org-0-3] INFO  o.e.m.c.i.e.AbstractTransferListenerAdapter - Downloaded https://repo.maven.apache.org/maven2/org/springframework/boot/spring-boot-starter-test/3.4.2/spring-boot-starter-test-3.4.2.jar
2025-02-03 15:54:33,594 [BasicRepositoryConnector-repo.maven.apache.org-0-2] INFO  o.e.m.c.i.e.AbstractTransferListenerAdapter - Downloaded https://repo.maven.apache.org/maven2/org/springframework/spring-context/6.2.2/spring-context-6.2.2.jar
2025-02-03 15:54:33,617 [BasicRepositoryConnector-repo.maven.apache.org-0-1] INFO  o.e.m.c.i.e.AbstractTransferListenerAdapter - Downloading https://repo.maven.apache.org/maven2/org/springframework/boot/spring-boot-test/3.4.2/spring-boot-test-3.4.2.jar
2025-02-03 15:54:33,658 [BasicRepositoryConnector-repo.maven.apache.org-0-2] INFO  o.e.m.c.i.e.AbstractTransferListenerAdapter - Downloading https://repo.maven.apache.org/maven2/org/springframework/spring-core/6.2.2/spring-core-6.2.2.jar
2025-02-03 15:54:33,670 [BasicRepositoryConnector-repo.maven.apache.org-0-3] INFO  o.e.m.c.i.e.AbstractTransferListenerAdapter - Downloading https://repo.maven.apache.org/maven2/org/springframework/boot/spring-boot-test-autoconfigure/3.4.2/spring-boot-test-autoconfigure-3.4.2.jar
2025-02-03 15:54:33,658 [BasicRepositoryConnector-repo.maven.apache.org-0-0] INFO  o.e.m.c.i.e.AbstractTransferListenerAdapter - Downloaded https://repo.maven.apache.org/maven2/org/springframework/boot/spring-boot/3.4.2/spring-boot-3.4.2.jar
2025-02-03 15:54:33,693 [BasicRepositoryConnector-repo.maven.apache.org-0-1] INFO  o.e.m.c.i.e.AbstractTransferListenerAdapter - Downloaded https://repo.maven.apache.org/maven2/org/springframework/boot/spring-boot-test/3.4.2/spring-boot-test-3.4.2.jar
2025-02-03 15:54:33,699 [BasicRepositoryConnector-repo.maven.apache.org-0-0] INFO  o.e.m.c.i.e.AbstractTransferListenerAdapter - Downloading https://repo.maven.apache.org/maven2/org/springframework/spring-jcl/6.2.2/spring-jcl-6.2.2.jar
2025-02-03 15:54:33,726 [BasicRepositoryConnector-repo.maven.apache.org-0-1] INFO  o.e.m.c.i.e.AbstractTransferListenerAdapter - Downloading https://repo.maven.apache.org/maven2/org/springframework/spring-test/6.2.2/spring-test-6.2.2.jar
2025-02-03 15:54:33,808 [BasicRepositoryConnector-repo.maven.apache.org-0-3] INFO  o.e.m.c.i.e.AbstractTransferListenerAdapter - Downloaded https://repo.maven.apache.org/maven2/org/springframework/boot/spring-boot-test-autoconfigure/3.4.2/spring-boot-test-autoconfigure-3.4.2.jar
2025-02-03 15:54:33,808 [BasicRepositoryConnector-repo.maven.apache.org-0-0] INFO  o.e.m.c.i.e.AbstractTransferListenerAdapter - Downloaded https://repo.maven.apache.org/maven2/org/springframework/spring-jcl/6.2.2/spring-jcl-6.2.2.jar
2025-02-03 15:54:33,831 [BasicRepositoryConnector-repo.maven.apache.org-0-4] INFO  o.e.m.c.i.e.AbstractTransferListenerAdapter - Downloaded https://repo.maven.apache.org/maven2/org/springframework/boot/spring-boot-autoconfigure/3.4.2/spring-boot-autoconfigure-3.4.2.jar
2025-02-03 15:54:33,885 [BasicRepositoryConnector-repo.maven.apache.org-0-2] INFO  o.e.m.c.i.e.AbstractTransferListenerAdapter - Downloaded https://repo.maven.apache.org/maven2/org/springframework/spring-core/6.2.2/spring-core-6.2.2.jar
2025-02-03 15:54:33,894 [BasicRepositoryConnector-repo.maven.apache.org-0-1] INFO  o.e.m.c.i.e.AbstractTransferListenerAdapter - Downloaded https://repo.maven.apache.org/maven2/org/springframework/spring-test/6.2.2/spring-test-6.2.2.jar
2025-02-03 15:54:34,430 [Worker-18: Import Getting Started Content] INFO  o.e.m.c.i.l.LifecycleMappingFactory - Using org.eclipse.m2e.jdt.JarLifecycleMapping lifecycle mapping for MavenProject: com.akshay:01-Spring-ComponentScan:0.0.1-SNAPSHOT @ C:\Users\surajendra\Work_Requests\Eclipse_Workspace\Spring\Test\01-Spring-ComponentScan\pom.xml.
2025-02-03 15:54:35,187 [Worker-18: Import Getting Started Content] INFO  o.e.m.c.i.l.LifecycleMappingFactory - Using org.eclipse.m2e.jdt.JarLifecycleMapping lifecycle mapping for MavenProject: com.in.akshay:02-Spring-Autowiring:0.0.1-SNAPSHOT @ C:\Users\surajendra\Work_Requests\Eclipse_Workspace\Spring\02-Spring-Autowiring\pom.xml.
2025-02-03 15:54:36,005 [Worker-18: Import Getting Started Content] INFO  o.e.m.c.i.l.LifecycleMappingFactory - Using org.eclipse.m2e.jdt.JarLifecycleMapping lifecycle mapping for MavenProject: com.in.akshay:03-Spring-BeanLife-Cycle:0.0.1-SNAPSHOT @ C:\Users\surajendra\Work_Requests\Eclipse_Workspace\Spring\03-Spring-BeanLife-Cycle\pom.xml.
2025-02-03 15:54:36,521 [Worker-18: Import Getting Started Content] INFO  o.e.m.c.i.l.LifecycleMappingFactory - Using org.eclipse.m2e.jdt.JarLifecycleMapping lifecycle mapping for MavenProject: com.in.akshay:04-Spring-DataJPA_01:0.0.1-SNAPSHOT @ C:\Users\surajendra\Work_Requests\Eclipse_Workspace\Spring\Test\04-Spring-DataJPA_01\pom.xml.
2025-02-03 15:54:37,427 [Worker-18: Import Getting Started Content] INFO  o.e.m.c.i.l.LifecycleMappingFactory - Using org.eclipse.m2e.jdt.JarLifecycleMapping lifecycle mapping for MavenProject: com.in.akshay:05-Spring-DataJPA_01:0.0.1-SNAPSHOT @ C:\Users\surajendra\Work_Requests\Eclipse_Workspace\Spring\Test\05-Spring-DataJPA\pom.xml.
2025-02-03 15:54:37,906 [Worker-18: Import Getting Started Content] INFO  o.e.m.c.i.l.LifecycleMappingFactory - Using org.eclipse.m2e.jdt.JarLifecycleMapping lifecycle mapping for MavenProject: com.in.akshay:06-Spring-DataJPA_findByMethods:0.0.1-SNAPSHOT @ C:\Users\surajendra\Work_Requests\Eclipse_Workspace\Spring\Test\06-Spring-DataJPA_findByMethods\pom.xml.
2025-02-03 15:54:38,368 [Worker-18: Import Getting Started Content] INFO  o.e.m.c.i.l.LifecycleMappingFactory - Using org.eclipse.m2e.jdt.JarLifecycleMapping lifecycle mapping for MavenProject: com.in.akshay:07-Spring-DataJPA_CustomQueries:0.0.1-SNAPSHOT @ C:\Users\surajendra\Work_Requests\Eclipse_Workspace\Spring\Test\07-Spring-DataJPA_CustomQueries\pom.xml.
2025-02-03 15:54:38,833 [Worker-18: Import Getting Started Content] INFO  o.e.m.c.i.l.LifecycleMappingFactory - Using org.eclipse.m2e.jdt.JarLifecycleMapping lifecycle mapping for MavenProject: com.in.akshay:08-Spring-DataJPA_JpaRepository:0.0.1-SNAPSHOT @ C:\Users\surajendra\Work_Requests\Eclipse_Workspace\Spring\Test\08-Spring-DataJPA_JpaRepository\pom.xml.
2025-02-03 15:54:39,411 [Worker-18: Import Getting Started Content] INFO  o.e.m.c.i.l.LifecycleMappingFactory - Using org.eclipse.m2e.jdt.JarLifecycleMapping lifecycle mapping for MavenProject: com.in.akshay:09-Spring-DataJPA_JpaRepository_Pagination:0.0.1-SNAPSHOT @ C:\Users\surajendra\Work_Requests\Eclipse_Workspace\Spring\Test\09-Spring-DataJPA_JpaRepository_Pagination\pom.xml.
2025-02-03 15:54:39,832 [Worker-18: Import Getting Started Content] INFO  o.e.m.c.i.l.LifecycleMappingFactory - Using org.eclipse.m2e.jdt.JarLifecycleMapping lifecycle mapping for MavenProject: com.in.akshay:09-Spring-DataJPA_TimeStamps:0.0.1-SNAPSHOT @ C:\Users\surajendra\Work_Requests\Eclipse_Workspace\Spring\Test\11-Spring-DataJPA_CompositeKey\pom.xml.
2025-02-03 15:54:40,256 [Worker-18: Import Getting Started Content] INFO  o.e.m.c.i.l.LifecycleMappingFactory - Using org.eclipse.m2e.jdt.JarLifecycleMapping lifecycle mapping for MavenProject: com.in.akshay:09-Spring-DataJPA_TimeStamps:0.0.1-SNAPSHOT @ C:\Users\surajendra\Work_Requests\Eclipse_Workspace\Spring\Test\10-Spring-DataJPA_Timestamp\pom.xml.
2025-02-03 15:54:40,696 [Worker-18: Import Getting Started Content] INFO  o.e.m.c.i.l.LifecycleMappingFactory - Using org.eclipse.m2e.jdt.JarLifecycleMapping lifecycle mapping for MavenProject: com.in.akshay:09-Spring-DataJPA_TimeStamps:0.0.1-SNAPSHOT @ C:\Users\surajendra\Work_Requests\Eclipse_Workspace\Spring\Test\12-Spring-DataJPA_CustomGenerator\pom.xml.
2025-02-03 15:54:41,086 [Worker-18: Import Getting Started Content] INFO  o.e.m.c.i.l.LifecycleMappingFactory - Using org.eclipse.m2e.jdt.JarLifecycleMapping lifecycle mapping for MavenProject: com.in.akshay:09-Spring-DataJPA_TimeStamps:0.0.1-SNAPSHOT @ C:\Users\surajendra\Work_Requests\Eclipse_Workspace\Spring\Test\13-Spring-DataJPA_Transaction-Mgmt\pom.xml.
2025-02-03 15:54:42,513 [Worker-18: Import Getting Started Content] INFO  o.e.m.c.i.e.AbstractTransferListenerAdapter - Downloading https://repo.maven.apache.org/maven2/org/apache/maven/plugins/maven-war-plugin/3.4.0/maven-war-plugin-3.4.0.pom
2025-02-03 15:54:42,543 [Worker-18: Import Getting Started Content] INFO  o.e.m.c.i.e.AbstractTransferListenerAdapter - Downloaded https://repo.maven.apache.org/maven2/org/apache/maven/plugins/maven-war-plugin/3.4.0/maven-war-plugin-3.4.0.pom
2025-02-03 15:54:42,755 [Worker-18: Import Getting Started Content] INFO  o.e.m.c.i.e.AbstractTransferListenerAdapter - Downloading https://repo.maven.apache.org/maven2/commons-io/commons-io/2.13.0/commons-io-2.13.0.pom
2025-02-03 15:54:42,788 [Worker-18: Import Getting Started Content] INFO  o.e.m.c.i.e.AbstractTransferListenerAdapter - Downloaded https://repo.maven.apache.org/maven2/commons-io/commons-io/2.13.0/commons-io-2.13.0.pom
2025-02-03 15:54:42,836 [Worker-18: Import Getting Started Content] INFO  o.e.m.c.i.e.AbstractTransferListenerAdapter - Downloading https://repo.maven.apache.org/maven2/org/apache/commons/commons-parent/58/commons-parent-58.pom
2025-02-03 15:54:42,876 [Worker-18: Import Getting Started Content] INFO  o.e.m.c.i.e.AbstractTransferListenerAdapter - Downloaded https://repo.maven.apache.org/maven2/org/apache/commons/commons-parent/58/commons-parent-58.pom
2025-02-03 15:54:42,936 [Worker-18: Import Getting Started Content] INFO  o.e.m.c.i.e.AbstractTransferListenerAdapter - Downloading https://repo.maven.apache.org/maven2/org/codehaus/plexus/plexus-archiver/4.7.1/plexus-archiver-4.7.1.pom
2025-02-03 15:54:42,969 [Worker-18: Import Getting Started Content] INFO  o.e.m.c.i.e.AbstractTransferListenerAdapter - Downloaded https://repo.maven.apache.org/maven2/org/codehaus/plexus/plexus-archiver/4.7.1/plexus-archiver-4.7.1.pom
2025-02-03 15:54:43,027 [Worker-18: Import Getting Started Content] INFO  o.e.m.c.i.e.AbstractTransferListenerAdapter - Downloading https://repo.maven.apache.org/maven2/org/codehaus/plexus/plexus-io/3.4.1/plexus-io-3.4.1.pom
2025-02-03 15:54:43,060 [Worker-18: Import Getting Started Content] INFO  o.e.m.c.i.e.AbstractTransferListenerAdapter - Downloaded https://repo.maven.apache.org/maven2/org/codehaus/plexus/plexus-io/3.4.1/plexus-io-3.4.1.pom
2025-02-03 15:54:43,101 [Worker-18: Import Getting Started Content] INFO  o.e.m.c.i.e.AbstractTransferListenerAdapter - Downloading https://repo.maven.apache.org/maven2/org/apache/commons/commons-compress/1.23.0/commons-compress-1.23.0.pom
2025-02-03 15:54:43,130 [Worker-18: Import Getting Started Content] INFO  o.e.m.c.i.e.AbstractTransferListenerAdapter - Downloaded https://repo.maven.apache.org/maven2/org/apache/commons/commons-compress/1.23.0/commons-compress-1.23.0.pom
2025-02-03 15:54:43,179 [Worker-18: Import Getting Started Content] INFO  o.e.m.c.i.e.AbstractTransferListenerAdapter - Downloading https://repo.maven.apache.org/maven2/org/apache/commons/commons-parent/56/commons-parent-56.pom
2025-02-03 15:54:43,222 [Worker-18: Import Getting Started Content] INFO  o.e.m.c.i.e.AbstractTransferListenerAdapter - Downloaded https://repo.maven.apache.org/maven2/org/apache/commons/commons-parent/56/commons-parent-56.pom
2025-02-03 15:54:43,279 [Worker-18: Import Getting Started Content] INFO  o.e.m.c.i.e.AbstractTransferListenerAdapter - Downloading https://repo.maven.apache.org/maven2/com/github/luben/zstd-jni/1.5.5-2/zstd-jni-1.5.5-2.pom
2025-02-03 15:54:43,303 [Worker-18: Import Getting Started Content] INFO  o.e.m.c.i.e.AbstractTransferListenerAdapter - Downloaded https://repo.maven.apache.org/maven2/com/github/luben/zstd-jni/1.5.5-2/zstd-jni-1.5.5-2.pom
2025-02-03 15:54:43,394 [Worker-18: Import Getting Started Content] INFO  o.e.m.c.i.e.AbstractTransferListenerAdapter - Downloading https://repo.maven.apache.org/maven2/org/apache/maven/shared/maven-mapping/3.0.0/maven-mapping-3.0.0.pom
2025-02-03 15:54:43,418 [Worker-18: Import Getting Started Content] INFO  o.e.m.c.i.e.AbstractTransferListenerAdapter - Downloaded https://repo.maven.apache.org/maven2/org/apache/maven/shared/maven-mapping/3.0.0/maven-mapping-3.0.0.pom
2025-02-03 15:54:43,517 [Worker-18: Import Getting Started Content] INFO  o.e.m.c.i.e.AbstractTransferListenerAdapter - Downloading https://repo.maven.apache.org/maven2/org/apache/maven/maven-settings/3.2.5/maven-settings-3.2.5.pom
2025-02-03 15:54:43,533 [Worker-18: Import Getting Started Content] INFO  o.e.m.c.i.e.AbstractTransferListenerAdapter - Downloaded https://repo.maven.apache.org/maven2/org/apache/maven/maven-settings/3.2.5/maven-settings-3.2.5.pom
2025-02-03 15:54:43,566 [Worker-18: Import Getting Started Content] INFO  o.e.m.c.i.e.AbstractTransferListenerAdapter - Downloading https://repo.maven.apache.org/maven2/org/apache/maven/maven/3.2.5/maven-3.2.5.pom
2025-02-03 15:54:43,600 [Worker-18: Import Getting Started Content] INFO  o.e.m.c.i.e.AbstractTransferListenerAdapter - Downloaded https://repo.maven.apache.org/maven2/org/apache/maven/maven/3.2.5/maven-3.2.5.pom
2025-02-03 15:54:43,863 [Worker-18: Import Getting Started Content] INFO  o.e.m.c.i.e.AbstractTransferListenerAdapter - Downloading https://repo.maven.apache.org/maven2/org/codehaus/plexus/plexus-component-annotations/1.5.4/plexus-component-annotations-1.5.4.pom
2025-02-03 15:54:43,880 [Worker-18: Import Getting Started Content] INFO  o.e.m.c.i.e.AbstractTransferListenerAdapter - Downloaded https://repo.maven.apache.org/maven2/org/codehaus/plexus/plexus-component-annotations/1.5.4/plexus-component-annotations-1.5.4.pom
2025-02-03 15:54:43,922 [Worker-18: Import Getting Started Content] INFO  o.e.m.c.i.e.AbstractTransferListenerAdapter - Downloading https://repo.maven.apache.org/maven2/org/codehaus/plexus/plexus-containers/1.5.4/plexus-containers-1.5.4.pom
2025-02-03 15:54:43,939 [Worker-18: Import Getting Started Content] INFO  o.e.m.c.i.e.AbstractTransferListenerAdapter - Downloaded https://repo.maven.apache.org/maven2/org/codehaus/plexus/plexus-containers/1.5.4/plexus-containers-1.5.4.pom
2025-02-03 15:54:43,971 [Worker-18: Import Getting Started Content] INFO  o.e.m.c.i.e.AbstractTransferListenerAdapter - Downloading https://repo.maven.apache.org/maven2/org/codehaus/plexus/plexus/2.0.5/plexus-2.0.5.pom
2025-02-03 15:54:43,997 [Worker-18: Import Getting Started Content] INFO  o.e.m.c.i.e.AbstractTransferListenerAdapter - Downloaded https://repo.maven.apache.org/maven2/org/codehaus/plexus/plexus/2.0.5/plexus-2.0.5.pom
2025-02-03 15:54:44,137 [Worker-18: Import Getting Started Content] INFO  o.e.m.c.i.e.AbstractTransferListenerAdapter - Downloading https://repo.maven.apache.org/maven2/org/codehaus/plexus/plexus-interpolation/1.21/plexus-interpolation-1.21.pom
2025-02-03 15:54:44,153 [Worker-18: Import Getting Started Content] INFO  o.e.m.c.i.e.AbstractTransferListenerAdapter - Downloaded https://repo.maven.apache.org/maven2/org/codehaus/plexus/plexus-interpolation/1.21/plexus-interpolation-1.21.pom
2025-02-03 15:54:44,462 [Worker-18: Import Getting Started Content] INFO  o.e.m.c.i.e.AbstractTransferListenerAdapter - Downloading https://repo.maven.apache.org/maven2/commons-io/commons-io/2.13.0/commons-io-2.13.0.jar
2025-02-03 15:54:44,519 [Worker-18: Import Getting Started Content] INFO  o.e.m.c.i.e.AbstractTransferListenerAdapter - Downloaded https://repo.maven.apache.org/maven2/commons-io/commons-io/2.13.0/commons-io-2.13.0.jar
2025-02-03 15:54:44,546 [BasicRepositoryConnector-repo.maven.apache.org-1-1] INFO  o.e.m.c.i.e.AbstractTransferListenerAdapter - Downloading https://repo.maven.apache.org/maven2/org/apache/commons/commons-compress/1.23.0/commons-compress-1.23.0.jar
2025-02-03 15:54:44,553 [BasicRepositoryConnector-repo.maven.apache.org-1-3] INFO  o.e.m.c.i.e.AbstractTransferListenerAdapter - Downloading https://repo.maven.apache.org/maven2/org/apache/maven/shared/maven-mapping/3.0.0/maven-mapping-3.0.0.jar
2025-02-03 15:54:44,561 [BasicRepositoryConnector-repo.maven.apache.org-1-2] INFO  o.e.m.c.i.e.AbstractTransferListenerAdapter - Downloading https://repo.maven.apache.org/maven2/com/github/luben/zstd-jni/1.5.5-2/zstd-jni-1.5.5-2.jar
2025-02-03 15:54:44,564 [BasicRepositoryConnector-repo.maven.apache.org-1-0] INFO  o.e.m.c.i.e.AbstractTransferListenerAdapter - Downloading https://repo.maven.apache.org/maven2/org/codehaus/plexus/plexus-archiver/4.7.1/plexus-archiver-4.7.1.jar
2025-02-03 15:54:44,644 [BasicRepositoryConnector-repo.maven.apache.org-1-3] INFO  o.e.m.c.i.e.AbstractTransferListenerAdapter - Downloaded https://repo.maven.apache.org/maven2/org/apache/maven/shared/maven-mapping/3.0.0/maven-mapping-3.0.0.jar
2025-02-03 15:54:44,660 [BasicRepositoryConnector-repo.maven.apache.org-1-0] INFO  o.e.m.c.i.e.AbstractTransferListenerAdapter - Downloaded https://repo.maven.apache.org/maven2/org/codehaus/plexus/plexus-archiver/4.7.1/plexus-archiver-4.7.1.jar
2025-02-03 15:54:44,704 [BasicRepositoryConnector-repo.maven.apache.org-1-1] INFO  o.e.m.c.i.e.AbstractTransferListenerAdapter - Downloaded https://repo.maven.apache.org/maven2/org/apache/commons/commons-compress/1.23.0/commons-compress-1.23.0.jar
2025-02-03 15:54:45,034 [BasicRepositoryConnector-repo.maven.apache.org-1-2] INFO  o.e.m.c.i.e.AbstractTransferListenerAdapter - Downloaded https://repo.maven.apache.org/maven2/com/github/luben/zstd-jni/1.5.5-2/zstd-jni-1.5.5-2.jar
2025-02-03 15:54:52,023 [Worker-3: Download sources and javadoc] INFO  o.e.m.c.i.e.AbstractTransferListenerAdapter - Downloading https://repo.maven.apache.org/maven2/org/springframework/boot/spring-boot-starter-web/3.4.2/spring-boot-starter-web-3.4.2-sources.jar
2025-02-03 15:54:52,064 [Worker-3: Download sources and javadoc] INFO  o.e.m.c.i.e.AbstractTransferListenerAdapter - Downloaded https://repo.maven.apache.org/maven2/org/springframework/boot/spring-boot-starter-web/3.4.2/spring-boot-starter-web-3.4.2-sources.jar
2025-02-03 15:54:52,080 [Worker-3: Download sources and javadoc] INFO  o.e.m.j.internal.DownloadSourcesJob - Downloaded sources for org.springframework.boot:spring-boot-starter-web:3.4.2
2025-02-03 15:54:52,186 [Worker-3: Download sources and javadoc] INFO  o.e.m.c.i.e.AbstractTransferListenerAdapter - Downloading https://repo.maven.apache.org/maven2/org/springframework/boot/spring-boot-starter/3.4.2/spring-boot-starter-3.4.2-sources.jar
2025-02-03 15:54:52,211 [Worker-3: Download sources and javadoc] INFO  o.e.m.c.i.e.AbstractTransferListenerAdapter - Downloaded https://repo.maven.apache.org/maven2/org/springframework/boot/spring-boot-starter/3.4.2/spring-boot-starter-3.4.2-sources.jar
2025-02-03 15:54:52,227 [Worker-3: Download sources and javadoc] INFO  o.e.m.j.internal.DownloadSourcesJob - Downloaded sources for org.springframework.boot:spring-boot-starter:3.4.2
2025-02-03 15:54:52,343 [Worker-3: Download sources and javadoc] INFO  o.e.m.c.i.e.AbstractTransferListenerAdapter - Downloading https://repo.maven.apache.org/maven2/org/springframework/boot/spring-boot-starter-logging/3.4.2/spring-boot-starter-logging-3.4.2-sources.jar
2025-02-03 15:54:52,368 [Worker-3: Download sources and javadoc] INFO  o.e.m.c.i.e.AbstractTransferListenerAdapter - Downloaded https://repo.maven.apache.org/maven2/org/springframework/boot/spring-boot-starter-logging/3.4.2/spring-boot-starter-logging-3.4.2-sources.jar
2025-02-03 15:54:52,393 [Worker-3: Download sources and javadoc] INFO  o.e.m.j.internal.DownloadSourcesJob - Downloaded sources for org.springframework.boot:spring-boot-starter-logging:3.4.2
2025-02-03 15:54:52,499 [Worker-3: Download sources and javadoc] INFO  o.e.m.c.i.e.AbstractTransferListenerAdapter - Downloading https://repo.maven.apache.org/maven2/ch/qos/logback/logback-classic/1.5.16/logback-classic-1.5.16-sources.jar
2025-02-03 15:54:52,573 [Worker-3: Download sources and javadoc] INFO  o.e.m.c.i.e.AbstractTransferListenerAdapter - Downloaded https://repo.maven.apache.org/maven2/ch/qos/logback/logback-classic/1.5.16/logback-classic-1.5.16-sources.jar
2025-02-03 15:54:52,590 [Worker-3: Download sources and javadoc] INFO  o.e.m.j.internal.DownloadSourcesJob - Downloaded sources for ch.qos.logback:logback-classic:1.5.16
2025-02-03 15:54:52,688 [Worker-3: Download sources and javadoc] INFO  o.e.m.c.i.e.AbstractTransferListenerAdapter - Downloading https://repo.maven.apache.org/maven2/ch/qos/logback/logback-core/1.5.16/logback-core-1.5.16-sources.jar
2025-02-03 15:54:52,771 [Worker-3: Download sources and javadoc] INFO  o.e.m.c.i.e.AbstractTransferListenerAdapter - Downloaded https://repo.maven.apache.org/maven2/ch/qos/logback/logback-core/1.5.16/logback-core-1.5.16-sources.jar
2025-02-03 15:54:52,788 [Worker-3: Download sources and javadoc] INFO  o.e.m.j.internal.DownloadSourcesJob - Downloaded sources for ch.qos.logback:logback-core:1.5.16
2025-02-03 15:54:52,876 [Worker-3: Download sources and javadoc] INFO  o.e.m.c.i.e.AbstractTransferListenerAdapter - Downloading https://repo.maven.apache.org/maven2/org/springframework/boot/spring-boot-starter-json/3.4.2/spring-boot-starter-json-3.4.2-sources.jar
2025-02-03 15:54:52,898 [Worker-3: Download sources and javadoc] INFO  o.e.m.c.i.e.AbstractTransferListenerAdapter - Downloaded https://repo.maven.apache.org/maven2/org/springframework/boot/spring-boot-starter-json/3.4.2/spring-boot-starter-json-3.4.2-sources.jar
2025-02-03 15:54:52,912 [Worker-3: Download sources and javadoc] INFO  o.e.m.j.internal.DownloadSourcesJob - Downloaded sources for org.springframework.boot:spring-boot-starter-json:3.4.2
2025-02-03 15:54:52,992 [Worker-3: Download sources and javadoc] INFO  o.e.m.c.i.e.AbstractTransferListenerAdapter - Downloading https://repo.maven.apache.org/maven2/org/springframework/spring-web/6.2.2/spring-web-6.2.2-sources.jar
2025-02-03 15:54:53,164 [Worker-3: Download sources and javadoc] INFO  o.e.m.c.i.e.AbstractTransferListenerAdapter - Downloaded https://repo.maven.apache.org/maven2/org/springframework/spring-web/6.2.2/spring-web-6.2.2-sources.jar
2025-02-03 15:54:53,181 [Worker-3: Download sources and javadoc] INFO  o.e.m.j.internal.DownloadSourcesJob - Downloaded sources for org.springframework:spring-web:6.2.2
2025-02-03 15:54:53,281 [Worker-3: Download sources and javadoc] INFO  o.e.m.c.i.e.AbstractTransferListenerAdapter - Downloading https://repo.maven.apache.org/maven2/org/springframework/spring-beans/6.2.2/spring-beans-6.2.2-sources.jar
2025-02-03 15:54:53,400 [Worker-3: Download sources and javadoc] INFO  o.e.m.c.i.e.AbstractTransferListenerAdapter - Downloaded https://repo.maven.apache.org/maven2/org/springframework/spring-beans/6.2.2/spring-beans-6.2.2-sources.jar
2025-02-03 15:54:53,414 [Worker-3: Download sources and javadoc] INFO  o.e.m.j.internal.DownloadSourcesJob - Downloaded sources for org.springframework:spring-beans:6.2.2
2025-02-03 15:54:53,496 [Worker-3: Download sources and javadoc] INFO  o.e.m.c.i.e.AbstractTransferListenerAdapter - Downloading https://repo.maven.apache.org/maven2/io/micrometer/micrometer-observation/1.14.3/micrometer-observation-1.14.3-sources.jar
2025-02-03 15:54:53,535 [Worker-3: Download sources and javadoc] INFO  o.e.m.c.i.e.AbstractTransferListenerAdapter - Downloaded https://repo.maven.apache.org/maven2/io/micrometer/micrometer-observation/1.14.3/micrometer-observation-1.14.3-sources.jar
2025-02-03 15:54:53,552 [Worker-3: Download sources and javadoc] INFO  o.e.m.j.internal.DownloadSourcesJob - Downloaded sources for io.micrometer:micrometer-observation:1.14.3
2025-02-03 15:54:53,641 [Worker-3: Download sources and javadoc] INFO  o.e.m.c.i.e.AbstractTransferListenerAdapter - Downloading https://repo.maven.apache.org/maven2/io/micrometer/micrometer-commons/1.14.3/micrometer-commons-1.14.3-sources.jar
2025-02-03 15:54:53,673 [Worker-3: Download sources and javadoc] INFO  o.e.m.c.i.e.AbstractTransferListenerAdapter - Downloaded https://repo.maven.apache.org/maven2/io/micrometer/micrometer-commons/1.14.3/micrometer-commons-1.14.3-sources.jar
2025-02-03 15:54:53,681 [Worker-3: Download sources and javadoc] INFO  o.e.m.j.internal.DownloadSourcesJob - Downloaded sources for io.micrometer:micrometer-commons:1.14.3
2025-02-03 15:54:53,785 [Worker-3: Download sources and javadoc] INFO  o.e.m.c.i.e.AbstractTransferListenerAdapter - Downloading https://repo.maven.apache.org/maven2/org/springframework/spring-webmvc/6.2.2/spring-webmvc-6.2.2-sources.jar
2025-02-03 15:54:53,935 [Worker-3: Download sources and javadoc] INFO  o.e.m.c.i.e.AbstractTransferListenerAdapter - Downloaded https://repo.maven.apache.org/maven2/org/springframework/spring-webmvc/6.2.2/spring-webmvc-6.2.2-sources.jar
2025-02-03 15:54:53,964 [Worker-3: Download sources and javadoc] INFO  o.e.m.j.internal.DownloadSourcesJob - Downloaded sources for org.springframework:spring-webmvc:6.2.2
2025-02-03 15:54:54,070 [Worker-3: Download sources and javadoc] INFO  o.e.m.c.i.e.AbstractTransferListenerAdapter - Downloading https://repo.maven.apache.org/maven2/org/springframework/spring-aop/6.2.2/spring-aop-6.2.2-sources.jar
2025-02-03 15:54:54,142 [Worker-3: Download sources and javadoc] INFO  o.e.m.c.i.e.AbstractTransferListenerAdapter - Downloaded https://repo.maven.apache.org/maven2/org/springframework/spring-aop/6.2.2/spring-aop-6.2.2-sources.jar
2025-02-03 15:54:54,167 [Worker-3: Download sources and javadoc] INFO  o.e.m.j.internal.DownloadSourcesJob - Downloaded sources for org.springframework:spring-aop:6.2.2
2025-02-03 15:54:54,252 [Worker-3: Download sources and javadoc] INFO  o.e.m.c.i.e.AbstractTransferListenerAdapter - Downloading https://repo.maven.apache.org/maven2/org/springframework/spring-context/6.2.2/spring-context-6.2.2-sources.jar
2025-02-03 15:54:54,438 [Worker-3: Download sources and javadoc] INFO  o.e.m.c.i.e.AbstractTransferListenerAdapter - Downloaded https://repo.maven.apache.org/maven2/org/springframework/spring-context/6.2.2/spring-context-6.2.2-sources.jar
2025-02-03 15:54:54,480 [Worker-3: Download sources and javadoc] INFO  o.e.m.j.internal.DownloadSourcesJob - Downloaded sources for org.springframework:spring-context:6.2.2
2025-02-03 15:54:54,586 [Worker-3: Download sources and javadoc] INFO  o.e.m.c.i.e.AbstractTransferListenerAdapter - Downloading https://repo.maven.apache.org/maven2/org/springframework/spring-expression/6.2.2/spring-expression-6.2.2-sources.jar
2025-02-03 15:54:54,638 [Worker-3: Download sources and javadoc] INFO  o.e.m.c.i.e.AbstractTransferListenerAdapter - Downloaded https://repo.maven.apache.org/maven2/org/springframework/spring-expression/6.2.2/spring-expression-6.2.2-sources.jar
2025-02-03 15:54:54,653 [Worker-3: Download sources and javadoc] INFO  o.e.m.j.internal.DownloadSourcesJob - Downloaded sources for org.springframework:spring-expression:6.2.2
2025-02-03 15:54:54,750 [Worker-3: Download sources and javadoc] INFO  o.e.m.c.i.e.AbstractTransferListenerAdapter - Downloading https://repo.maven.apache.org/maven2/org/springframework/boot/spring-boot-devtools/3.4.2/spring-boot-devtools-3.4.2-sources.jar
2025-02-03 15:54:54,801 [Worker-3: Download sources and javadoc] INFO  o.e.m.c.i.e.AbstractTransferListenerAdapter - Downloaded https://repo.maven.apache.org/maven2/org/springframework/boot/spring-boot-devtools/3.4.2/spring-boot-devtools-3.4.2-sources.jar
2025-02-03 15:54:54,818 [Worker-3: Download sources and javadoc] INFO  o.e.m.j.internal.DownloadSourcesJob - Downloaded sources for org.springframework.boot:spring-boot-devtools:3.4.2
2025-02-03 15:54:54,909 [Worker-3: Download sources and javadoc] INFO  o.e.m.c.i.e.AbstractTransferListenerAdapter - Downloading https://repo.maven.apache.org/maven2/org/springframework/boot/spring-boot/3.4.2/spring-boot-3.4.2-sources.jar
2025-02-03 15:54:55,123 [Worker-3: Download sources and javadoc] INFO  o.e.m.c.i.e.AbstractTransferListenerAdapter - Downloaded https://repo.maven.apache.org/maven2/org/springframework/boot/spring-boot/3.4.2/spring-boot-3.4.2-sources.jar
2025-02-03 15:54:55,246 [Worker-3: Download sources and javadoc] INFO  o.e.m.j.internal.DownloadSourcesJob - Downloaded sources for org.springframework.boot:spring-boot:3.4.2
2025-02-03 15:54:55,318 [Worker-3: Download sources and javadoc] INFO  o.e.m.c.i.e.AbstractTransferListenerAdapter - Downloading https://repo.maven.apache.org/maven2/org/springframework/boot/spring-boot-autoconfigure/3.4.2/spring-boot-autoconfigure-3.4.2-sources.jar
2025-02-03 15:54:55,544 [Worker-3: Download sources and javadoc] INFO  o.e.m.c.i.e.AbstractTransferListenerAdapter - Downloaded https://repo.maven.apache.org/maven2/org/springframework/boot/spring-boot-autoconfigure/3.4.2/spring-boot-autoconfigure-3.4.2-sources.jar
2025-02-03 15:54:55,668 [Worker-3: Download sources and javadoc] INFO  o.e.m.j.internal.DownloadSourcesJob - Downloaded sources for org.springframework.boot:spring-boot-autoconfigure:3.4.2
2025-02-03 15:54:55,777 [Worker-3: Download sources and javadoc] INFO  o.e.m.c.i.e.AbstractTransferListenerAdapter - Downloading https://repo.maven.apache.org/maven2/org/springframework/boot/spring-boot-starter-tomcat/3.4.2/spring-boot-starter-tomcat-3.4.2-sources.jar
2025-02-03 15:54:55,832 [Worker-3: Download sources and javadoc] INFO  o.e.m.c.i.e.AbstractTransferListenerAdapter - Downloaded https://repo.maven.apache.org/maven2/org/springframework/boot/spring-boot-starter-tomcat/3.4.2/spring-boot-starter-tomcat-3.4.2-sources.jar
2025-02-03 15:54:55,875 [Worker-3: Download sources and javadoc] INFO  o.e.m.j.internal.DownloadSourcesJob - Downloaded sources for org.springframework.boot:spring-boot-starter-tomcat:3.4.2
2025-02-03 15:54:56,006 [Worker-3: Download sources and javadoc] INFO  o.e.m.c.i.e.AbstractTransferListenerAdapter - Downloading https://repo.maven.apache.org/maven2/org/springframework/boot/spring-boot-starter-test/3.4.2/spring-boot-starter-test-3.4.2-sources.jar
2025-02-03 15:54:56,072 [Worker-3: Download sources and javadoc] INFO  o.e.m.c.i.e.AbstractTransferListenerAdapter - Downloaded https://repo.maven.apache.org/maven2/org/springframework/boot/spring-boot-starter-test/3.4.2/spring-boot-starter-test-3.4.2-sources.jar
2025-02-03 15:54:56,093 [Worker-3: Download sources and javadoc] INFO  o.e.m.j.internal.DownloadSourcesJob - Downloaded sources for org.springframework.boot:spring-boot-starter-test:3.4.2
2025-02-03 15:54:56,175 [Worker-3: Download sources and javadoc] INFO  o.e.m.c.i.e.AbstractTransferListenerAdapter - Downloading https://repo.maven.apache.org/maven2/org/springframework/boot/spring-boot-test/3.4.2/spring-boot-test-3.4.2-sources.jar
2025-02-03 15:54:56,511 [Worker-3: Download sources and javadoc] INFO  o.e.m.c.i.e.AbstractTransferListenerAdapter - Downloaded https://repo.maven.apache.org/maven2/org/springframework/boot/spring-boot-test/3.4.2/spring-boot-test-3.4.2-sources.jar
2025-02-03 15:54:56,523 [Worker-3: Download sources and javadoc] INFO  o.e.m.j.internal.DownloadSourcesJob - Downloaded sources for org.springframework.boot:spring-boot-test:3.4.2
2025-02-03 15:54:56,605 [Worker-3: Download sources and javadoc] INFO  o.e.m.c.i.e.AbstractTransferListenerAdapter - Downloading https://repo.maven.apache.org/maven2/org/springframework/boot/spring-boot-test-autoconfigure/3.4.2/spring-boot-test-autoconfigure-3.4.2-sources.jar
2025-02-03 15:54:56,687 [Worker-3: Download sources and javadoc] INFO  o.e.m.c.i.e.AbstractTransferListenerAdapter - Downloaded https://repo.maven.apache.org/maven2/org/springframework/boot/spring-boot-test-autoconfigure/3.4.2/spring-boot-test-autoconfigure-3.4.2-sources.jar
2025-02-03 15:54:56,733 [Worker-3: Download sources and javadoc] INFO  o.e.m.j.internal.DownloadSourcesJob - Downloaded sources for org.springframework.boot:spring-boot-test-autoconfigure:3.4.2
2025-02-03 15:54:56,828 [Worker-3: Download sources and javadoc] INFO  o.e.m.c.i.e.AbstractTransferListenerAdapter - Downloading https://repo.maven.apache.org/maven2/org/springframework/spring-core/6.2.2/spring-core-6.2.2-sources.jar
2025-02-03 15:54:56,972 [Worker-3: Download sources and javadoc] INFO  o.e.m.c.i.e.AbstractTransferListenerAdapter - Downloaded https://repo.maven.apache.org/maven2/org/springframework/spring-core/6.2.2/spring-core-6.2.2-sources.jar
2025-02-03 15:54:56,984 [Worker-3: Download sources and javadoc] INFO  o.e.m.j.internal.DownloadSourcesJob - Downloaded sources for org.springframework:spring-core:6.2.2
2025-02-03 15:54:57,248 [Worker-3: Download sources and javadoc] INFO  o.e.m.c.i.e.AbstractTransferListenerAdapter - Downloading https://repo.maven.apache.org/maven2/org/springframework/spring-jcl/6.2.2/spring-jcl-6.2.2-sources.jar
2025-02-03 15:54:57,334 [Worker-3: Download sources and javadoc] INFO  o.e.m.c.i.e.AbstractTransferListenerAdapter - Downloaded https://repo.maven.apache.org/maven2/org/springframework/spring-jcl/6.2.2/spring-jcl-6.2.2-sources.jar
2025-02-03 15:54:57,353 [Worker-3: Download sources and javadoc] INFO  o.e.m.j.internal.DownloadSourcesJob - Downloaded sources for org.springframework:spring-jcl:6.2.2
2025-02-03 15:54:57,442 [Worker-3: Download sources and javadoc] INFO  o.e.m.c.i.e.AbstractTransferListenerAdapter - Downloading https://repo.maven.apache.org/maven2/org/springframework/spring-test/6.2.2/spring-test-6.2.2-sources.jar
2025-02-03 15:54:57,611 [Worker-3: Download sources and javadoc] INFO  o.e.m.c.i.e.AbstractTransferListenerAdapter - Downloaded https://repo.maven.apache.org/maven2/org/springframework/spring-test/6.2.2/spring-test-6.2.2-sources.jar
2025-02-03 15:54:57,652 [Worker-3: Download sources and javadoc] INFO  o.e.m.j.internal.DownloadSourcesJob - Downloaded sources for org.springframework:spring-test:6.2.2
2025-02-03 15:54:58,560 [Worker-18: Import Getting Started Content] INFO  o.e.m.j.i.AbstractJavaProjectConfigurator - Adding source folder /14-Spring-MVC/src/main/java
2025-02-03 15:54:58,569 [Worker-18: Import Getting Started Content] INFO  o.e.m.j.i.AbstractJavaProjectConfigurator - Adding resource folder /14-Spring-MVC/src/main/resources
2025-02-03 15:54:58,588 [Worker-18: Import Getting Started Content] INFO  o.e.m.j.i.AbstractJavaProjectConfigurator - Adding resource folder /14-Spring-MVC/src/main/resources
2025-02-03 15:54:58,604 [Worker-18: Import Getting Started Content] INFO  o.e.m.j.i.AbstractJavaProjectConfigurator - Adding source folder /14-Spring-MVC/src/test/java
2025-02-03 15:54:58,610 [Worker-18: Import Getting Started Content] INFO  o.e.m.j.i.AbstractJavaProjectConfigurator - Adding resource folder /14-Spring-MVC/src/test/resources
2025-02-03 15:55:03,250 [Worker-18: Import Getting Started Content] INFO  o.e.m.c.i.e.AbstractTransferListenerAdapter - Downloading https://repo.maven.apache.org/maven2/org/apache/maven/plugins/maven-clean-plugin/3.4.0/maven-clean-plugin-3.4.0.pom
2025-02-03 15:55:03,272 [Worker-18: Import Getting Started Content] INFO  o.e.m.c.i.e.AbstractTransferListenerAdapter - Downloaded https://repo.maven.apache.org/maven2/org/apache/maven/plugins/maven-clean-plugin/3.4.0/maven-clean-plugin-3.4.0.pom
2025-02-03 15:55:03,537 [Worker-18: Import Getting Started Content] INFO  o.e.m.c.i.p.ProjectConfigurationManager - Imported and configured 1 project(s) in 51 sec
2025-02-03 15:55:03,551 [Worker-18: Import Getting Started Content] INFO  o.e.m.c.i.p.ProjectConfigurationManager - Update started
2025-02-03 15:55:04,853 [Worker-18: Import Getting Started Content] INFO  o.e.m.c.i.l.LifecycleMappingFactory - Using org.maven.ide.eclipse.wtp.WarLifecycleMapping lifecycle mapping for MavenProject: com.in.akshay:09-Spring-DataJPA_TimeStamps:0.0.1-SNAPSHOT @ C:\Users\surajendra\Work_Requests\Eclipse_Workspace\Spring\Test\14-Spring-MVC\pom.xml.
2025-02-03 15:55:07,666 [Worker-18: Import Getting Started Content] INFO  o.e.m.j.i.AbstractJavaProjectConfigurator - Adding source folder /14-Spring-MVC/src/main/java
2025-02-03 15:55:07,674 [Worker-18: Import Getting Started Content] INFO  o.e.m.j.i.AbstractJavaProjectConfigurator - Adding resource folder /14-Spring-MVC/src/main/resources
2025-02-03 15:55:07,674 [Worker-18: Import Getting Started Content] INFO  o.e.m.j.i.AbstractJavaProjectConfigurator - Adding resource folder /14-Spring-MVC/src/main/resources
2025-02-03 15:55:07,674 [Worker-18: Import Getting Started Content] INFO  o.e.m.j.i.AbstractJavaProjectConfigurator - Adding source folder /14-Spring-MVC/src/test/java
2025-02-03 15:55:07,683 [Worker-18: Import Getting Started Content] INFO  o.e.m.j.i.AbstractJavaProjectConfigurator - Adding resource folder /14-Spring-MVC/src/test/resources
2025-02-03 15:55:09,845 [Worker-18: Import Getting Started Content] INFO  o.e.m.w.i.f.ResourceFilteringBuildParticipant - Cleaning filtered folder for 14-Spring-MVC
2025-02-03 15:55:09,935 [Worker-18: Import Getting Started Content] INFO  o.e.m.c.i.p.ProjectConfigurationManager - Update completed for 1 poms: local refresh takes 0.00 sec, refresh facades takes 4.00 sec, update config takes 1.00 sec 
2025-02-03 15:55:11,291 [Worker-14: Updating Maven Project] INFO  o.e.m.c.i.p.ProjectConfigurationManager - Update started
2025-02-03 15:55:12,841 [Worker-14: Updating Maven Project] INFO  o.e.m.c.i.l.LifecycleMappingFactory - Using org.maven.ide.eclipse.wtp.WarLifecycleMapping lifecycle mapping for MavenProject: com.in.akshay:09-Spring-DataJPA_TimeStamps:0.0.1-SNAPSHOT @ C:\Users\surajendra\Work_Requests\Eclipse_Workspace\Spring\Test\14-Spring-MVC\pom.xml.
2025-02-03 15:55:14,543 [Worker-14: Updating Maven Project] INFO  o.e.m.j.i.AbstractJavaProjectConfigurator - Adding source folder /14-Spring-MVC/src/main/java
2025-02-03 15:55:14,543 [Worker-14: Updating Maven Project] INFO  o.e.m.j.i.AbstractJavaProjectConfigurator - Adding resource folder /14-Spring-MVC/src/main/resources
2025-02-03 15:55:14,543 [Worker-14: Updating Maven Project] INFO  o.e.m.j.i.AbstractJavaProjectConfigurator - Adding resource folder /14-Spring-MVC/src/main/resources
2025-02-03 15:55:14,543 [Worker-14: Updating Maven Project] INFO  o.e.m.j.i.AbstractJavaProjectConfigurator - Adding source folder /14-Spring-MVC/src/test/java
2025-02-03 15:55:14,551 [Worker-14: Updating Maven Project] INFO  o.e.m.j.i.AbstractJavaProjectConfigurator - Adding resource folder /14-Spring-MVC/src/test/resources
2025-02-03 15:55:17,506 [Worker-14: Updating Maven Project] INFO  o.e.m.w.i.f.ResourceFilteringBuildParticipant - Cleaning filtered folder for 14-Spring-MVC
2025-02-03 15:55:17,562 [Worker-14: Updating Maven Project] INFO  o.e.m.c.i.p.ProjectConfigurationManager - Update completed for 1 poms: local refresh takes 0.00 sec, refresh facades takes 3.00 sec, update config takes 2.00 sec 
2025-02-03 15:55:20,529 [Worker-22: Building] INFO  o.a.m.s.f.DefaultMavenResourcesFiltering - Copying 1 resource from src\main\resources to target\classes
2025-02-03 15:55:20,581 [Worker-22: Building] INFO  o.a.m.s.f.DefaultMavenResourcesFiltering - Copying 0 resource from src\main\resources to target\classes
2025-02-03 15:55:20,589 [Worker-22: Building] INFO  o.a.m.s.f.DefaultMavenResourcesFiltering - skip non existing resourceDirectory C:\Users\surajendra\Work_Requests\Eclipse_Workspace\Spring\Test\13-Spring-DataJPA_Transaction-Mgmt\src\test\resources
2025-02-03 15:55:22,967 [Worker-22: Building] INFO  o.a.m.s.f.DefaultMavenResourcesFiltering - Copying 1 resource from src\main\resources to target\classes
2025-02-03 15:55:23,039 [Worker-22: Building] INFO  o.a.m.s.f.DefaultMavenResourcesFiltering - Copying 0 resource from src\main\resources to target\classes
2025-02-03 15:55:23,065 [Worker-22: Building] INFO  o.a.m.s.f.DefaultMavenResourcesFiltering - skip non existing resourceDirectory C:\Users\surajendra\Work_Requests\Eclipse_Workspace\Spring\Test\14-Spring-MVC\src\test\resources
2025-02-03 15:55:23,067 [Worker-22: Building] INFO  o.e.m.w.i.f.ResourceFilteringBuildParticipant - Changed resources require a complete clean of filtered resources of 14-Spring-MVC
2025-02-03 15:55:23,067 [Worker-22: Building] INFO  o.e.m.w.i.f.ResourceFilteringBuildParticipant - Executing resource filtering for 14-Spring-MVC
2025-02-03 16:02:39,016 [Worker-18: Building] INFO  o.e.m.c.i.l.LifecycleMappingFactory - Using org.maven.ide.eclipse.wtp.WarLifecycleMapping lifecycle mapping for MavenProject: com.in.akshay:09-Spring-DataJPA_TimeStamps:0.0.1-SNAPSHOT @ C:\Users\surajendra\Work_Requests\Eclipse_Workspace\Spring\Test\14-Spring-MVC\pom.xml.
2025-02-03 16:02:39,537 [Worker-18: Building] INFO  o.e.m.c.i.e.AbstractTransferListenerAdapter - Downloading https://repo.maven.apache.org/maven2/org/apache/tomcat/embed/tomcat-embed-jasper/11.0.1/tomcat-embed-jasper-11.0.1.pom
2025-02-03 16:02:39,560 [Worker-18: Building] INFO  o.e.m.c.i.e.AbstractTransferListenerAdapter - Downloaded https://repo.maven.apache.org/maven2/org/apache/tomcat/embed/tomcat-embed-jasper/11.0.1/tomcat-embed-jasper-11.0.1.pom
2025-02-03 16:02:39,609 [Worker-18: Building] INFO  o.e.m.c.i.e.AbstractTransferListenerAdapter - Downloading https://repo.maven.apache.org/maven2/org/apache/tomcat/tomcat-annotations-api/10.1.34/tomcat-annotations-api-10.1.34.pom
2025-02-03 16:02:39,619 [Worker-18: Building] INFO  o.e.m.c.i.e.AbstractTransferListenerAdapter - Downloaded https://repo.maven.apache.org/maven2/org/apache/tomcat/tomcat-annotations-api/10.1.34/tomcat-annotations-api-10.1.34.pom
2025-02-03 16:02:39,730 [Worker-18: Building] INFO  o.e.m.c.i.e.AbstractTransferListenerAdapter - Downloading https://repo.maven.apache.org/maven2/org/eclipse/jdt/ecj/3.39.0/ecj-3.39.0.pom
2025-02-03 16:02:39,741 [Worker-18: Building] INFO  o.e.m.c.i.e.AbstractTransferListenerAdapter - Downloaded https://repo.maven.apache.org/maven2/org/eclipse/jdt/ecj/3.39.0/ecj-3.39.0.pom
2025-02-03 16:02:39,949 [Worker-18: Building] INFO  o.e.m.c.i.e.AbstractTransferListenerAdapter - Downloading https://repo.maven.apache.org/maven2/org/apache/tomcat/embed/tomcat-embed-jasper/11.0.1/tomcat-embed-jasper-11.0.1.jar
2025-02-03 16:02:40,048 [Worker-18: Building] INFO  o.e.m.c.i.e.AbstractTransferListenerAdapter - Downloaded https://repo.maven.apache.org/maven2/org/apache/tomcat/embed/tomcat-embed-jasper/11.0.1/tomcat-embed-jasper-11.0.1.jar
2025-02-03 16:02:40,146 [BasicRepositoryConnector-repo.maven.apache.org-2-0] INFO  o.e.m.c.i.e.AbstractTransferListenerAdapter - Downloading https://repo.maven.apache.org/maven2/org/eclipse/jdt/ecj/3.39.0/ecj-3.39.0.jar
2025-02-03 16:02:40,648 [BasicRepositoryConnector-repo.maven.apache.org-2-0] INFO  o.e.m.c.i.e.AbstractTransferListenerAdapter - Downloaded https://repo.maven.apache.org/maven2/org/eclipse/jdt/ecj/3.39.0/ecj-3.39.0.jar
2025-02-03 16:02:40,937 [Worker-18: Building] INFO  o.a.m.s.f.DefaultMavenResourcesFiltering - Copying 0 resource from src\main\resources to target\classes
2025-02-03 16:02:40,938 [Worker-18: Building] INFO  o.a.m.s.f.DefaultMavenResourcesFiltering - Copying 0 resource from src\main\resources to target\classes
2025-02-03 16:02:40,941 [Worker-18: Building] INFO  o.a.m.s.f.DefaultMavenResourcesFiltering - skip non existing resourceDirectory C:\Users\surajendra\Work_Requests\Eclipse_Workspace\Spring\Test\14-Spring-MVC\src\test\resources
2025-02-03 16:02:40,941 [Worker-18: Building] INFO  o.e.m.w.i.f.ResourceFilteringBuildParticipant - Changed resources require a complete clean of filtered resources of 14-Spring-MVC
2025-02-03 16:02:40,941 [Worker-18: Building] INFO  o.e.m.w.i.f.ResourceFilteringBuildParticipant - Executing resource filtering for 14-Spring-MVC
2025-02-03 16:02:41,396 [Worker-29: Building] INFO  o.a.m.s.f.DefaultMavenResourcesFiltering - Copying 1 resource from src\main\resources to target\classes
2025-02-03 16:02:41,426 [Worker-29: Building] INFO  o.a.m.s.f.DefaultMavenResourcesFiltering - Copying 0 resource from src\main\resources to target\classes
2025-02-03 16:02:41,429 [Worker-29: Building] INFO  o.a.m.s.f.DefaultMavenResourcesFiltering - skip non existing resourceDirectory C:\Users\surajendra\Work_Requests\Eclipse_Workspace\Spring\Test\14-Spring-MVC\src\test\resources
2025-02-03 16:02:41,899 [Worker-32: Download sources and javadoc] INFO  o.e.m.c.i.e.AbstractTransferListenerAdapter - Downloading https://repo.maven.apache.org/maven2/org/apache/tomcat/embed/tomcat-embed-jasper/11.0.1/tomcat-embed-jasper-11.0.1-sources.jar
2025-02-03 16:02:42,027 [Worker-32: Download sources and javadoc] INFO  o.e.m.c.i.e.AbstractTransferListenerAdapter - Downloaded https://repo.maven.apache.org/maven2/org/apache/tomcat/embed/tomcat-embed-jasper/11.0.1/tomcat-embed-jasper-11.0.1-sources.jar
2025-02-03 16:02:42,034 [Worker-32: Download sources and javadoc] INFO  o.e.m.j.internal.DownloadSourcesJob - Downloaded sources for org.apache.tomcat.embed:tomcat-embed-jasper:11.0.1
2025-02-03 16:02:43,230 [Worker-32: Download sources and javadoc] INFO  o.e.m.c.i.e.AbstractTransferListenerAdapter - Downloading https://repo.maven.apache.org/maven2/org/eclipse/jdt/ecj/3.39.0/ecj-3.39.0-sources.jar
2025-02-03 16:02:43,618 [Worker-32: Download sources and javadoc] INFO  o.e.m.c.i.e.AbstractTransferListenerAdapter - Downloaded https://repo.maven.apache.org/maven2/org/eclipse/jdt/ecj/3.39.0/ecj-3.39.0-sources.jar
2025-02-03 16:02:43,623 [Worker-32: Download sources and javadoc] INFO  o.e.m.j.internal.DownloadSourcesJob - Downloaded sources for org.eclipse.jdt:ecj:3.39.0
2025-02-03 16:05:12,862 [Worker-28: Building] INFO  o.a.m.s.f.DefaultMavenResourcesFiltering - Copying 1 resource from src\main\resources to target\classes
2025-02-03 16:05:12,870 [Worker-28: Building] INFO  o.a.m.s.f.DefaultMavenResourcesFiltering - Copying 0 resource from src\main\resources to target\classes
2025-02-03 16:05:12,873 [Worker-28: Building] INFO  o.a.m.s.f.DefaultMavenResourcesFiltering - skip non existing resourceDirectory C:\Users\surajendra\Work_Requests\Eclipse_Workspace\Spring\Test\14-Spring-MVC\src\test\resources
2025-02-03 16:10:35,689 [Worker-28: Building] INFO  o.a.m.s.f.DefaultMavenResourcesFiltering - Copying 1 resource from src\main\resources to target\classes
2025-02-03 16:10:35,702 [Worker-28: Building] INFO  o.a.m.s.f.DefaultMavenResourcesFiltering - Copying 0 resource from src\main\resources to target\classes
2025-02-03 16:10:35,707 [Worker-28: Building] INFO  o.a.m.s.f.DefaultMavenResourcesFiltering - skip non existing resourceDirectory C:\Users\surajendra\Work_Requests\Eclipse_Workspace\Spring\Test\14-Spring-MVC\src\test\resources
2025-02-03 16:10:52,433 [Worker-28: Building] INFO  o.a.m.s.f.DefaultMavenResourcesFiltering - Copying 1 resource from src\main\resources to target\classes
2025-02-03 16:10:52,441 [Worker-28: Building] INFO  o.a.m.s.f.DefaultMavenResourcesFiltering - Copying 0 resource from src\main\resources to target\classes
2025-02-03 16:10:52,445 [Worker-28: Building] INFO  o.a.m.s.f.DefaultMavenResourcesFiltering - skip non existing resourceDirectory C:\Users\surajendra\Work_Requests\Eclipse_Workspace\Spring\Test\14-Spring-MVC\src\test\resources
2025-02-03 16:11:13,706 [Worker-35: Building] INFO  o.a.m.s.f.DefaultMavenResourcesFiltering - Copying 1 resource from src\main\resources to target\classes
2025-02-03 16:11:13,713 [Worker-35: Building] INFO  o.a.m.s.f.DefaultMavenResourcesFiltering - Copying 0 resource from src\main\resources to target\classes
2025-02-03 16:11:13,716 [Worker-35: Building] INFO  o.a.m.s.f.DefaultMavenResourcesFiltering - skip non existing resourceDirectory C:\Users\surajendra\Work_Requests\Eclipse_Workspace\Spring\Test\14-Spring-MVC\src\test\resources
2025-02-03 16:14:07,327 [Worker-35: Updating Maven Project] INFO  o.e.m.c.i.p.ProjectConfigurationManager - Update started
2025-02-03 16:14:07,879 [Worker-35: Updating Maven Project] INFO  o.e.m.c.i.l.LifecycleMappingFactory - Using org.maven.ide.eclipse.wtp.WarLifecycleMapping lifecycle mapping for MavenProject: com.in.akshay:09-Spring-DataJPA_TimeStamps:0.0.1-SNAPSHOT @ C:\Users\surajendra\Work_Requests\Eclipse_Workspace\Spring\Test\14-Spring-MVC\pom.xml.
2025-02-03 16:14:08,390 [Worker-35: Updating Maven Project] INFO  o.e.m.j.i.AbstractJavaProjectConfigurator - Adding source folder /14-Spring-MVC/src/main/java
2025-02-03 16:14:08,390 [Worker-35: Updating Maven Project] INFO  o.e.m.j.i.AbstractJavaProjectConfigurator - Adding resource folder /14-Spring-MVC/src/main/resources
2025-02-03 16:14:08,391 [Worker-35: Updating Maven Project] INFO  o.e.m.j.i.AbstractJavaProjectConfigurator - Adding resource folder /14-Spring-MVC/src/main/resources
2025-02-03 16:14:08,391 [Worker-35: Updating Maven Project] INFO  o.e.m.j.i.AbstractJavaProjectConfigurator - Adding source folder /14-Spring-MVC/src/test/java
2025-02-03 16:14:08,392 [Worker-35: Updating Maven Project] INFO  o.e.m.j.i.AbstractJavaProjectConfigurator - Adding resource folder /14-Spring-MVC/src/test/resources
2025-02-03 16:14:08,806 [Worker-35: Updating Maven Project] INFO  o.e.m.w.i.f.ResourceFilteringBuildParticipant - Cleaning filtered folder for 14-Spring-MVC
2025-02-03 16:14:08,824 [Worker-35: Updating Maven Project] INFO  o.e.m.c.i.p.ProjectConfigurationManager - Update completed for 1 poms: local refresh takes 0.00 sec, refresh facades takes 1.00 sec, update config takes 0.00 sec 
2025-02-03 16:14:09,290 [Worker-35: Building] INFO  o.a.m.s.f.DefaultMavenResourcesFiltering - Copying 1 resource from src\main\resources to target\classes
2025-02-03 16:14:09,315 [Worker-35: Building] INFO  o.a.m.s.f.DefaultMavenResourcesFiltering - Copying 0 resource from src\main\resources to target\classes
2025-02-03 16:14:09,324 [Worker-35: Building] INFO  o.a.m.s.f.DefaultMavenResourcesFiltering - skip non existing resourceDirectory C:\Users\surajendra\Work_Requests\Eclipse_Workspace\Spring\Test\14-Spring-MVC\src\test\resources
2025-02-03 16:14:09,324 [Worker-35: Building] INFO  o.e.m.w.i.f.ResourceFilteringBuildParticipant - Changed resources require a complete clean of filtered resources of 14-Spring-MVC
2025-02-03 16:14:09,324 [Worker-35: Building] INFO  o.e.m.w.i.f.ResourceFilteringBuildParticipant - Executing resource filtering for 14-Spring-MVC
2025-02-03 16:16:00,092 [Worker-37: Building] INFO  o.e.m.c.i.l.LifecycleMappingFactory - Using org.maven.ide.eclipse.wtp.WarLifecycleMapping lifecycle mapping for MavenProject: com.in.akshay:09-Spring-DataJPA_TimeStamps:0.0.1-SNAPSHOT @ C:\Users\surajendra\Work_Requests\Eclipse_Workspace\Spring\Test\14-Spring-MVC\pom.xml.
2025-02-03 16:16:00,321 [Worker-37: Building] INFO  o.e.m.c.i.e.AbstractTransferListenerAdapter - Downloading https://repo.maven.apache.org/maven2/org/apache/tomcat/embed/tomcat-embed-jasper/10.1.34/tomcat-embed-jasper-10.1.34.pom
2025-02-03 16:16:00,336 [Worker-37: Building] INFO  o.e.m.c.i.e.AbstractTransferListenerAdapter - Downloaded https://repo.maven.apache.org/maven2/org/apache/tomcat/embed/tomcat-embed-jasper/10.1.34/tomcat-embed-jasper-10.1.34.pom
2025-02-03 16:16:00,366 [Worker-37: Building] INFO  o.e.m.c.i.e.AbstractTransferListenerAdapter - Downloading https://repo.maven.apache.org/maven2/org/eclipse/jdt/ecj/3.33.0/ecj-3.33.0.pom
2025-02-03 16:16:00,377 [Worker-37: Building] INFO  o.e.m.c.i.e.AbstractTransferListenerAdapter - Downloaded https://repo.maven.apache.org/maven2/org/eclipse/jdt/ecj/3.33.0/ecj-3.33.0.pom
2025-02-03 16:16:00,552 [Worker-37: Building] INFO  o.e.m.c.i.e.AbstractTransferListenerAdapter - Downloading https://repo.maven.apache.org/maven2/org/apache/tomcat/embed/tomcat-embed-jasper/10.1.34/tomcat-embed-jasper-10.1.34.jar
2025-02-03 16:16:00,651 [Worker-37: Building] INFO  o.e.m.c.i.e.AbstractTransferListenerAdapter - Downloaded https://repo.maven.apache.org/maven2/org/apache/tomcat/embed/tomcat-embed-jasper/10.1.34/tomcat-embed-jasper-10.1.34.jar
2025-02-03 16:16:00,681 [BasicRepositoryConnector-repo.maven.apache.org-3-0] INFO  o.e.m.c.i.e.AbstractTransferListenerAdapter - Downloading https://repo.maven.apache.org/maven2/org/eclipse/jdt/ecj/3.33.0/ecj-3.33.0.jar
2025-02-03 16:16:00,852 [BasicRepositoryConnector-repo.maven.apache.org-3-0] INFO  o.e.m.c.i.e.AbstractTransferListenerAdapter - Downloaded https://repo.maven.apache.org/maven2/org/eclipse/jdt/ecj/3.33.0/ecj-3.33.0.jar
2025-02-03 16:16:01,196 [Worker-37: Building] INFO  o.a.m.s.f.DefaultMavenResourcesFiltering - Copying 0 resource from src\main\resources to target\classes
2025-02-03 16:16:01,197 [Worker-37: Building] INFO  o.a.m.s.f.DefaultMavenResourcesFiltering - Copying 0 resource from src\main\resources to target\classes
2025-02-03 16:16:01,202 [Worker-37: Building] INFO  o.a.m.s.f.DefaultMavenResourcesFiltering - skip non existing resourceDirectory C:\Users\surajendra\Work_Requests\Eclipse_Workspace\Spring\Test\14-Spring-MVC\src\test\resources
2025-02-03 16:16:01,238 [Worker-37: Building] INFO  o.e.m.w.i.f.ResourceFilteringBuildParticipant - Changed resources require a complete clean of filtered resources of 14-Spring-MVC
2025-02-03 16:16:01,238 [Worker-37: Building] INFO  o.e.m.w.i.f.ResourceFilteringBuildParticipant - Executing resource filtering for 14-Spring-MVC
2025-02-03 16:16:02,237 [Worker-40: Download sources and javadoc] INFO  o.e.m.c.i.e.AbstractTransferListenerAdapter - Downloading https://repo.maven.apache.org/maven2/org/apache/tomcat/embed/tomcat-embed-jasper/10.1.34/tomcat-embed-jasper-10.1.34-sources.jar
2025-02-03 16:16:02,313 [Worker-40: Download sources and javadoc] INFO  o.e.m.c.i.e.AbstractTransferListenerAdapter - Downloaded https://repo.maven.apache.org/maven2/org/apache/tomcat/embed/tomcat-embed-jasper/10.1.34/tomcat-embed-jasper-10.1.34-sources.jar
2025-02-03 16:16:02,323 [Worker-40: Download sources and javadoc] INFO  o.e.m.j.internal.DownloadSourcesJob - Downloaded sources for org.apache.tomcat.embed:tomcat-embed-jasper:10.1.34
2025-02-03 16:16:02,368 [Worker-36: Building] INFO  o.a.m.s.f.DefaultMavenResourcesFiltering - Copying 1 resource from src\main\resources to target\classes
2025-02-03 16:16:02,377 [Worker-40: Download sources and javadoc] INFO  o.e.m.c.i.e.AbstractTransferListenerAdapter - Downloading https://repo.maven.apache.org/maven2/org/eclipse/jdt/ecj/3.33.0/ecj-3.33.0-sources.jar
2025-02-03 16:16:02,390 [Worker-36: Building] INFO  o.a.m.s.f.DefaultMavenResourcesFiltering - Copying 0 resource from src\main\resources to target\classes
2025-02-03 16:16:02,392 [Worker-36: Building] INFO  o.a.m.s.f.DefaultMavenResourcesFiltering - skip non existing resourceDirectory C:\Users\surajendra\Work_Requests\Eclipse_Workspace\Spring\Test\14-Spring-MVC\src\test\resources
2025-02-03 16:16:02,563 [Worker-40: Download sources and javadoc] INFO  o.e.m.c.i.e.AbstractTransferListenerAdapter - Downloaded https://repo.maven.apache.org/maven2/org/eclipse/jdt/ecj/3.33.0/ecj-3.33.0-sources.jar
2025-02-03 16:16:02,568 [Worker-40: Download sources and javadoc] INFO  o.e.m.j.internal.DownloadSourcesJob - Downloaded sources for org.eclipse.jdt:ecj:3.33.0
2025-02-03 16:16:55,696 [Worker-38: Updating Maven Project] INFO  o.e.m.c.i.p.ProjectConfigurationManager - Update started
2025-02-03 16:16:56,005 [Worker-38: Updating Maven Project] INFO  o.e.m.c.i.l.LifecycleMappingFactory - Using org.maven.ide.eclipse.wtp.WarLifecycleMapping lifecycle mapping for MavenProject: com.in.akshay:09-Spring-DataJPA_TimeStamps:0.0.1-SNAPSHOT @ C:\Users\surajendra\Work_Requests\Eclipse_Workspace\Spring\Test\14-Spring-MVC\pom.xml.
2025-02-03 16:16:56,415 [Worker-38: Updating Maven Project] INFO  o.e.m.j.i.AbstractJavaProjectConfigurator - Adding source folder /14-Spring-MVC/src/main/java
2025-02-03 16:16:56,417 [Worker-38: Updating Maven Project] INFO  o.e.m.j.i.AbstractJavaProjectConfigurator - Adding resource folder /14-Spring-MVC/src/main/resources
2025-02-03 16:16:56,418 [Worker-38: Updating Maven Project] INFO  o.e.m.j.i.AbstractJavaProjectConfigurator - Adding resource folder /14-Spring-MVC/src/main/resources
2025-02-03 16:16:56,418 [Worker-38: Updating Maven Project] INFO  o.e.m.j.i.AbstractJavaProjectConfigurator - Adding source folder /14-Spring-MVC/src/test/java
2025-02-03 16:16:56,418 [Worker-38: Updating Maven Project] INFO  o.e.m.j.i.AbstractJavaProjectConfigurator - Adding resource folder /14-Spring-MVC/src/test/resources
2025-02-03 16:16:56,849 [Worker-38: Updating Maven Project] INFO  o.e.m.w.i.f.ResourceFilteringBuildParticipant - Cleaning filtered folder for 14-Spring-MVC
2025-02-03 16:16:56,864 [Worker-38: Updating Maven Project] INFO  o.e.m.c.i.p.ProjectConfigurationManager - Update completed for 1 poms: local refresh takes 0.00 sec, refresh facades takes 0.00 sec, update config takes 0.00 sec 
2025-02-03 16:16:57,232 [Worker-38: Building] INFO  o.a.m.s.f.DefaultMavenResourcesFiltering - Copying 1 resource from src\main\resources to target\classes
2025-02-03 16:16:57,269 [Worker-38: Building] INFO  o.a.m.s.f.DefaultMavenResourcesFiltering - Copying 0 resource from src\main\resources to target\classes
2025-02-03 16:16:57,275 [Worker-38: Building] INFO  o.a.m.s.f.DefaultMavenResourcesFiltering - skip non existing resourceDirectory C:\Users\surajendra\Work_Requests\Eclipse_Workspace\Spring\Test\14-Spring-MVC\src\test\resources
2025-02-03 16:16:57,276 [Worker-38: Building] INFO  o.e.m.w.i.f.ResourceFilteringBuildParticipant - Changed resources require a complete clean of filtered resources of 14-Spring-MVC
2025-02-03 16:16:57,276 [Worker-38: Building] INFO  o.e.m.w.i.f.ResourceFilteringBuildParticipant - Executing resource filtering for 14-Spring-MVC
2025-02-03 16:17:42,127 [Worker-5: Loading available Gradle versions] INFO  o.e.b.c.i.u.g.PublishedGradleVersions - Gradle version information cache is up-to-date. Trying to read.
2025-02-03 16:21:51,993 [Worker-0: Building] INFO  o.a.m.s.f.DefaultMavenResourcesFiltering - Copying 1 resource from src\main\resources to target\classes
2025-02-03 16:21:52,010 [Worker-0: Building] INFO  o.a.m.s.f.DefaultMavenResourcesFiltering - Copying 0 resource from src\main\resources to target\classes
2025-02-03 16:21:52,015 [Worker-0: Building] INFO  o.a.m.s.f.DefaultMavenResourcesFiltering - skip non existing resourceDirectory C:\Users\surajendra\Work_Requests\Eclipse_Workspace\Spring\Test\14-Spring-MVC\src\test\resources
2025-02-03 16:24:11,569 [Worker-17: Building] INFO  o.a.m.s.f.DefaultMavenResourcesFiltering - Copying 0 resource from src\main\resources to target\classes
2025-02-03 16:24:11,569 [Worker-17: Building] INFO  o.a.m.s.f.DefaultMavenResourcesFiltering - Copying 0 resource from src\main\resources to target\classes
2025-02-03 16:24:11,576 [Worker-17: Building] INFO  o.a.m.s.f.DefaultMavenResourcesFiltering - skip non existing resourceDirectory C:\Users\surajendra\Work_Requests\Eclipse_Workspace\Spring\Test\14-Spring-MVC\src\test\resources
2025-02-03 16:25:06,415 [Worker-18: Building] INFO  o.a.m.s.f.DefaultMavenResourcesFiltering - Copying 0 resource from src\main\resources to target\classes
2025-02-03 16:25:06,418 [Worker-18: Building] INFO  o.a.m.s.f.DefaultMavenResourcesFiltering - Copying 0 resource from src\main\resources to target\classes
2025-02-03 16:25:06,424 [Worker-18: Building] INFO  o.a.m.s.f.DefaultMavenResourcesFiltering - skip non existing resourceDirectory C:\Users\surajendra\Work_Requests\Eclipse_Workspace\Spring\Test\14-Spring-MVC\src\test\resources
2025-02-03 17:14:29,416 [Worker-21: Building] INFO  o.a.m.s.f.DefaultMavenResourcesFiltering - Copying 1 resource from src\main\resources to target\classes
2025-02-03 17:14:29,424 [Worker-21: Building] INFO  o.a.m.s.f.DefaultMavenResourcesFiltering - Copying 0 resource from src\main\resources to target\classes
2025-02-03 17:14:29,426 [Worker-21: Building] INFO  o.a.m.s.f.DefaultMavenResourcesFiltering - skip non existing resourceDirectory C:\Users\surajendra\Work_Requests\Eclipse_Workspace\Spring\Test\14-Spring-MVC\src\test\resources
2025-02-03 17:15:35,088 [Worker-19: Building] INFO  o.a.m.s.f.DefaultMavenResourcesFiltering - Copying 1 resource from src\main\resources to target\classes
2025-02-03 17:15:35,094 [Worker-19: Building] INFO  o.a.m.s.f.DefaultMavenResourcesFiltering - Copying 0 resource from src\main\resources to target\classes
2025-02-03 17:15:35,097 [Worker-19: Building] INFO  o.a.m.s.f.DefaultMavenResourcesFiltering - skip non existing resourceDirectory C:\Users\surajendra\Work_Requests\Eclipse_Workspace\Spring\Test\14-Spring-MVC\src\test\resources
2025-02-03 17:15:52,553 [Worker-18: Building] INFO  o.a.m.s.f.DefaultMavenResourcesFiltering - Copying 0 resource from src\main\resources to target\classes
2025-02-03 17:15:52,553 [Worker-18: Building] INFO  o.a.m.s.f.DefaultMavenResourcesFiltering - Copying 0 resource from src\main\resources to target\classes
2025-02-03 17:15:52,555 [Worker-18: Building] INFO  o.a.m.s.f.DefaultMavenResourcesFiltering - skip non existing resourceDirectory C:\Users\surajendra\Work_Requests\Eclipse_Workspace\Spring\Test\14-Spring-MVC\src\test\resources
2025-02-03 17:16:08,057 [Worker-24: Building] INFO  o.a.m.s.f.DefaultMavenResourcesFiltering - Copying 0 resource from src\main\resources to target\classes
2025-02-03 17:16:08,057 [Worker-24: Building] INFO  o.a.m.s.f.DefaultMavenResourcesFiltering - Copying 0 resource from src\main\resources to target\classes
2025-02-03 17:16:08,060 [Worker-24: Building] INFO  o.a.m.s.f.DefaultMavenResourcesFiltering - skip non existing resourceDirectory C:\Users\surajendra\Work_Requests\Eclipse_Workspace\Spring\Test\14-Spring-MVC\src\test\resources
2025-02-03 18:24:39,930 [Worker-18: Building] INFO  o.a.m.s.f.DefaultMavenResourcesFiltering - Copying 0 resource from src\main\resources to target\classes
2025-02-03 18:24:39,938 [Worker-18: Building] INFO  o.a.m.s.f.DefaultMavenResourcesFiltering - Copying 0 resource from src\main\resources to target\classes
2025-02-03 18:24:39,945 [Worker-18: Building] INFO  o.a.m.s.f.DefaultMavenResourcesFiltering - skip non existing resourceDirectory C:\Users\surajendra\Work_Requests\Eclipse_Workspace\Spring\Test\14-Spring-MVC\src\test\resources
2025-02-03 18:24:44,505 [Worker-28: Launching 14-Spring-MVC - Application] INFO  o.a.m.s.f.DefaultMavenResourcesFiltering - Copying 1 resource from src\main\resources to target\classes
2025-02-03 18:24:44,601 [Worker-28: Launching 14-Spring-MVC - Application] INFO  o.a.m.s.f.DefaultMavenResourcesFiltering - Copying 0 resource from src\main\resources to target\classes
2025-02-03 18:24:44,605 [Worker-28: Launching 14-Spring-MVC - Application] INFO  o.a.m.s.f.DefaultMavenResourcesFiltering - skip non existing resourceDirectory C:\Users\surajendra\Work_Requests\Eclipse_Workspace\Spring\Test\14-Spring-MVC\src\test\resources
2025-02-03 18:26:02,196 [Worker-26: Building] INFO  o.a.m.s.f.DefaultMavenResourcesFiltering - Copying 1 resource from src\main\resources to target\classes
2025-02-03 18:26:02,258 [Worker-26: Building] INFO  o.a.m.s.f.DefaultMavenResourcesFiltering - Copying 0 resource from src\main\resources to target\classes
2025-02-03 18:26:02,264 [Worker-26: Building] INFO  o.a.m.s.f.DefaultMavenResourcesFiltering - skip non existing resourceDirectory C:\Users\surajendra\Work_Requests\Eclipse_Workspace\Spring\Test\14-Spring-MVC\src\test\resources
2025-02-03 18:26:57,366 [Worker-18: Building] INFO  o.a.m.s.f.DefaultMavenResourcesFiltering - Copying 1 resource from src\main\resources to target\classes
2025-02-03 18:26:57,386 [Worker-18: Building] INFO  o.a.m.s.f.DefaultMavenResourcesFiltering - Copying 0 resource from src\main\resources to target\classes
2025-02-03 18:26:57,394 [Worker-18: Building] INFO  o.a.m.s.f.DefaultMavenResourcesFiltering - skip non existing resourceDirectory C:\Users\surajendra\Work_Requests\Eclipse_Workspace\Spring\Test\14-Spring-MVC\src\test\resources
2025-02-03 18:35:10,864 [Worker-30: Building] INFO  o.a.m.s.f.DefaultMavenResourcesFiltering - Copying 1 resource from src\main\resources to target\classes
2025-02-03 18:35:10,910 [Worker-30: Building] INFO  o.a.m.s.f.DefaultMavenResourcesFiltering - Copying 0 resource from src\main\resources to target\classes
2025-02-03 18:35:10,914 [Worker-30: Building] INFO  o.a.m.s.f.DefaultMavenResourcesFiltering - skip non existing resourceDirectory C:\Users\surajendra\Work_Requests\Eclipse_Workspace\Spring\Test\14-Spring-MVC\src\test\resources
2025-02-03 18:35:38,334 [Worker-32: Building] INFO  o.a.m.s.f.DefaultMavenResourcesFiltering - Copying 1 resource from src\main\resources to target\classes
2025-02-03 18:35:38,396 [Worker-32: Building] INFO  o.a.m.s.f.DefaultMavenResourcesFiltering - Copying 0 resource from src\main\resources to target\classes
2025-02-03 18:35:38,399 [Worker-32: Building] INFO  o.a.m.s.f.DefaultMavenResourcesFiltering - skip non existing resourceDirectory C:\Users\surajendra\Work_Requests\Eclipse_Workspace\Spring\Test\14-Spring-MVC\src\test\resources
2025-02-03 19:58:17,153 [Worker-47: Import Getting Started Content] INFO  o.e.m.c.i.l.LifecycleMappingFactory - Using org.maven.ide.eclipse.wtp.WarLifecycleMapping lifecycle mapping for MavenProject: com.in.akshay:09-Spring-DataJPA_TimeStamps:0.0.1-SNAPSHOT @ C:\Users\surajendra\Work_Requests\Eclipse_Workspace\Spring\Test\15-Spring-Web_MVC_Mulitple_Controllers\pom.xml.
2025-02-03 19:58:18,574 [Worker-47: Import Getting Started Content] INFO  o.e.m.j.i.AbstractJavaProjectConfigurator - Adding source folder /15-Spring-Web_MVC_Mulitple_Controllers/src/main/java
2025-02-03 19:58:18,576 [Worker-47: Import Getting Started Content] INFO  o.e.m.j.i.AbstractJavaProjectConfigurator - Adding resource folder /15-Spring-Web_MVC_Mulitple_Controllers/src/main/resources
2025-02-03 19:58:18,584 [Worker-47: Import Getting Started Content] INFO  o.e.m.j.i.AbstractJavaProjectConfigurator - Adding resource folder /15-Spring-Web_MVC_Mulitple_Controllers/src/main/resources
2025-02-03 19:58:18,591 [Worker-47: Import Getting Started Content] INFO  o.e.m.j.i.AbstractJavaProjectConfigurator - Adding source folder /15-Spring-Web_MVC_Mulitple_Controllers/src/test/java
2025-02-03 19:58:18,593 [Worker-47: Import Getting Started Content] INFO  o.e.m.j.i.AbstractJavaProjectConfigurator - Adding resource folder /15-Spring-Web_MVC_Mulitple_Controllers/src/test/resources
2025-02-03 19:58:19,779 [Worker-47: Import Getting Started Content] INFO  o.e.m.c.i.p.ProjectConfigurationManager - Imported and configured 1 project(s) in 3 sec
2025-02-03 19:58:19,785 [Worker-47: Import Getting Started Content] INFO  o.e.m.c.i.p.ProjectConfigurationManager - Update started
2025-02-03 19:58:20,152 [Worker-47: Import Getting Started Content] INFO  o.e.m.c.i.l.LifecycleMappingFactory - Using org.maven.ide.eclipse.wtp.WarLifecycleMapping lifecycle mapping for MavenProject: com.in.akshay:09-Spring-DataJPA_TimeStamps:0.0.1-SNAPSHOT @ C:\Users\surajendra\Work_Requests\Eclipse_Workspace\Spring\Test\15-Spring-Web_MVC_Mulitple_Controllers\pom.xml.
2025-02-03 19:58:20,763 [Worker-47: Import Getting Started Content] INFO  o.e.m.j.i.AbstractJavaProjectConfigurator - Adding source folder /15-Spring-Web_MVC_Mulitple_Controllers/src/main/java
2025-02-03 19:58:20,764 [Worker-47: Import Getting Started Content] INFO  o.e.m.j.i.AbstractJavaProjectConfigurator - Adding resource folder /15-Spring-Web_MVC_Mulitple_Controllers/src/main/resources
2025-02-03 19:58:20,765 [Worker-47: Import Getting Started Content] INFO  o.e.m.j.i.AbstractJavaProjectConfigurator - Adding resource folder /15-Spring-Web_MVC_Mulitple_Controllers/src/main/resources
2025-02-03 19:58:20,765 [Worker-47: Import Getting Started Content] INFO  o.e.m.j.i.AbstractJavaProjectConfigurator - Adding source folder /15-Spring-Web_MVC_Mulitple_Controllers/src/test/java
2025-02-03 19:58:20,765 [Worker-47: Import Getting Started Content] INFO  o.e.m.j.i.AbstractJavaProjectConfigurator - Adding resource folder /15-Spring-Web_MVC_Mulitple_Controllers/src/test/resources
2025-02-03 19:58:21,202 [Worker-47: Import Getting Started Content] INFO  o.e.m.w.i.f.ResourceFilteringBuildParticipant - Cleaning filtered folder for 15-Spring-Web_MVC_Mulitple_Controllers
2025-02-03 19:58:21,222 [Worker-47: Import Getting Started Content] INFO  o.e.m.c.i.p.ProjectConfigurationManager - Update completed for 1 poms: local refresh takes 0.00 sec, refresh facades takes 0.00 sec, update config takes 0.00 sec 
2025-02-03 19:58:21,660 [Worker-46: Building] INFO  o.a.m.s.f.DefaultMavenResourcesFiltering - Copying 1 resource from src\main\resources to target\classes
2025-02-03 19:58:21,683 [Worker-46: Building] INFO  o.a.m.s.f.DefaultMavenResourcesFiltering - Copying 0 resource from src\main\resources to target\classes
2025-02-03 19:58:21,688 [Worker-46: Building] INFO  o.a.m.s.f.DefaultMavenResourcesFiltering - skip non existing resourceDirectory C:\Users\surajendra\Work_Requests\Eclipse_Workspace\Spring\Test\15-Spring-Web_MVC_Mulitple_Controllers\src\test\resources
2025-02-03 19:58:21,688 [Worker-46: Building] INFO  o.e.m.w.i.f.ResourceFilteringBuildParticipant - Changed resources require a complete clean of filtered resources of 15-Spring-Web_MVC_Mulitple_Controllers
2025-02-03 19:58:21,690 [Worker-46: Building] INFO  o.e.m.w.i.f.ResourceFilteringBuildParticipant - Executing resource filtering for 15-Spring-Web_MVC_Mulitple_Controllers
2025-02-03 19:58:49,364 [Worker-47: Building] INFO  o.e.m.c.i.l.LifecycleMappingFactory - Using org.maven.ide.eclipse.wtp.WarLifecycleMapping lifecycle mapping for MavenProject: com.in.akshay:09-Spring-DataJPA_TimeStamps:0.0.1-SNAPSHOT @ C:\Users\surajendra\Work_Requests\Eclipse_Workspace\Spring\Test\15-Spring-Web_MVC_Mulitple_Controllers\pom.xml.
2025-02-03 19:58:49,858 [Worker-47: Building] INFO  o.e.m.c.i.e.AbstractTransferListenerAdapter - Downloading https://repo.maven.apache.org/maven2/org/apache/tomcat/tomcat-annotations-api/10.1.34/tomcat-annotations-api-10.1.34.jar
2025-02-03 19:58:49,881 [Worker-47: Building] INFO  o.e.m.c.i.e.AbstractTransferListenerAdapter - Downloaded https://repo.maven.apache.org/maven2/org/apache/tomcat/tomcat-annotations-api/10.1.34/tomcat-annotations-api-10.1.34.jar
2025-02-03 19:58:50,306 [Worker-47: Building] INFO  o.a.m.s.f.DefaultMavenResourcesFiltering - Copying 0 resource from src\main\resources to target\classes
2025-02-03 19:58:50,307 [Worker-47: Building] INFO  o.a.m.s.f.DefaultMavenResourcesFiltering - Copying 0 resource from src\main\resources to target\classes
2025-02-03 19:58:50,310 [Worker-47: Building] INFO  o.a.m.s.f.DefaultMavenResourcesFiltering - skip non existing resourceDirectory C:\Users\surajendra\Work_Requests\Eclipse_Workspace\Spring\Test\15-Spring-Web_MVC_Mulitple_Controllers\src\test\resources
2025-02-03 19:58:50,311 [Worker-47: Building] INFO  o.e.m.w.i.f.ResourceFilteringBuildParticipant - Changed resources require a complete clean of filtered resources of 15-Spring-Web_MVC_Mulitple_Controllers
2025-02-03 19:58:50,311 [Worker-47: Building] INFO  o.e.m.w.i.f.ResourceFilteringBuildParticipant - Executing resource filtering for 15-Spring-Web_MVC_Mulitple_Controllers
2025-02-03 19:58:51,092 [Worker-47: Download sources and javadoc] INFO  o.e.m.c.i.e.AbstractTransferListenerAdapter - Downloading https://repo.maven.apache.org/maven2/org/apache/tomcat/tomcat-annotations-api/10.1.34/tomcat-annotations-api-10.1.34-sources.jar
2025-02-03 19:58:51,120 [Worker-47: Download sources and javadoc] INFO  o.e.m.c.i.e.AbstractTransferListenerAdapter - Downloaded https://repo.maven.apache.org/maven2/org/apache/tomcat/tomcat-annotations-api/10.1.34/tomcat-annotations-api-10.1.34-sources.jar
2025-02-03 19:58:51,133 [Worker-47: Download sources and javadoc] INFO  o.e.m.j.internal.DownloadSourcesJob - Downloaded sources for org.apache.tomcat:tomcat-annotations-api:10.1.34
2025-02-03 19:58:51,620 [Worker-52: Building] INFO  o.a.m.s.f.DefaultMavenResourcesFiltering - Copying 1 resource from src\main\resources to target\classes
2025-02-03 19:58:51,651 [Worker-52: Building] INFO  o.a.m.s.f.DefaultMavenResourcesFiltering - Copying 0 resource from src\main\resources to target\classes
2025-02-03 19:58:51,655 [Worker-52: Building] INFO  o.a.m.s.f.DefaultMavenResourcesFiltering - skip non existing resourceDirectory C:\Users\surajendra\Work_Requests\Eclipse_Workspace\Spring\Test\15-Spring-Web_MVC_Mulitple_Controllers\src\test\resources
2025-02-03 19:59:03,812 [Worker-50: Updating Maven Project] INFO  o.e.m.c.i.p.ProjectConfigurationManager - Update started
2025-02-03 19:59:04,183 [Worker-50: Updating Maven Project] INFO  o.e.m.c.i.l.LifecycleMappingFactory - Using org.maven.ide.eclipse.wtp.WarLifecycleMapping lifecycle mapping for MavenProject: com.in.akshay:09-Spring-DataJPA_TimeStamps:0.0.1-SNAPSHOT @ C:\Users\surajendra\Work_Requests\Eclipse_Workspace\Spring\Test\15-Spring-Web_MVC_Mulitple_Controllers\pom.xml.
2025-02-03 19:59:04,740 [Worker-50: Updating Maven Project] INFO  o.e.m.j.i.AbstractJavaProjectConfigurator - Adding source folder /15-Spring-Web_MVC_Mulitple_Controllers/src/main/java
2025-02-03 19:59:04,741 [Worker-50: Updating Maven Project] INFO  o.e.m.j.i.AbstractJavaProjectConfigurator - Adding resource folder /15-Spring-Web_MVC_Mulitple_Controllers/src/main/resources
2025-02-03 19:59:04,741 [Worker-50: Updating Maven Project] INFO  o.e.m.j.i.AbstractJavaProjectConfigurator - Adding resource folder /15-Spring-Web_MVC_Mulitple_Controllers/src/main/resources
2025-02-03 19:59:04,742 [Worker-50: Updating Maven Project] INFO  o.e.m.j.i.AbstractJavaProjectConfigurator - Adding source folder /15-Spring-Web_MVC_Mulitple_Controllers/src/test/java
2025-02-03 19:59:04,742 [Worker-50: Updating Maven Project] INFO  o.e.m.j.i.AbstractJavaProjectConfigurator - Adding resource folder /15-Spring-Web_MVC_Mulitple_Controllers/src/test/resources
2025-02-03 19:59:05,141 [Worker-50: Updating Maven Project] INFO  o.e.m.w.i.f.ResourceFilteringBuildParticipant - Cleaning filtered folder for 15-Spring-Web_MVC_Mulitple_Controllers
2025-02-03 19:59:05,173 [Worker-50: Updating Maven Project] INFO  o.e.m.c.i.p.ProjectConfigurationManager - Update completed for 1 poms: local refresh takes 0.00 sec, refresh facades takes 0.00 sec, update config takes 0.00 sec 
2025-02-03 19:59:05,474 [Worker-50: Building] INFO  o.a.m.s.f.DefaultMavenResourcesFiltering - Copying 1 resource from src\main\resources to target\classes
2025-02-03 19:59:05,485 [Worker-50: Building] INFO  o.a.m.s.f.DefaultMavenResourcesFiltering - Copying 0 resource from src\main\resources to target\classes
2025-02-03 19:59:05,489 [Worker-50: Building] INFO  o.a.m.s.f.DefaultMavenResourcesFiltering - skip non existing resourceDirectory C:\Users\surajendra\Work_Requests\Eclipse_Workspace\Spring\Test\15-Spring-Web_MVC_Mulitple_Controllers\src\test\resources
2025-02-03 19:59:05,490 [Worker-50: Building] INFO  o.e.m.w.i.f.ResourceFilteringBuildParticipant - Changed resources require a complete clean of filtered resources of 15-Spring-Web_MVC_Mulitple_Controllers
2025-02-03 19:59:05,490 [Worker-50: Building] INFO  o.e.m.w.i.f.ResourceFilteringBuildParticipant - Executing resource filtering for 15-Spring-Web_MVC_Mulitple_Controllers
2025-02-03 19:59:51,463 [Worker-46: Building] INFO  o.a.m.s.f.DefaultMavenResourcesFiltering - Copying 1 resource from src\main\resources to target\classes
2025-02-03 19:59:51,477 [Worker-46: Building] INFO  o.a.m.s.f.DefaultMavenResourcesFiltering - Copying 0 resource from src\main\resources to target\classes
2025-02-03 19:59:51,483 [Worker-46: Building] INFO  o.a.m.s.f.DefaultMavenResourcesFiltering - skip non existing resourceDirectory C:\Users\surajendra\Work_Requests\Eclipse_Workspace\Spring\Test\15-Spring-Web_MVC_Mulitple_Controllers\src\test\resources
2025-02-03 20:01:53,456 [Worker-51: Building] INFO  o.a.m.s.f.DefaultMavenResourcesFiltering - Copying 1 resource from src\main\resources to target\classes
2025-02-03 20:01:53,464 [Worker-51: Building] INFO  o.a.m.s.f.DefaultMavenResourcesFiltering - Copying 0 resource from src\main\resources to target\classes
2025-02-03 20:01:53,467 [Worker-51: Building] INFO  o.a.m.s.f.DefaultMavenResourcesFiltering - skip non existing resourceDirectory C:\Users\surajendra\Work_Requests\Eclipse_Workspace\Spring\Test\15-Spring-Web_MVC_Mulitple_Controllers\src\test\resources
2025-02-03 20:02:13,474 [Worker-52: Building] INFO  o.a.m.s.f.DefaultMavenResourcesFiltering - Copying 1 resource from src\main\resources to target\classes
2025-02-03 20:02:13,479 [Worker-52: Building] INFO  o.a.m.s.f.DefaultMavenResourcesFiltering - Copying 0 resource from src\main\resources to target\classes
2025-02-03 20:02:13,481 [Worker-52: Building] INFO  o.a.m.s.f.DefaultMavenResourcesFiltering - skip non existing resourceDirectory C:\Users\surajendra\Work_Requests\Eclipse_Workspace\Spring\Test\15-Spring-Web_MVC_Mulitple_Controllers\src\test\resources
2025-02-03 20:03:31,876 [Worker-49: Building] INFO  o.a.m.s.f.DefaultMavenResourcesFiltering - Copying 1 resource from src\main\resources to target\classes
2025-02-03 20:03:31,895 [Worker-49: Building] INFO  o.a.m.s.f.DefaultMavenResourcesFiltering - Copying 0 resource from src\main\resources to target\classes
2025-02-03 20:03:31,899 [Worker-49: Building] INFO  o.a.m.s.f.DefaultMavenResourcesFiltering - skip non existing resourceDirectory C:\Users\surajendra\Work_Requests\Eclipse_Workspace\Spring\Test\15-Spring-Web_MVC_Mulitple_Controllers\src\test\resources
2025-02-03 20:04:35,390 [Worker-47: Building] INFO  o.a.m.s.f.DefaultMavenResourcesFiltering - Copying 0 resource from src\main\resources to target\classes
2025-02-03 20:04:35,391 [Worker-47: Building] INFO  o.a.m.s.f.DefaultMavenResourcesFiltering - Copying 0 resource from src\main\resources to target\classes
2025-02-03 20:04:35,394 [Worker-47: Building] INFO  o.a.m.s.f.DefaultMavenResourcesFiltering - skip non existing resourceDirectory C:\Users\surajendra\Work_Requests\Eclipse_Workspace\Spring\Test\15-Spring-Web_MVC_Mulitple_Controllers\src\test\resources
2025-02-03 20:05:38,530 [Worker-51: Building] INFO  o.a.m.s.f.DefaultMavenResourcesFiltering - Copying 0 resource from src\main\resources to target\classes
2025-02-03 20:05:38,531 [Worker-51: Building] INFO  o.a.m.s.f.DefaultMavenResourcesFiltering - Copying 0 resource from src\main\resources to target\classes
2025-02-03 20:05:38,535 [Worker-51: Building] INFO  o.a.m.s.f.DefaultMavenResourcesFiltering - skip non existing resourceDirectory C:\Users\surajendra\Work_Requests\Eclipse_Workspace\Spring\Test\15-Spring-Web_MVC_Mulitple_Controllers\src\test\resources
2025-02-03 20:05:42,853 [Worker-51: Updating Maven Dependencies] INFO  o.e.m.c.i.l.LifecycleMappingFactory - Using org.maven.ide.eclipse.wtp.WarLifecycleMapping lifecycle mapping for MavenProject: com.in.akshay:09-Spring-DataJPA_TimeStamps:0.0.1-SNAPSHOT @ C:\Users\surajendra\Work_Requests\Eclipse_Workspace\Spring\Test\14-Spring-MVC\pom.xml.
2025-02-03 20:06:10,575 [Worker-49: Building] INFO  o.a.m.s.f.DefaultMavenResourcesFiltering - Copying 1 resource from src\main\resources to target\classes
2025-02-03 20:06:10,585 [Worker-49: Building] INFO  o.a.m.s.f.DefaultMavenResourcesFiltering - Copying 0 resource from src\main\resources to target\classes
2025-02-03 20:06:10,588 [Worker-49: Building] INFO  o.a.m.s.f.DefaultMavenResourcesFiltering - skip non existing resourceDirectory C:\Users\surajendra\Work_Requests\Eclipse_Workspace\Spring\Test\15-Spring-Web_MVC_Mulitple_Controllers\src\test\resources
2025-02-03 20:08:04,120 [Worker-46: Building] INFO  o.a.m.s.f.DefaultMavenResourcesFiltering - Copying 1 resource from src\main\resources to target\classes
2025-02-03 20:08:04,125 [Worker-46: Building] INFO  o.a.m.s.f.DefaultMavenResourcesFiltering - Copying 0 resource from src\main\resources to target\classes
2025-02-03 20:08:04,128 [Worker-46: Building] INFO  o.a.m.s.f.DefaultMavenResourcesFiltering - skip non existing resourceDirectory C:\Users\surajendra\Work_Requests\Eclipse_Workspace\Spring\Test\15-Spring-Web_MVC_Mulitple_Controllers\src\test\resources
2025-02-03 20:08:37,302 [Worker-50: Building] INFO  o.a.m.s.f.DefaultMavenResourcesFiltering - Copying 1 resource from src\main\resources to target\classes
2025-02-03 20:08:37,307 [Worker-50: Building] INFO  o.a.m.s.f.DefaultMavenResourcesFiltering - Copying 0 resource from src\main\resources to target\classes
2025-02-03 20:08:37,310 [Worker-50: Building] INFO  o.a.m.s.f.DefaultMavenResourcesFiltering - skip non existing resourceDirectory C:\Users\surajendra\Work_Requests\Eclipse_Workspace\Spring\Test\15-Spring-Web_MVC_Mulitple_Controllers\src\test\resources
2025-02-03 20:08:47,556 [Worker-51: Building] INFO  o.a.m.s.f.DefaultMavenResourcesFiltering - Copying 1 resource from src\main\resources to target\classes
2025-02-03 20:08:47,562 [Worker-51: Building] INFO  o.a.m.s.f.DefaultMavenResourcesFiltering - Copying 0 resource from src\main\resources to target\classes
2025-02-03 20:08:47,565 [Worker-51: Building] INFO  o.a.m.s.f.DefaultMavenResourcesFiltering - skip non existing resourceDirectory C:\Users\surajendra\Work_Requests\Eclipse_Workspace\Spring\Test\15-Spring-Web_MVC_Mulitple_Controllers\src\test\resources
2025-02-03 20:09:28,724 [Worker-51: Building] INFO  o.a.m.s.f.DefaultMavenResourcesFiltering - Copying 1 resource from src\main\resources to target\classes
2025-02-03 20:09:28,731 [Worker-51: Building] INFO  o.a.m.s.f.DefaultMavenResourcesFiltering - Copying 0 resource from src\main\resources to target\classes
2025-02-03 20:09:28,735 [Worker-51: Building] INFO  o.a.m.s.f.DefaultMavenResourcesFiltering - skip non existing resourceDirectory C:\Users\surajendra\Work_Requests\Eclipse_Workspace\Spring\Test\15-Spring-Web_MVC_Mulitple_Controllers\src\test\resources
2025-02-03 20:10:12,944 [Worker-49: Building] INFO  o.a.m.s.f.DefaultMavenResourcesFiltering - Copying 1 resource from src\main\resources to target\classes
2025-02-03 20:10:12,964 [Worker-49: Building] INFO  o.a.m.s.f.DefaultMavenResourcesFiltering - Copying 0 resource from src\main\resources to target\classes
2025-02-03 20:10:12,977 [Worker-49: Building] INFO  o.a.m.s.f.DefaultMavenResourcesFiltering - skip non existing resourceDirectory C:\Users\surajendra\Work_Requests\Eclipse_Workspace\Spring\Test\15-Spring-Web_MVC_Mulitple_Controllers\src\test\resources
2025-02-03 20:11:09,798 [Worker-50: Building] INFO  o.e.m.c.i.l.LifecycleMappingFactory - Using org.maven.ide.eclipse.wtp.WarLifecycleMapping lifecycle mapping for MavenProject: com.in.akshay:09-Spring-DataJPA_TimeStamps:0.0.1-SNAPSHOT @ C:\Users\surajendra\Work_Requests\Eclipse_Workspace\Spring\Test\15-Spring-Web_MVC_Mulitple_Mappings\pom.xml.
2025-02-03 20:11:10,549 [Worker-50: Building] INFO  o.a.m.s.f.DefaultMavenResourcesFiltering - Copying 1 resource from src\main\resources to target\classes
2025-02-03 20:11:10,582 [Worker-50: Building] INFO  o.a.m.s.f.DefaultMavenResourcesFiltering - Copying 0 resource from src\main\resources to target\classes
2025-02-03 20:11:10,588 [Worker-50: Building] INFO  o.a.m.s.f.DefaultMavenResourcesFiltering - skip non existing resourceDirectory C:\Users\surajendra\Work_Requests\Eclipse_Workspace\Spring\Test\15-Spring-Web_MVC_Mulitple_Mappings\src\test\resources
2025-02-03 20:11:11,744 [Worker-56: Building] INFO  o.a.m.s.f.DefaultMavenResourcesFiltering - Copying 1 resource from src\main\resources to target\classes
2025-02-03 20:11:11,747 [Worker-56: Building] INFO  o.a.m.s.f.DefaultMavenResourcesFiltering - Copying 0 resource from src\main\resources to target\classes
2025-02-03 20:11:11,748 [Worker-56: Building] INFO  o.a.m.s.f.DefaultMavenResourcesFiltering - skip non existing resourceDirectory C:\Users\surajendra\Work_Requests\Eclipse_Workspace\Spring\Test\15-Spring-Web_MVC_Mulitple_Mappings\src\test\resources
2025-02-03 20:11:44,635 [Worker-58: Updating Maven Project] INFO  o.e.m.c.i.p.ProjectConfigurationManager - Update started
2025-02-03 20:11:45,000 [Worker-58: Updating Maven Project] INFO  o.e.m.c.i.l.LifecycleMappingFactory - Using org.maven.ide.eclipse.wtp.WarLifecycleMapping lifecycle mapping for MavenProject: com.in.akshay:09-Spring-DataJPA_TimeStamps:0.0.1-SNAPSHOT @ C:\Users\surajendra\Work_Requests\Eclipse_Workspace\Spring\Test\15-Spring-Web_MVC_Mulitple_Mappings\pom.xml.
2025-02-03 20:11:45,657 [Worker-58: Updating Maven Project] INFO  o.e.m.j.i.AbstractJavaProjectConfigurator - Adding source folder /15-Spring-Web_MVC_Mulitple_Mappings/src/main/java
2025-02-03 20:11:45,657 [Worker-58: Updating Maven Project] INFO  o.e.m.j.i.AbstractJavaProjectConfigurator - Adding resource folder /15-Spring-Web_MVC_Mulitple_Mappings/src/main/resources
2025-02-03 20:11:45,658 [Worker-58: Updating Maven Project] INFO  o.e.m.j.i.AbstractJavaProjectConfigurator - Adding resource folder /15-Spring-Web_MVC_Mulitple_Mappings/src/main/resources
2025-02-03 20:11:45,658 [Worker-58: Updating Maven Project] INFO  o.e.m.j.i.AbstractJavaProjectConfigurator - Adding source folder /15-Spring-Web_MVC_Mulitple_Mappings/src/test/java
2025-02-03 20:11:45,658 [Worker-58: Updating Maven Project] INFO  o.e.m.j.i.AbstractJavaProjectConfigurator - Adding resource folder /15-Spring-Web_MVC_Mulitple_Mappings/src/test/resources
2025-02-03 20:11:46,106 [Worker-58: Updating Maven Project] INFO  o.e.m.w.i.f.ResourceFilteringBuildParticipant - Cleaning filtered folder for 15-Spring-Web_MVC_Mulitple_Mappings
2025-02-03 20:11:46,122 [Worker-58: Updating Maven Project] INFO  o.e.m.c.i.p.ProjectConfigurationManager - Update completed for 1 poms: local refresh takes 0.00 sec, refresh facades takes 0.00 sec, update config takes 0.00 sec 
2025-02-03 20:11:46,356 [Worker-56: Building] INFO  o.a.m.s.f.DefaultMavenResourcesFiltering - Copying 1 resource from src\main\resources to target\classes
2025-02-03 20:11:46,367 [Worker-56: Building] INFO  o.a.m.s.f.DefaultMavenResourcesFiltering - Copying 0 resource from src\main\resources to target\classes
2025-02-03 20:11:46,371 [Worker-56: Building] INFO  o.a.m.s.f.DefaultMavenResourcesFiltering - skip non existing resourceDirectory C:\Users\surajendra\Work_Requests\Eclipse_Workspace\Spring\Test\15-Spring-Web_MVC_Mulitple_Mappings\src\test\resources
2025-02-03 20:11:46,371 [Worker-56: Building] INFO  o.e.m.w.i.f.ResourceFilteringBuildParticipant - Changed resources require a complete clean of filtered resources of 15-Spring-Web_MVC_Mulitple_Mappings
2025-02-03 20:11:46,371 [Worker-56: Building] INFO  o.e.m.w.i.f.ResourceFilteringBuildParticipant - Executing resource filtering for 15-Spring-Web_MVC_Mulitple_Mappings
2025-02-03 20:11:58,929 [Worker-51: Building] INFO  o.a.m.s.f.DefaultMavenResourcesFiltering - Copying 1 resource from src\main\resources to target\classes
2025-02-03 20:11:58,936 [Worker-51: Building] INFO  o.a.m.s.f.DefaultMavenResourcesFiltering - Copying 0 resource from src\main\resources to target\classes
2025-02-03 20:11:58,939 [Worker-51: Building] INFO  o.a.m.s.f.DefaultMavenResourcesFiltering - skip non existing resourceDirectory C:\Users\surajendra\Work_Requests\Eclipse_Workspace\Spring\Test\15-Spring-Web_MVC_Mulitple_Mappings\src\test\resources
2025-02-03 20:14:38,174 [Worker-57: Building] INFO  o.a.m.s.f.DefaultMavenResourcesFiltering - Copying 1 resource from src\main\resources to target\classes
2025-02-03 20:14:38,179 [Worker-57: Building] INFO  o.a.m.s.f.DefaultMavenResourcesFiltering - Copying 0 resource from src\main\resources to target\classes
2025-02-03 20:14:38,181 [Worker-57: Building] INFO  o.a.m.s.f.DefaultMavenResourcesFiltering - skip non existing resourceDirectory C:\Users\surajendra\Work_Requests\Eclipse_Workspace\Spring\Test\15-Spring-Web_MVC_Mulitple_Mappings\src\test\resources
2025-02-03 20:15:03,186 [Worker-58: Building] INFO  o.a.m.s.f.DefaultMavenResourcesFiltering - Copying 1 resource from src\main\resources to target\classes
2025-02-03 20:15:03,197 [Worker-58: Building] INFO  o.a.m.s.f.DefaultMavenResourcesFiltering - Copying 0 resource from src\main\resources to target\classes
2025-02-03 20:15:03,201 [Worker-58: Building] INFO  o.a.m.s.f.DefaultMavenResourcesFiltering - skip non existing resourceDirectory C:\Users\surajendra\Work_Requests\Eclipse_Workspace\Spring\Test\15-Spring-Web_MVC_Mulitple_Mappings\src\test\resources
2025-02-03 20:15:39,181 [Worker-49: Building] INFO  o.a.m.s.f.DefaultMavenResourcesFiltering - Copying 0 resource from src\main\resources to target\classes
2025-02-03 20:15:39,184 [Worker-49: Building] INFO  o.a.m.s.f.DefaultMavenResourcesFiltering - Copying 0 resource from src\main\resources to target\classes
2025-02-03 20:15:39,190 [Worker-49: Building] INFO  o.a.m.s.f.DefaultMavenResourcesFiltering - skip non existing resourceDirectory C:\Users\surajendra\Work_Requests\Eclipse_Workspace\Spring\Test\15-Spring-Web_MVC_Mulitple_Mappings\src\test\resources
2025-02-03 20:16:28,475 [Worker-53: Building] INFO  o.a.m.s.f.DefaultMavenResourcesFiltering - Copying 0 resource from src\main\resources to target\classes
2025-02-03 20:16:28,478 [Worker-53: Building] INFO  o.a.m.s.f.DefaultMavenResourcesFiltering - Copying 0 resource from src\main\resources to target\classes
2025-02-03 20:16:28,481 [Worker-53: Building] INFO  o.a.m.s.f.DefaultMavenResourcesFiltering - skip non existing resourceDirectory C:\Users\surajendra\Work_Requests\Eclipse_Workspace\Spring\Test\15-Spring-Web_MVC_Mulitple_Mappings\src\test\resources
2025-02-03 20:17:07,518 [Worker-46: Building] INFO  o.a.m.s.f.DefaultMavenResourcesFiltering - Copying 1 resource from src\main\resources to target\classes
2025-02-03 20:17:07,526 [Worker-46: Building] INFO  o.a.m.s.f.DefaultMavenResourcesFiltering - Copying 0 resource from src\main\resources to target\classes
2025-02-03 20:17:07,528 [Worker-46: Building] INFO  o.a.m.s.f.DefaultMavenResourcesFiltering - skip non existing resourceDirectory C:\Users\surajendra\Work_Requests\Eclipse_Workspace\Spring\Test\15-Spring-Web_MVC_Mulitple_Mappings\src\test\resources
2025-02-03 20:17:37,149 [Worker-58: Building] INFO  o.a.m.s.f.DefaultMavenResourcesFiltering - Copying 1 resource from src\main\resources to target\classes
2025-02-03 20:17:37,156 [Worker-58: Building] INFO  o.a.m.s.f.DefaultMavenResourcesFiltering - Copying 0 resource from src\main\resources to target\classes
2025-02-03 20:17:37,158 [Worker-58: Building] INFO  o.a.m.s.f.DefaultMavenResourcesFiltering - skip non existing resourceDirectory C:\Users\surajendra\Work_Requests\Eclipse_Workspace\Spring\Test\15-Spring-Web_MVC_Mulitple_Mappings\src\test\resources
2025-02-03 20:18:25,918 [Worker-53: Building] INFO  o.a.m.s.f.DefaultMavenResourcesFiltering - Copying 1 resource from src\main\resources to target\classes
2025-02-03 20:18:25,928 [Worker-53: Building] INFO  o.a.m.s.f.DefaultMavenResourcesFiltering - Copying 0 resource from src\main\resources to target\classes
2025-02-03 20:18:25,933 [Worker-53: Building] INFO  o.a.m.s.f.DefaultMavenResourcesFiltering - skip non existing resourceDirectory C:\Users\surajendra\Work_Requests\Eclipse_Workspace\Spring\Test\15-Spring-Web_MVC_Mulitple_Mappings\src\test\resources
2025-02-03 20:22:45,002 [Worker-54: Building] INFO  o.a.m.s.f.DefaultMavenResourcesFiltering - Copying 1 resource from src\main\resources to target\classes
2025-02-03 20:22:45,012 [Worker-54: Building] INFO  o.a.m.s.f.DefaultMavenResourcesFiltering - Copying 0 resource from src\main\resources to target\classes
2025-02-03 20:22:45,016 [Worker-54: Building] INFO  o.a.m.s.f.DefaultMavenResourcesFiltering - skip non existing resourceDirectory C:\Users\surajendra\Work_Requests\Eclipse_Workspace\Spring\Test\15-Spring-Web_MVC_Mulitple_Mappings\src\test\resources
2025-02-03 20:23:06,037 [Worker-53: Building] INFO  o.a.m.s.f.DefaultMavenResourcesFiltering - Copying 1 resource from src\main\resources to target\classes
2025-02-03 20:23:06,047 [Worker-53: Building] INFO  o.a.m.s.f.DefaultMavenResourcesFiltering - Copying 0 resource from src\main\resources to target\classes
2025-02-03 20:23:06,052 [Worker-53: Building] INFO  o.a.m.s.f.DefaultMavenResourcesFiltering - skip non existing resourceDirectory C:\Users\surajendra\Work_Requests\Eclipse_Workspace\Spring\Test\15-Spring-Web_MVC_Mulitple_Mappings\src\test\resources
2025-02-03 20:23:28,980 [Worker-51: Building] INFO  o.a.m.s.f.DefaultMavenResourcesFiltering - Copying 0 resource from src\main\resources to target\classes
2025-02-03 20:23:28,982 [Worker-51: Building] INFO  o.a.m.s.f.DefaultMavenResourcesFiltering - Copying 0 resource from src\main\resources to target\classes
2025-02-03 20:23:28,986 [Worker-51: Building] INFO  o.a.m.s.f.DefaultMavenResourcesFiltering - skip non existing resourceDirectory C:\Users\surajendra\Work_Requests\Eclipse_Workspace\Spring\Test\15-Spring-Web_MVC_Mulitple_Mappings\src\test\resources
2025-02-03 20:24:29,120 [Worker-51: Building] INFO  o.a.m.s.f.DefaultMavenResourcesFiltering - Copying 0 resource from src\main\resources to target\classes
2025-02-03 20:24:29,121 [Worker-51: Building] INFO  o.a.m.s.f.DefaultMavenResourcesFiltering - Copying 0 resource from src\main\resources to target\classes
2025-02-03 20:24:29,124 [Worker-51: Building] INFO  o.a.m.s.f.DefaultMavenResourcesFiltering - skip non existing resourceDirectory C:\Users\surajendra\Work_Requests\Eclipse_Workspace\Spring\Test\15-Spring-Web_MVC_Mulitple_Mappings\src\test\resources
2025-02-03 20:26:46,409 [Worker-54: Import Getting Started Content] INFO  o.e.m.c.i.l.LifecycleMappingFactory - Using org.maven.ide.eclipse.wtp.WarLifecycleMapping lifecycle mapping for MavenProject: com.in.akshay:09-Spring-DataJPA_TimeStamps:0.0.1-SNAPSHOT @ C:\Users\surajendra\Work_Requests\Eclipse_Workspace\Spring\Test\16-Spring-Web_MVC_Mulitple_Controllers\pom.xml.
2025-02-03 20:26:46,886 [Worker-54: Import Getting Started Content] INFO  o.e.m.j.i.AbstractJavaProjectConfigurator - Adding source folder /16-Spring-Web_MVC_Mulitple_Controllers/src/main/java
2025-02-03 20:26:46,887 [Worker-54: Import Getting Started Content] INFO  o.e.m.j.i.AbstractJavaProjectConfigurator - Adding resource folder /16-Spring-Web_MVC_Mulitple_Controllers/src/main/resources
2025-02-03 20:26:46,894 [Worker-54: Import Getting Started Content] INFO  o.e.m.j.i.AbstractJavaProjectConfigurator - Adding resource folder /16-Spring-Web_MVC_Mulitple_Controllers/src/main/resources
2025-02-03 20:26:46,903 [Worker-54: Import Getting Started Content] INFO  o.e.m.j.i.AbstractJavaProjectConfigurator - Adding source folder /16-Spring-Web_MVC_Mulitple_Controllers/src/test/java
2025-02-03 20:26:46,905 [Worker-54: Import Getting Started Content] INFO  o.e.m.j.i.AbstractJavaProjectConfigurator - Adding resource folder /16-Spring-Web_MVC_Mulitple_Controllers/src/test/resources
2025-02-03 20:26:48,169 [Worker-54: Import Getting Started Content] INFO  o.e.m.c.i.p.ProjectConfigurationManager - Imported and configured 1 project(s) in 2 sec
2025-02-03 20:26:48,172 [Worker-54: Import Getting Started Content] INFO  o.e.m.c.i.p.ProjectConfigurationManager - Update started
2025-02-03 20:26:48,479 [Worker-54: Import Getting Started Content] INFO  o.e.m.c.i.l.LifecycleMappingFactory - Using org.maven.ide.eclipse.wtp.WarLifecycleMapping lifecycle mapping for MavenProject: com.in.akshay:09-Spring-DataJPA_TimeStamps:0.0.1-SNAPSHOT @ C:\Users\surajendra\Work_Requests\Eclipse_Workspace\Spring\Test\16-Spring-Web_MVC_Mulitple_Controllers\pom.xml.
2025-02-03 20:26:48,906 [Worker-54: Import Getting Started Content] INFO  o.e.m.j.i.AbstractJavaProjectConfigurator - Adding source folder /16-Spring-Web_MVC_Mulitple_Controllers/src/main/java
2025-02-03 20:26:48,907 [Worker-54: Import Getting Started Content] INFO  o.e.m.j.i.AbstractJavaProjectConfigurator - Adding resource folder /16-Spring-Web_MVC_Mulitple_Controllers/src/main/resources
2025-02-03 20:26:48,907 [Worker-54: Import Getting Started Content] INFO  o.e.m.j.i.AbstractJavaProjectConfigurator - Adding resource folder /16-Spring-Web_MVC_Mulitple_Controllers/src/main/resources
2025-02-03 20:26:48,908 [Worker-54: Import Getting Started Content] INFO  o.e.m.j.i.AbstractJavaProjectConfigurator - Adding source folder /16-Spring-Web_MVC_Mulitple_Controllers/src/test/java
2025-02-03 20:26:48,908 [Worker-54: Import Getting Started Content] INFO  o.e.m.j.i.AbstractJavaProjectConfigurator - Adding resource folder /16-Spring-Web_MVC_Mulitple_Controllers/src/test/resources
2025-02-03 20:26:49,289 [Worker-54: Import Getting Started Content] INFO  o.e.m.w.i.f.ResourceFilteringBuildParticipant - Cleaning filtered folder for 16-Spring-Web_MVC_Mulitple_Controllers
2025-02-03 20:26:49,307 [Worker-54: Import Getting Started Content] INFO  o.e.m.c.i.p.ProjectConfigurationManager - Update completed for 1 poms: local refresh takes 0.00 sec, refresh facades takes 0.00 sec, update config takes 0.00 sec 
2025-02-03 20:26:49,649 [Worker-51: Building] INFO  o.a.m.s.f.DefaultMavenResourcesFiltering - Copying 1 resource from src\main\resources to target\classes
2025-02-03 20:26:49,659 [Worker-51: Building] INFO  o.a.m.s.f.DefaultMavenResourcesFiltering - Copying 0 resource from src\main\resources to target\classes
2025-02-03 20:26:49,662 [Worker-51: Building] INFO  o.a.m.s.f.DefaultMavenResourcesFiltering - skip non existing resourceDirectory C:\Users\surajendra\Work_Requests\Eclipse_Workspace\Spring\Test\16-Spring-Web_MVC_Mulitple_Controllers\src\test\resources
2025-02-03 20:26:49,663 [Worker-51: Building] INFO  o.e.m.w.i.f.ResourceFilteringBuildParticipant - Changed resources require a complete clean of filtered resources of 16-Spring-Web_MVC_Mulitple_Controllers
2025-02-03 20:26:49,663 [Worker-51: Building] INFO  o.e.m.w.i.f.ResourceFilteringBuildParticipant - Executing resource filtering for 16-Spring-Web_MVC_Mulitple_Controllers
2025-02-03 20:27:57,532 [Worker-49: Building] INFO  o.a.m.s.f.DefaultMavenResourcesFiltering - Copying 1 resource from src\main\resources to target\classes
2025-02-03 20:27:57,541 [Worker-49: Building] INFO  o.a.m.s.f.DefaultMavenResourcesFiltering - Copying 0 resource from src\main\resources to target\classes
2025-02-03 20:27:57,543 [Worker-49: Building] INFO  o.a.m.s.f.DefaultMavenResourcesFiltering - skip non existing resourceDirectory C:\Users\surajendra\Work_Requests\Eclipse_Workspace\Spring\Test\15-Spring-Web_MVC_Mulitple_Mappings\src\test\resources
2025-02-03 20:29:35,579 [Worker-46: Building] INFO  o.a.m.s.f.DefaultMavenResourcesFiltering - Copying 1 resource from src\main\resources to target\classes
2025-02-03 20:29:35,585 [Worker-46: Building] INFO  o.a.m.s.f.DefaultMavenResourcesFiltering - Copying 0 resource from src\main\resources to target\classes
2025-02-03 20:29:35,588 [Worker-46: Building] INFO  o.a.m.s.f.DefaultMavenResourcesFiltering - skip non existing resourceDirectory C:\Users\surajendra\Work_Requests\Eclipse_Workspace\Spring\Test\16-Spring-Web_MVC_Mulitple_Controllers\src\test\resources
2025-02-03 20:30:14,014 [Worker-46: Building] INFO  o.a.m.s.f.DefaultMavenResourcesFiltering - Copying 1 resource from src\main\resources to target\classes
2025-02-03 20:30:14,021 [Worker-46: Building] INFO  o.a.m.s.f.DefaultMavenResourcesFiltering - Copying 0 resource from src\main\resources to target\classes
2025-02-03 20:30:14,023 [Worker-46: Building] INFO  o.a.m.s.f.DefaultMavenResourcesFiltering - skip non existing resourceDirectory C:\Users\surajendra\Work_Requests\Eclipse_Workspace\Spring\Test\16-Spring-Web_MVC_Mulitple_Controllers\src\test\resources
2025-02-03 20:32:16,650 [Worker-54: Building] INFO  o.a.m.s.f.DefaultMavenResourcesFiltering - Copying 1 resource from src\main\resources to target\classes
2025-02-03 20:32:16,784 [Worker-54: Building] INFO  o.a.m.s.f.DefaultMavenResourcesFiltering - Copying 0 resource from src\main\resources to target\classes
2025-02-03 20:32:16,793 [Worker-54: Building] INFO  o.a.m.s.f.DefaultMavenResourcesFiltering - skip non existing resourceDirectory C:\Users\surajendra\Work_Requests\Eclipse_Workspace\Spring\Test\16-Spring-Web_MVC_Mulitple_Controllers\src\test\resources
2025-02-03 20:32:56,905 [Worker-57: Building] INFO  o.a.m.s.f.DefaultMavenResourcesFiltering - Copying 0 resource from src\main\resources to target\classes
2025-02-03 20:32:56,907 [Worker-57: Building] INFO  o.a.m.s.f.DefaultMavenResourcesFiltering - Copying 0 resource from src\main\resources to target\classes
2025-02-03 20:32:56,914 [Worker-57: Building] INFO  o.a.m.s.f.DefaultMavenResourcesFiltering - skip non existing resourceDirectory C:\Users\surajendra\Work_Requests\Eclipse_Workspace\Spring\Test\16-Spring-Web_MVC_Mulitple_Controllers\src\test\resources
2025-02-03 20:33:45,429 [Worker-54: Building] INFO  o.a.m.s.f.DefaultMavenResourcesFiltering - Copying 0 resource from src\main\resources to target\classes
2025-02-03 20:33:45,431 [Worker-54: Building] INFO  o.a.m.s.f.DefaultMavenResourcesFiltering - Copying 0 resource from src\main\resources to target\classes
2025-02-03 20:33:45,439 [Worker-54: Building] INFO  o.a.m.s.f.DefaultMavenResourcesFiltering - skip non existing resourceDirectory C:\Users\surajendra\Work_Requests\Eclipse_Workspace\Spring\Test\16-Spring-Web_MVC_Mulitple_Controllers\src\test\resources
2025-02-03 20:34:23,161 [Worker-58: Building] INFO  o.a.m.s.f.DefaultMavenResourcesFiltering - Copying 1 resource from src\main\resources to target\classes
2025-02-03 20:34:23,175 [Worker-58: Building] INFO  o.a.m.s.f.DefaultMavenResourcesFiltering - Copying 0 resource from src\main\resources to target\classes
2025-02-03 20:34:23,178 [Worker-58: Building] INFO  o.a.m.s.f.DefaultMavenResourcesFiltering - skip non existing resourceDirectory C:\Users\surajendra\Work_Requests\Eclipse_Workspace\Spring\Test\16-Spring-Web_MVC_Mulitple_Controllers\src\test\resources
2025-02-03 20:36:12,846 [Worker-55: Building] INFO  o.a.m.s.f.DefaultMavenResourcesFiltering - Copying 1 resource from src\main\resources to target\classes
2025-02-03 20:36:12,854 [Worker-55: Building] INFO  o.a.m.s.f.DefaultMavenResourcesFiltering - Copying 0 resource from src\main\resources to target\classes
2025-02-03 20:36:12,856 [Worker-55: Building] INFO  o.a.m.s.f.DefaultMavenResourcesFiltering - skip non existing resourceDirectory C:\Users\surajendra\Work_Requests\Eclipse_Workspace\Spring\Test\16-Spring-Web_MVC_Mulitple_Controllers\src\test\resources
2025-02-03 20:38:55,275 [Worker-55: Building] INFO  o.e.m.c.i.l.LifecycleMappingFactory - Using org.maven.ide.eclipse.wtp.WarLifecycleMapping lifecycle mapping for MavenProject: com.in.akshay:09-Spring-DataJPA_TimeStamps:0.0.1-SNAPSHOT @ C:\Users\surajendra\Work_Requests\Eclipse_Workspace\Spring\Test\16-Spring-Web_MVC_Mulitple_Controllers\pom.xml.
2025-02-03 20:38:56,165 [Worker-55: Building] INFO  o.a.m.s.f.DefaultMavenResourcesFiltering - Copying 0 resource from src\main\resources to target\classes
2025-02-03 20:38:56,166 [Worker-55: Building] INFO  o.a.m.s.f.DefaultMavenResourcesFiltering - Copying 0 resource from src\main\resources to target\classes
2025-02-03 20:38:56,171 [Worker-55: Building] INFO  o.a.m.s.f.DefaultMavenResourcesFiltering - skip non existing resourceDirectory C:\Users\surajendra\Work_Requests\Eclipse_Workspace\Spring\Test\16-Spring-Web_MVC_Mulitple_Controllers\src\test\resources
2025-02-03 20:38:56,171 [Worker-55: Building] INFO  o.e.m.w.i.f.ResourceFilteringBuildParticipant - Changed resources require a complete clean of filtered resources of 16-Spring-Web_MVC_Mulitple_Controllers
2025-02-03 20:38:56,171 [Worker-55: Building] INFO  o.e.m.w.i.f.ResourceFilteringBuildParticipant - Executing resource filtering for 16-Spring-Web_MVC_Mulitple_Controllers
2025-02-03 20:38:57,350 [Worker-57: Building] INFO  o.a.m.s.f.DefaultMavenResourcesFiltering - Copying 1 resource from src\main\resources to target\classes
2025-02-03 20:38:57,367 [Worker-57: Building] INFO  o.a.m.s.f.DefaultMavenResourcesFiltering - Copying 0 resource from src\main\resources to target\classes
2025-02-03 20:38:57,372 [Worker-57: Building] INFO  o.a.m.s.f.DefaultMavenResourcesFiltering - skip non existing resourceDirectory C:\Users\surajendra\Work_Requests\Eclipse_Workspace\Spring\Test\16-Spring-Web_MVC_Mulitple_Controllers\src\test\resources
2025-02-03 20:39:30,000 [Worker-57: Updating Maven Project] INFO  o.e.m.c.i.p.ProjectConfigurationManager - Update started
2025-02-03 20:39:30,468 [Worker-57: Updating Maven Project] INFO  o.e.m.c.i.l.LifecycleMappingFactory - Using org.maven.ide.eclipse.wtp.WarLifecycleMapping lifecycle mapping for MavenProject: com.in.akshay:09-Spring-DataJPA_TimeStamps:0.0.1-SNAPSHOT @ C:\Users\surajendra\Work_Requests\Eclipse_Workspace\Spring\Test\16-Spring-Web_MVC_Mulitple_Controllers\pom.xml.
2025-02-03 20:39:31,190 [Worker-57: Updating Maven Project] INFO  o.e.m.j.i.AbstractJavaProjectConfigurator - Adding source folder /16-Spring-Web_MVC_Mulitple_Controllers/src/main/java
2025-02-03 20:39:31,191 [Worker-57: Updating Maven Project] INFO  o.e.m.j.i.AbstractJavaProjectConfigurator - Adding resource folder /16-Spring-Web_MVC_Mulitple_Controllers/src/main/resources
2025-02-03 20:39:31,192 [Worker-57: Updating Maven Project] INFO  o.e.m.j.i.AbstractJavaProjectConfigurator - Adding resource folder /16-Spring-Web_MVC_Mulitple_Controllers/src/main/resources
2025-02-03 20:39:31,193 [Worker-57: Updating Maven Project] INFO  o.e.m.j.i.AbstractJavaProjectConfigurator - Adding source folder /16-Spring-Web_MVC_Mulitple_Controllers/src/test/java
2025-02-03 20:39:31,193 [Worker-57: Updating Maven Project] INFO  o.e.m.j.i.AbstractJavaProjectConfigurator - Adding resource folder /16-Spring-Web_MVC_Mulitple_Controllers/src/test/resources
2025-02-03 20:39:31,840 [Worker-57: Updating Maven Project] INFO  o.e.m.w.i.f.ResourceFilteringBuildParticipant - Cleaning filtered folder for 16-Spring-Web_MVC_Mulitple_Controllers
2025-02-03 20:39:31,863 [Worker-57: Updating Maven Project] INFO  o.e.m.c.i.p.ProjectConfigurationManager - Update completed for 1 poms: local refresh takes 0.00 sec, refresh facades takes 1.00 sec, update config takes 0.00 sec 
2025-02-03 20:39:32,202 [Worker-57: Building] INFO  o.a.m.s.f.DefaultMavenResourcesFiltering - Copying 1 resource from src\main\resources to target\classes
2025-02-03 20:39:32,221 [Worker-57: Building] INFO  o.a.m.s.f.DefaultMavenResourcesFiltering - Copying 0 resource from src\main\resources to target\classes
2025-02-03 20:39:32,237 [Worker-57: Building] INFO  o.a.m.s.f.DefaultMavenResourcesFiltering - skip non existing resourceDirectory C:\Users\surajendra\Work_Requests\Eclipse_Workspace\Spring\Test\16-Spring-Web_MVC_Mulitple_Controllers\src\test\resources
2025-02-03 20:39:32,238 [Worker-57: Building] INFO  o.e.m.w.i.f.ResourceFilteringBuildParticipant - Changed resources require a complete clean of filtered resources of 16-Spring-Web_MVC_Mulitple_Controllers
2025-02-03 20:39:32,238 [Worker-57: Building] INFO  o.e.m.w.i.f.ResourceFilteringBuildParticipant - Executing resource filtering for 16-Spring-Web_MVC_Mulitple_Controllers
2025-02-03 20:40:26,981 [Worker-57: Building] INFO  o.a.m.s.f.DefaultMavenResourcesFiltering - Copying 1 resource from src\main\resources to target\classes
2025-02-03 20:40:26,990 [Worker-57: Building] INFO  o.a.m.s.f.DefaultMavenResourcesFiltering - Copying 0 resource from src\main\resources to target\classes
2025-02-03 20:40:26,993 [Worker-57: Building] INFO  o.a.m.s.f.DefaultMavenResourcesFiltering - skip non existing resourceDirectory C:\Users\surajendra\Work_Requests\Eclipse_Workspace\Spring\Test\16-Spring-Web_MVC_Mulitple_Controllers\src\test\resources
2025-02-03 20:41:07,993 [Worker-54: Building] INFO  o.a.m.s.f.DefaultMavenResourcesFiltering - Copying 1 resource from src\main\resources to target\classes
2025-02-03 20:41:07,998 [Worker-54: Building] INFO  o.a.m.s.f.DefaultMavenResourcesFiltering - Copying 0 resource from src\main\resources to target\classes
2025-02-03 20:41:08,001 [Worker-54: Building] INFO  o.a.m.s.f.DefaultMavenResourcesFiltering - skip non existing resourceDirectory C:\Users\surajendra\Work_Requests\Eclipse_Workspace\Spring\Test\16-Spring-Web_MVC_Mulitple_Controllers\src\test\resources
2025-02-03 20:43:04,885 [Worker-53: Building] INFO  o.a.m.s.f.DefaultMavenResourcesFiltering - Copying 1 resource from src\main\resources to target\classes
2025-02-03 20:43:04,889 [Worker-53: Building] INFO  o.a.m.s.f.DefaultMavenResourcesFiltering - Copying 0 resource from src\main\resources to target\classes
2025-02-03 20:43:04,891 [Worker-53: Building] INFO  o.a.m.s.f.DefaultMavenResourcesFiltering - skip non existing resourceDirectory C:\Users\surajendra\Work_Requests\Eclipse_Workspace\Spring\Test\16-Spring-Web_MVC_Mulitple_Controllers\src\test\resources
2025-02-03 20:43:14,133 [Worker-49: Building] INFO  o.a.m.s.f.DefaultMavenResourcesFiltering - Copying 1 resource from src\main\resources to target\classes
2025-02-03 20:43:14,137 [Worker-49: Building] INFO  o.a.m.s.f.DefaultMavenResourcesFiltering - Copying 0 resource from src\main\resources to target\classes
2025-02-03 20:43:14,139 [Worker-49: Building] INFO  o.a.m.s.f.DefaultMavenResourcesFiltering - skip non existing resourceDirectory C:\Users\surajendra\Work_Requests\Eclipse_Workspace\Spring\Test\16-Spring-Web_MVC_Mulitple_Controllers\src\test\resources
2025-02-03 20:43:35,465 [Worker-51: Building] INFO  o.a.m.s.f.DefaultMavenResourcesFiltering - Copying 1 resource from src\main\resources to target\classes
2025-02-03 20:43:35,469 [Worker-51: Building] INFO  o.a.m.s.f.DefaultMavenResourcesFiltering - Copying 0 resource from src\main\resources to target\classes
2025-02-03 20:43:35,471 [Worker-51: Building] INFO  o.a.m.s.f.DefaultMavenResourcesFiltering - skip non existing resourceDirectory C:\Users\surajendra\Work_Requests\Eclipse_Workspace\Spring\Test\16-Spring-Web_MVC_Mulitple_Controllers\src\test\resources
2025-02-03 20:44:51,329 [Worker-51: Building] INFO  o.a.m.s.f.DefaultMavenResourcesFiltering - Copying 1 resource from src\main\resources to target\classes
2025-02-03 20:44:51,336 [Worker-51: Building] INFO  o.a.m.s.f.DefaultMavenResourcesFiltering - Copying 0 resource from src\main\resources to target\classes
2025-02-03 20:44:51,338 [Worker-51: Building] INFO  o.a.m.s.f.DefaultMavenResourcesFiltering - skip non existing resourceDirectory C:\Users\surajendra\Work_Requests\Eclipse_Workspace\Spring\Test\16-Spring-Web_MVC_Mulitple_Controllers\src\test\resources
2025-02-03 20:46:28,889 [Worker-58: Building] INFO  o.a.m.s.f.DefaultMavenResourcesFiltering - Copying 1 resource from src\main\resources to target\classes
2025-02-03 20:46:28,894 [Worker-58: Building] INFO  o.a.m.s.f.DefaultMavenResourcesFiltering - Copying 0 resource from src\main\resources to target\classes
2025-02-03 20:46:28,895 [Worker-58: Building] INFO  o.a.m.s.f.DefaultMavenResourcesFiltering - skip non existing resourceDirectory C:\Users\surajendra\Work_Requests\Eclipse_Workspace\Spring\Test\16-Spring-Web_MVC_Mulitple_Controllers\src\test\resources
2025-02-03 20:47:09,475 [Worker-46: Building] INFO  o.a.m.s.f.DefaultMavenResourcesFiltering - Copying 0 resource from src\main\resources to target\classes
2025-02-03 20:47:09,476 [Worker-46: Building] INFO  o.a.m.s.f.DefaultMavenResourcesFiltering - Copying 0 resource from src\main\resources to target\classes
2025-02-03 20:47:09,478 [Worker-46: Building] INFO  o.a.m.s.f.DefaultMavenResourcesFiltering - skip non existing resourceDirectory C:\Users\surajendra\Work_Requests\Eclipse_Workspace\Spring\Test\16-Spring-Web_MVC_Mulitple_Controllers\src\test\resources
2025-02-03 20:47:23,643 [Worker-53: Building] INFO  o.a.m.s.f.DefaultMavenResourcesFiltering - Copying 0 resource from src\main\resources to target\classes
2025-02-03 20:47:23,644 [Worker-53: Building] INFO  o.a.m.s.f.DefaultMavenResourcesFiltering - Copying 0 resource from src\main\resources to target\classes
2025-02-03 20:47:23,646 [Worker-53: Building] INFO  o.a.m.s.f.DefaultMavenResourcesFiltering - skip non existing resourceDirectory C:\Users\surajendra\Work_Requests\Eclipse_Workspace\Spring\Test\16-Spring-Web_MVC_Mulitple_Controllers\src\test\resources
2025-02-03 20:47:38,845 [Worker-57: Building] INFO  o.a.m.s.f.DefaultMavenResourcesFiltering - Copying 0 resource from src\main\resources to target\classes
2025-02-03 20:47:38,846 [Worker-57: Building] INFO  o.a.m.s.f.DefaultMavenResourcesFiltering - Copying 0 resource from src\main\resources to target\classes
2025-02-03 20:47:38,847 [Worker-57: Building] INFO  o.a.m.s.f.DefaultMavenResourcesFiltering - skip non existing resourceDirectory C:\Users\surajendra\Work_Requests\Eclipse_Workspace\Spring\Test\16-Spring-Web_MVC_Mulitple_Controllers\src\test\resources
2025-02-03 20:47:41,061 [Worker-53: Building] INFO  o.a.m.s.f.DefaultMavenResourcesFiltering - Copying 0 resource from src\main\resources to target\classes
2025-02-03 20:47:41,061 [Worker-53: Building] INFO  o.a.m.s.f.DefaultMavenResourcesFiltering - Copying 0 resource from src\main\resources to target\classes
2025-02-03 20:47:41,063 [Worker-53: Building] INFO  o.a.m.s.f.DefaultMavenResourcesFiltering - skip non existing resourceDirectory C:\Users\surajendra\Work_Requests\Eclipse_Workspace\Spring\Test\16-Spring-Web_MVC_Mulitple_Controllers\src\test\resources
2025-02-03 20:47:50,635 [Worker-55: Building] INFO  o.a.m.s.f.DefaultMavenResourcesFiltering - Copying 0 resource from src\main\resources to target\classes
2025-02-03 20:47:50,635 [Worker-55: Building] INFO  o.a.m.s.f.DefaultMavenResourcesFiltering - Copying 0 resource from src\main\resources to target\classes
2025-02-03 20:47:50,638 [Worker-55: Building] INFO  o.a.m.s.f.DefaultMavenResourcesFiltering - skip non existing resourceDirectory C:\Users\surajendra\Work_Requests\Eclipse_Workspace\Spring\Test\16-Spring-Web_MVC_Mulitple_Controllers\src\test\resources
2025-02-03 20:47:57,401 [Worker-46: Building] INFO  o.a.m.s.f.DefaultMavenResourcesFiltering - Copying 0 resource from src\main\resources to target\classes
2025-02-03 20:47:57,401 [Worker-46: Building] INFO  o.a.m.s.f.DefaultMavenResourcesFiltering - Copying 0 resource from src\main\resources to target\classes
2025-02-03 20:47:57,403 [Worker-46: Building] INFO  o.a.m.s.f.DefaultMavenResourcesFiltering - skip non existing resourceDirectory C:\Users\surajendra\Work_Requests\Eclipse_Workspace\Spring\Test\16-Spring-Web_MVC_Mulitple_Controllers\src\test\resources
2025-02-03 20:49:46,541 [Worker-58: Building] INFO  o.a.m.s.f.DefaultMavenResourcesFiltering - Copying 0 resource from src\main\resources to target\classes
2025-02-03 20:49:46,542 [Worker-58: Building] INFO  o.a.m.s.f.DefaultMavenResourcesFiltering - Copying 0 resource from src\main\resources to target\classes
2025-02-03 20:49:46,544 [Worker-58: Building] INFO  o.a.m.s.f.DefaultMavenResourcesFiltering - skip non existing resourceDirectory C:\Users\surajendra\Work_Requests\Eclipse_Workspace\Spring\Test\16-Spring-Web_MVC_Mulitple_Controllers\src\test\resources
2025-02-03 20:49:58,309 [Worker-57: Building] INFO  o.a.m.s.f.DefaultMavenResourcesFiltering - Copying 0 resource from src\main\resources to target\classes
2025-02-03 20:49:58,310 [Worker-57: Building] INFO  o.a.m.s.f.DefaultMavenResourcesFiltering - Copying 0 resource from src\main\resources to target\classes
2025-02-03 20:49:58,312 [Worker-57: Building] INFO  o.a.m.s.f.DefaultMavenResourcesFiltering - skip non existing resourceDirectory C:\Users\surajendra\Work_Requests\Eclipse_Workspace\Spring\Test\16-Spring-Web_MVC_Mulitple_Controllers\src\test\resources
2025-02-03 20:54:30,264 [Worker-60: Building] INFO  o.a.m.s.f.DefaultMavenResourcesFiltering - Copying 0 resource from src\main\resources to target\classes
2025-02-03 20:54:30,265 [Worker-60: Building] INFO  o.a.m.s.f.DefaultMavenResourcesFiltering - Copying 0 resource from src\main\resources to target\classes
2025-02-03 20:54:30,267 [Worker-60: Building] INFO  o.a.m.s.f.DefaultMavenResourcesFiltering - skip non existing resourceDirectory C:\Users\surajendra\Work_Requests\Eclipse_Workspace\Spring\Test\16-Spring-Web_MVC_Mulitple_Controllers\src\test\resources
2025-02-03 20:54:37,577 [Worker-61: Building] INFO  o.a.m.s.f.DefaultMavenResourcesFiltering - Copying 0 resource from src\main\resources to target\classes
2025-02-03 20:54:37,577 [Worker-61: Building] INFO  o.a.m.s.f.DefaultMavenResourcesFiltering - Copying 0 resource from src\main\resources to target\classes
2025-02-03 20:54:37,579 [Worker-61: Building] INFO  o.a.m.s.f.DefaultMavenResourcesFiltering - skip non existing resourceDirectory C:\Users\surajendra\Work_Requests\Eclipse_Workspace\Spring\Test\16-Spring-Web_MVC_Mulitple_Controllers\src\test\resources
2025-02-03 20:55:14,995 [Worker-62: Building] INFO  o.a.m.s.f.DefaultMavenResourcesFiltering - Copying 0 resource from src\main\resources to target\classes
2025-02-03 20:55:14,995 [Worker-62: Building] INFO  o.a.m.s.f.DefaultMavenResourcesFiltering - Copying 0 resource from src\main\resources to target\classes
2025-02-03 20:55:14,997 [Worker-62: Building] INFO  o.a.m.s.f.DefaultMavenResourcesFiltering - skip non existing resourceDirectory C:\Users\surajendra\Work_Requests\Eclipse_Workspace\Spring\Test\16-Spring-Web_MVC_Mulitple_Controllers\src\test\resources
2025-02-03 20:55:40,203 [Worker-57: Building] INFO  o.a.m.s.f.DefaultMavenResourcesFiltering - Copying 0 resource from src\main\resources to target\classes
2025-02-03 20:55:40,204 [Worker-57: Building] INFO  o.a.m.s.f.DefaultMavenResourcesFiltering - Copying 0 resource from src\main\resources to target\classes
2025-02-03 20:55:40,206 [Worker-57: Building] INFO  o.a.m.s.f.DefaultMavenResourcesFiltering - skip non existing resourceDirectory C:\Users\surajendra\Work_Requests\Eclipse_Workspace\Spring\Test\16-Spring-Web_MVC_Mulitple_Controllers\src\test\resources
2025-02-03 20:55:43,072 [Worker-61: Building] INFO  o.a.m.s.f.DefaultMavenResourcesFiltering - Copying 0 resource from src\main\resources to target\classes
2025-02-03 20:55:43,073 [Worker-61: Building] INFO  o.a.m.s.f.DefaultMavenResourcesFiltering - Copying 0 resource from src\main\resources to target\classes
2025-02-03 20:55:43,074 [Worker-61: Building] INFO  o.a.m.s.f.DefaultMavenResourcesFiltering - skip non existing resourceDirectory C:\Users\surajendra\Work_Requests\Eclipse_Workspace\Spring\Test\16-Spring-Web_MVC_Mulitple_Controllers\src\test\resources
2025-02-03 20:56:01,388 [Worker-62: Building] INFO  o.a.m.s.f.DefaultMavenResourcesFiltering - Copying 0 resource from src\main\resources to target\classes
2025-02-03 20:56:01,389 [Worker-62: Building] INFO  o.a.m.s.f.DefaultMavenResourcesFiltering - Copying 0 resource from src\main\resources to target\classes
2025-02-03 20:56:01,391 [Worker-62: Building] INFO  o.a.m.s.f.DefaultMavenResourcesFiltering - skip non existing resourceDirectory C:\Users\surajendra\Work_Requests\Eclipse_Workspace\Spring\Test\16-Spring-Web_MVC_Mulitple_Controllers\src\test\resources
2025-02-03 20:56:05,765 [Worker-61: Building] INFO  o.a.m.s.f.DefaultMavenResourcesFiltering - Copying 0 resource from src\main\resources to target\classes
2025-02-03 20:56:05,766 [Worker-61: Building] INFO  o.a.m.s.f.DefaultMavenResourcesFiltering - Copying 0 resource from src\main\resources to target\classes
2025-02-03 20:56:05,767 [Worker-61: Building] INFO  o.a.m.s.f.DefaultMavenResourcesFiltering - skip non existing resourceDirectory C:\Users\surajendra\Work_Requests\Eclipse_Workspace\Spring\Test\16-Spring-Web_MVC_Mulitple_Controllers\src\test\resources
2025-02-03 20:58:46,497 [Worker-59: Building] INFO  o.a.m.s.f.DefaultMavenResourcesFiltering - Copying 1 resource from src\main\resources to target\classes
2025-02-03 20:58:46,503 [Worker-59: Building] INFO  o.a.m.s.f.DefaultMavenResourcesFiltering - Copying 0 resource from src\main\resources to target\classes
2025-02-03 20:58:46,505 [Worker-59: Building] INFO  o.a.m.s.f.DefaultMavenResourcesFiltering - skip non existing resourceDirectory C:\Users\surajendra\Work_Requests\Eclipse_Workspace\Spring\Test\16-Spring-Web_MVC_Mulitple_Controllers\src\test\resources
2025-02-03 21:01:49,364 [Worker-60: Building] INFO  o.a.m.s.f.DefaultMavenResourcesFiltering - Copying 1 resource from src\main\resources to target\classes
2025-02-03 21:01:49,372 [Worker-60: Building] INFO  o.a.m.s.f.DefaultMavenResourcesFiltering - Copying 0 resource from src\main\resources to target\classes
2025-02-03 21:01:49,374 [Worker-60: Building] INFO  o.a.m.s.f.DefaultMavenResourcesFiltering - skip non existing resourceDirectory C:\Users\surajendra\Work_Requests\Eclipse_Workspace\Spring\Test\16-Spring-Web_MVC_Mulitple_Controllers\src\test\resources
